paper_id,study_id,source,org_level,genus,species,temp,temp_units,response_def,response_value,response_units,gas_units,mass/area,time,error,error_type,sample_size,realm,exp_design,time_point,time_units,add_trt,add_value,ppfd,avg_ppfd,ppfd_units,metabolic_category,latitude,latitude_broad,cnidarian_type,avg_depth_m,depth_m,npp,r,gpp
nakamura2003,nakamura2003,figure 2a,pop,Acropora,pruinosa,12,C,net photosynthesis,10.68501307,umol O2 cm^-2 h^-1,umol_o2,cm^2,hr,4.965435121,SD,6,M,lab,NA,NA,season,summer,400,400,umol m^-2  s^-1,npp,34.36,NA,hermatypic coral,3.5,4-Mar,-10.68501307,-5.391705069,16.0780042
nakamura2003,nakamura2003,figure 2a,pop,Acropora,pruinosa,14,C,net photosynthesis,21.55393113,umol O2 cm^-2 h^-1,umol_o2,cm^2,hr,4.045248569,SD,6,M,lab,NA,NA,season,summer,400,400,umol m^-2  s^-1,npp,34.36,NA,hermatypic coral,3.5,4-Mar,21.55393113,-8.341013825,29.9912325
nakamura2003,nakamura2003,figure 2a,pop,Acropora,pruinosa,16,C,net photosynthesis,30.76704264,umol O2 cm^-2 h^-1,umol_o2,cm^2,hr,5.701716667,SD,6,M,lab,NA,NA,season,summer,400,400,umol m^-2  s^-1,npp,34.36,NA,hermatypic coral,3.5,4-Mar,30.76704264,-11.29032258,42.09931188
nakamura2003,nakamura2003,figure 2a,pop,Acropora,pruinosa,18,C,net photosynthesis,41.08424569,umol O2 cm^-2 h^-1,umol_o2,cm^2,hr,7.724010188,SD,6,M,lab,NA,NA,season,summer,400,400,umol m^-2  s^-1,npp,34.36,NA,hermatypic coral,3.5,4-Mar,41.08424569,-11.47465438,52.76378225
nakamura2003,nakamura2003,figure 2a,pop,Acropora,pruinosa,20,C,net photosynthesis,46.61991863,umol O2 cm^-2 h^-1,umol_o2,cm^2,hr,6.068865147,SD,6,M,lab,NA,NA,season,summer,400,400,umol m^-2  s^-1,npp,34.36,NA,hermatypic coral,3.5,4-Mar,46.61991863,-12.76497696,63.24780148
nakamura2003,nakamura2003,figure 2a,pop,Acropora,pruinosa,22,C,net photosynthesis,56.2021632,umol O2 cm^-2 h^-1,umol_o2,cm^2,hr,4.780868587,SD,6,M,lab,NA,NA,season,summer,400,400,umol m^-2  s^-1,npp,34.36,NA,hermatypic coral,3.5,4-Mar,56.2021632,-15.52995392,71.56640718
nakamura2003,nakamura2003,figure 2a,pop,Acropora,pruinosa,26,C,net photosynthesis,63.59474746,umol O2 cm^-2 h^-1,umol_o2,cm^2,hr,6.620580161,SD,6,M,lab,NA,NA,season,summer,400,400,umol m^-2  s^-1,npp,34.36,NA,hermatypic coral,3.5,4-Mar,63.59474746,-19.03225806,83.15226228
nakamura2003,nakamura2003,figure 2a,pop,Acropora,pruinosa,28,C,net photosynthesis,71.15403698,umol O2 cm^-2 h^-1,umol_o2,cm^2,hr,8.827440214,SD,6,M,lab,NA,NA,season,summer,400,400,umol m^-2  s^-1,npp,34.36,NA,hermatypic coral,3.5,4-Mar,71.15403698,-19.03225806,90.02725896
nakamura2003,nakamura2003,figure 2a,pop,Acropora,pruinosa,30,C,net photosynthesis,64.36741309,umol O2 cm^-2 h^-1,umol_o2,cm^2,hr,5.885621672,SD,6,M,lab,NA,NA,season,summer,400,400,umol m^-2  s^-1,npp,34.36,NA,hermatypic coral,3.5,4-Mar,64.36741309,-26.22119816,90.76755493
nakamura2003,nakamura2003,figure 2a,pop,Acropora,pruinosa,12,C,net photosynthesis,25.21284689,umol O2 cm^-2 h^-1,umol_o2,cm^2,hr,4.966096649,SD,6,M,lab,NA,NA,season,winter,400,400,umol m^-2  s^-1,npp,34.36,NA,hermatypic coral,3.5,4-Mar,25.21284689,-9.078341014,34.12311698
nakamura2003,nakamura2003,figure 2a,pop,Acropora,pruinosa,14,C,net photosynthesis,38.47253002,umol O2 cm^-2 h^-1,umol_o2,cm^2,hr,4.045910098,SD,6,M,lab,NA,NA,season,winter,400,400,umol m^-2  s^-1,npp,34.36,NA,hermatypic coral,3.5,4-Mar,38.47253002,-12.39631336,51.10337682
nakamura2003,nakamura2003,figure 2a,pop,Acropora,pruinosa,16,C,net photosynthesis,43.64105448,umol O2 cm^-2 h^-1,umol_o2,cm^2,hr,3.862005094,SD,6,M,lab,NA,NA,season,winter,400,400,umol m^-2  s^-1,npp,34.36,NA,hermatypic coral,3.5,4-Mar,43.64105448,-15.71428571,59.24216903
nakamura2003,nakamura2003,figure 2a,pop,Acropora,pruinosa,18,C,net photosynthesis,46.60205735,umol O2 cm^-2 h^-1,umol_o2,cm^2,hr,2.206860054,SD,6,M,lab,NA,NA,season,winter,400,400,umol m^-2  s^-1,npp,34.36,NA,hermatypic coral,3.5,4-Mar,46.60205735,-17.55760369,64.1322033
nakamura2003,nakamura2003,figure 2a,pop,Acropora,pruinosa,20,C,net photosynthesis,49.5623987,umol O2 cm^-2 h^-1,umol_o2,cm^2,hr,4.413720107,SD,6,M,lab,NA,NA,season,winter,400,400,umol m^-2  s^-1,npp,34.36,NA,hermatypic coral,3.5,4-Mar,49.5623987,-19.76958525,70.10558198
nakamura2003,nakamura2003,figure 2a,pop,Acropora,pruinosa,22,C,net photosynthesis,56.75321668,umol O2 cm^-2 h^-1,umol_o2,cm^2,hr,10.11543677,SD,6,M,lab,NA,NA,season,winter,400,400,umol m^-2  s^-1,npp,34.36,NA,hermatypic coral,3.5,4-Mar,56.75321668,-27.14285714,83.83772151
nakamura2003,nakamura2003,figure 2a,pop,Acropora,pruinosa,24,C,net photosynthesis,61.3693646,umol O2 cm^-2 h^-1,umol_o2,cm^2,hr,7.724010188,SD,6,M,lab,NA,NA,season,winter,400,400,umol m^-2  s^-1,npp,34.36,NA,hermatypic coral,3.5,4-Mar,61.3693646,-31.19815668,92.51786711
nakamura2003,nakamura2003,figure 2a,pop,Acropora,pruinosa,26,C,net photosynthesis,60.83683392,umol O2 cm^-2 h^-1,umol_o2,cm^2,hr,7.539443654,SD,6,M,lab,NA,NA,season,winter,400,400,umol m^-2  s^-1,npp,34.36,NA,hermatypic coral,3.5,4-Mar,60.83683392,-34.51612903,95.42293897
nakamura2003,nakamura2003,figure 2a,pop,Acropora,pruinosa,28,C,net photosynthesis,57.91221513,umol O2 cm^-2 h^-1,umol_o2,cm^2,hr,9.012006748,SD,6,M,lab,NA,NA,season,winter,400,400,umol m^-2  s^-1,npp,34.36,NA,hermatypic coral,3.5,4-Mar,57.91221513,-45.57603687,103.7415447
nakamura2003,nakamura2003,figure 2a,pop,Acropora,pruinosa,30,C,net photosynthesis,44.3217676,umol O2 cm^-2 h^-1,umol_o2,cm^2,hr,5.701716667,SD,6,M,lab,NA,NA,season,winter,400,400,umol m^-2  s^-1,npp,34.36,NA,hermatypic coral,3.5,4-Mar,44.3217676,-44.83870968,89.32330827
jiang2021,jiang2021,figure1a,pop,Pocillopora,damicornis,27,C,respiration,0.095302013,nmol O2 larvae^-1 min^-1,nmol_o2,larvae^-1,min,0.011409396,SEM,4,M,lab,NA,NA,NA,NA,0,0,umol m^-2  s^-1,r,18.2217,NA,brooding coral,3,3,0.071126761,-0.094155844,0.163287671
jiang2021,jiang2021,figure1a,pop,Pocillopora,damicornis,29,C,respiration,0.13557047,nmol O2 larvae^-1 min^-1,nmol_o2,larvae^-1,min,0.026174497,SEM,4,M,lab,NA,NA,NA,NA,0,0,umol m^-2  s^-1,r,18.2217,NA,brooding coral,3,3,0.134507042,-0.136363636,0.269589041
jiang2021,jiang2021,figure1a,pop,Pocillopora,damicornis,31,C,respiration,0.191946309,nmol O2 larvae^-1 min^-1,nmol_o2,larvae^-1,min,0.01442953,SEM,4,M,lab,NA,NA,NA,NA,0,0,umol m^-2  s^-1,r,18.2217,NA,brooding coral,3,3,0.174647887,-0.191558442,0.364931507
jiang2021,jiang2021,figure1a,pop,Pocillopora,damicornis,32,C,respiration,0.119463087,nmol O2 larvae^-1 min^-1,nmol_o2,larvae^-1,min,0.009395973,SEM,4,M,lab,NA,NA,NA,NA,0,0,umol m^-2  s^-1,r,18.2217,NA,brooding coral,3,3,0.132394366,-0.119480519,0.253150685
jiang2021,jiang2021,figure1a,pop,Pocillopora,damicornis,33,C,respiration,0.091275168,nmol O2 larvae^-1 min^-1,nmol_o2,larvae^-1,min,0.013758389,SEM,4,M,lab,NA,NA,NA,NA,0,0,umol m^-2  s^-1,r,18.2217,NA,brooding coral,3,3,-0.033802817,-0.092207792,0.056986301
wooldridge2014,castillohelmuth2005,figure 4c,pop,Montastraea,annularis,29.5,,gpp,,ug O2 cm^-2 h^-1,ug_o2,cm^2,hr,,,,M,lab,,,location,outer,700,700,umol m^-2  s^-1,npp,16.1,NA,hermatypic coral,4.5,5-Apr,46.51685393,-12.6984127,59.47195858
wooldridge2014,castillohelmuth2005,figure 4c,pop,Montastraea,annularis,29.5,,gpp,,ug O2 cm^-2 h^-1,ug_o2,cm^2,hr,,,,M,lab,,,location,outer,700,700,umol m^-2  s^-1,npp,16.1,NA,hermatypic coral,4.5,5-Apr,49.88764045,-13.96825397,61.99827437
wooldridge2014,castillohelmuth2005,figure 4c,pop,Montastraea,annularis,29.5,,gpp,,ug O2 cm^-2 h^-1,ug_o2,cm^2,hr,,,,M,lab,,,location,outer,700,700,umol m^-2  s^-1,npp,16.1,NA,hermatypic coral,4.5,5-Apr,60.6741573,-7.619047619,68.31406385
wooldridge2014,castillohelmuth2005,figure 4c,pop,Montastraea,annularis,31.0,,gpp,,ug O2 cm^-2 h^-1,ug_o2,cm^2,hr,,,,M,lab,,,location,outer,700,700,umol m^-2  s^-1,npp,16.1,NA,hermatypic coral,4.5,5-Apr,76.85393258,-39.36507937,164.6308887
wooldridge2014,castillohelmuth2005,figure 4c,pop,Montastraea,annularis,31.0,,gpp,,ug O2 cm^-2 h^-1,ug_o2,cm^2,hr,,,,M,lab,,,location,outer,700,700,umol m^-2  s^-1,npp,16.1,NA,hermatypic coral,4.5,5-Apr,82.24719101,-54.6031746,145.6814495
wooldridge2014,castillohelmuth2005,figure 4c,pop,Montastraea,annularis,31.0,,gpp,,ug O2 cm^-2 h^-1,ug_o2,cm^2,hr,,,,M,lab,,,location,outer,700,700,umol m^-2  s^-1,npp,16.1,NA,hermatypic coral,4.5,5-Apr,86.29213483,-54.6031746,140.6288179
wooldridge2014,castillohelmuth2005,figure 4c,pop,Montastraea,annularis,32.0,,gpp,,ug O2 cm^-2 h^-1,ug_o2,cm^2,hr,,,,M,lab,,,location,outer,700,700,umol m^-2  s^-1,npp,16.1,NA,hermatypic coral,4.5,5-Apr,87.64044944,-78.73015873,162.3137187
wooldridge2014,castillohelmuth2005,figure 4c,pop,Montastraea,annularis,32.0,,gpp,,ug O2 cm^-2 h^-1,ug_o2,cm^2,hr,,,,M,lab,,,location,outer,700,700,umol m^-2  s^-1,npp,16.1,NA,hermatypic coral,4.5,5-Apr,93.03370787,-85.07936508,179.9979292
wooldridge2014,castillohelmuth2005,figure 4c,pop,Montastraea,annularis,32.0,,gpp,,ug O2 cm^-2 h^-1,ug_o2,cm^2,hr,,,,M,lab,,,location,outer,700,700,umol m^-2  s^-1,npp,16.1,NA,hermatypic coral,4.5,5-Apr,90.33707865,-52.06349206,182.524245
wooldridge2014,castillohelmuth2005,figure 4c,pop,Montastraea,annularis,33.0,,gpp,,ug O2 cm^-2 h^-1,ug_o2,cm^2,hr,,,,M,lab,,,location,outer,700,700,umol m^-2  s^-1,npp,16.1,NA,hermatypic coral,4.5,5-Apr,79.5505618,-69.84126984,149.2597066
wooldridge2014,castillohelmuth2005,figure 4c,pop,Montastraea,annularis,33.0,,gpp,,ug O2 cm^-2 h^-1,ug_o2,cm^2,hr,,,,M,lab,,,location,outer,700,700,umol m^-2  s^-1,npp,16.1,NA,hermatypic coral,4.5,5-Apr,106.5168539,-87.61904762,192.8407248
wooldridge2014,castillohelmuth2005,figure 4c,pop,Montastraea,annularis,34.0,,gpp,,ug O2 cm^-2 h^-1,ug_o2,cm^2,hr,,,,M,lab,,,location,outer,700,700,umol m^-2  s^-1,npp,16.1,NA,hermatypic coral,4.5,5-Apr,29.66292135,-69.84126984,100.2098361
wooldridge2014,castillohelmuth2005,figure 4c,pop,Montastraea,annularis,34.0,,gpp,,ug O2 cm^-2 h^-1,ug_o2,cm^2,hr,,,,M,lab,,,location,outer,700,700,umol m^-2  s^-1,npp,16.1,NA,hermatypic coral,4.5,5-Apr,37.07865169,-78.73015873,117.2603969
wooldridge2014,castillohelmuth2005,figure 4c,pop,Montastraea,annularis,35.0,,gpp,,ug O2 cm^-2 h^-1,ug_o2,cm^2,hr,,,,M,lab,,,location,outer,700,700,umol m^-2  s^-1,npp,16.1,NA,hermatypic coral,4.5,5-Apr,4.04494382,-3.80952381,8.837963762
wooldridge2014,castillohelmuth2005,figure 4c,pop,Montastraea,annularis,35.0,,gpp,,ug O2 cm^-2 h^-1,ug_o2,cm^2,hr,,,,M,lab,,,location,outer,700,700,umol m^-2  s^-1,npp,16.1,NA,hermatypic coral,4.5,5-Apr,6.741573034,-3.80952381,12.62743745
wooldridge2014,castillohelmuth2005,figure 4c,pop,Montastraea,annularis,29.5,,gpp,,ug O2 cm^-2 h^-1,ug_o2,cm^2,hr,,,,M,lab,,,location,inner,700,700,umol m^-2  s^-1,npp,16.1,NA,hermatypic coral,4.5,5-Apr,25.61797753,-12.6984127,39.26143227
wooldridge2014,castillohelmuth2005,figure 4c,pop,Montastraea,annularis,29.5,,gpp,,ug O2 cm^-2 h^-1,ug_o2,cm^2,hr,,,,M,lab,,,location,inner,700,700,umol m^-2  s^-1,npp,16.1,NA,hermatypic coral,4.5,5-Apr,35.05617978,-13.96825397,49.36669543
wooldridge2014,castillohelmuth2005,figure 4c,pop,Montastraea,annularis,29.5,,gpp,,ug O2 cm^-2 h^-1,ug_o2,cm^2,hr,,,,M,lab,,,location,inner,700,700,umol m^-2  s^-1,npp,16.1,NA,hermatypic coral,4.5,5-Apr,53.93258427,-7.619047619,61.99827437
wooldridge2014,castillohelmuth2005,figure 4c,pop,Montastraea,annularis,31.0,,gpp,,ug O2 cm^-2 h^-1,ug_o2,cm^2,hr,,,,M,lab,,,location,inner,700,700,umol m^-2  s^-1,npp,16.1,NA,hermatypic coral,4.5,5-Apr,43.14606742,-39.36507937,85.04987058
wooldridge2014,castillohelmuth2005,figure 4c,pop,Montastraea,annularis,31.0,,gpp,,ug O2 cm^-2 h^-1,ug_o2,cm^2,hr,,,,M,lab,,,location,inner,700,700,umol m^-2  s^-1,npp,16.1,NA,hermatypic coral,4.5,5-Apr,49.21348315,-39.36507937,88.83934426
wooldridge2014,castillohelmuth2005,figure 4c,pop,Montastraea,annularis,31.0,,gpp,,ug O2 cm^-2 h^-1,ug_o2,cm^2,hr,,,,M,lab,,,location,inner,700,700,umol m^-2  s^-1,npp,16.1,NA,hermatypic coral,4.5,5-Apr,64.71910112,-39.36507937,102.7340811
wooldridge2014,castillohelmuth2005,figure 4c,pop,Montastraea,annularis,32.0,,gpp,,ug O2 cm^-2 h^-1,ug_o2,cm^2,hr,,,,M,lab,,,location,inner,700,700,umol m^-2  s^-1,npp,16.1,NA,hermatypic coral,4.5,5-Apr,57.30337079,-36.82539683,94.10319241
wooldridge2014,castillohelmuth2005,figure 4c,pop,Montastraea,annularis,32.0,,gpp,,ug O2 cm^-2 h^-1,ug_o2,cm^2,hr,,,,M,lab,,,location,inner,700,700,umol m^-2  s^-1,npp,16.1,NA,hermatypic coral,4.5,5-Apr,75.50561798,-52.06349206,128.2084556
wooldridge2014,castillohelmuth2005,figure 4c,pop,Montastraea,annularis,33.0,,gpp,,ug O2 cm^-2 h^-1,ug_o2,cm^2,hr,,,,M,lab,,,location,inner,700,700,umol m^-2  s^-1,npp,16.1,NA,hermatypic coral,4.5,5-Apr,57.97752809,-63.49206349,115.7880932
wooldridge2014,castillohelmuth2005,figure 4c,pop,Montastraea,annularis,33.0,,gpp,,ug O2 cm^-2 h^-1,ug_o2,cm^2,hr,,,,M,lab,,,location,inner,700,700,umol m^-2  s^-1,npp,16.1,NA,hermatypic coral,4.5,5-Apr,62.02247191,-63.49206349,122.1038827
wooldridge2014,castillohelmuth2005,figure 4c,pop,Montastraea,annularis,34.0,,gpp,,ug O2 cm^-2 h^-1,ug_o2,cm^2,hr,,,,M,lab,,,location,inner,700,700,umol m^-2  s^-1,npp,16.1,NA,hermatypic coral,4.5,5-Apr,18.87640449,-48,66.73615186
wooldridge2014,castillohelmuth2005,figure 4c,pop,Montastraea,annularis,34.0,,gpp,,ug O2 cm^-2 h^-1,ug_o2,cm^2,hr,,,,M,lab,,,location,inner,700,700,umol m^-2  s^-1,npp,16.1,NA,hermatypic coral,4.5,5-Apr,24.26966292,-48,75.57825712
wooldridge2014,castillohelmuth2005,figure 4c,pop,Montastraea,annularis,34.0,,gpp,,ug O2 cm^-2 h^-1,ug_o2,cm^2,hr,,,,M,lab,,,location,inner,700,700,umol m^-2  s^-1,npp,16.1,NA,hermatypic coral,4.5,5-Apr,37.07865169,-35.55555556,75.57825712
wooldridge2014,castillohelmuth2005,figure 4c,pop,Montastraea,annularis,35.0,,gpp,,ug O2 cm^-2 h^-1,ug_o2,cm^2,hr,,,,M,lab,,,location,inner,700,700,umol m^-2  s^-1,npp,16.1,NA,hermatypic coral,4.5,5-Apr,13.48314607,-7.619047619,21.47161346
wooldridge2014,castillohelmuth2005,figure 4c,pop,Montastraea,annularis,35.0,,gpp,,ug O2 cm^-2 h^-1,ug_o2,cm^2,hr,,,,M,lab,,,location,inner,700,700,umol m^-2  s^-1,npp,16.1,NA,hermatypic coral,4.5,5-Apr,21.57303371,-3.80952381,25.26108714
wooldridge2014,castillohelmuth2005,figure 4c,pop,Montastraea,annularis,35.0,,gpp,,ug O2 cm^-2 h^-1,ug_o2,cm^2,hr,,,,M,lab,,,location,inner,700,700,umol m^-2  s^-1,npp,16.1,NA,hermatypic coral,4.5,5-Apr,21.57303371,-3.80952381,25.26108714
silbiger2019,silbiger2019,suppdatafile,pop,Orbicella,franksi,21,C,gross photosynthesis,3.252393299,umol O2 cm^-2 h^-1,umol_o2,cm^2,hr,NA,NA,NA,M,lab,NA,NA,location,panama,623,623,umol m^-2  s^-1,gpp,9.14,NA,hermatypic coral,7.5,10-May,1.972583925,-1.279809374,3.252393299
silbiger2019,silbiger2019,suppdatafile,pop,Orbicella,franksi,22,C,gross photosynthesis,2.596489394,umol O2 cm^-2 h^-1,umol_o2,cm^2,hr,NA,NA,NA,M,lab,NA,NA,location,panama,623,623,umol m^-2  s^-1,gpp,9.14,NA,hermatypic coral,7.5,10-May,1.575396106,-1.021093289,2.596489394
silbiger2019,silbiger2019,suppdatafile,pop,Orbicella,franksi,21,C,gross photosynthesis,2.915855537,umol O2 cm^-2 h^-1,umol_o2,cm^2,hr,NA,NA,NA,M,lab,NA,NA,location,panama,623,623,umol m^-2  s^-1,gpp,9.14,NA,hermatypic coral,7.5,10-May,2.001498695,-0.914356843,2.915855537
silbiger2019,silbiger2019,suppdatafile,pop,Orbicella,franksi,21,C,gross photosynthesis,2.464287224,umol O2 cm^-2 h^-1,umol_o2,cm^2,hr,NA,NA,NA,M,lab,NA,NA,location,panama,623,623,umol m^-2  s^-1,gpp,9.14,NA,hermatypic coral,7.5,10-May,1.569875751,-0.894411473,2.464287224
silbiger2019,silbiger2019,suppdatafile,pop,Orbicella,franksi,31,C,gross photosynthesis,4.202338263,umol O2 cm^-2 h^-1,umol_o2,cm^2,hr,NA,NA,NA,M,lab,NA,NA,location,panama,623,623,umol m^-2  s^-1,gpp,9.14,NA,hermatypic coral,7.5,10-May,2.380743027,-1.821595236,4.202338263
silbiger2019,silbiger2019,suppdatafile,pop,Orbicella,franksi,31,C,gross photosynthesis,4.418459642,umol O2 cm^-2 h^-1,umol_o2,cm^2,hr,NA,NA,NA,M,lab,NA,NA,location,panama,623,623,umol m^-2  s^-1,gpp,9.14,NA,hermatypic coral,7.5,10-May,2.635632442,-1.7828272,4.418459642
silbiger2019,silbiger2019,suppdatafile,pop,Orbicella,franksi,31,C,gross photosynthesis,3.259670237,umol O2 cm^-2 h^-1,umol_o2,cm^2,hr,NA,NA,NA,M,lab,NA,NA,location,panama,623,623,umol m^-2  s^-1,gpp,9.14,NA,hermatypic coral,7.5,10-May,1.972130076,-1.28754016,3.259670237
silbiger2019,silbiger2019,suppdatafile,pop,Orbicella,franksi,32,C,gross photosynthesis,4.122140403,umol O2 cm^-2 h^-1,umol_o2,cm^2,hr,NA,NA,NA,M,lab,NA,NA,location,panama,623,623,umol m^-2  s^-1,gpp,9.14,NA,hermatypic coral,7.5,10-May,2.146825803,-1.9753146,4.122140403
silbiger2019,silbiger2019,suppdatafile,pop,Orbicella,franksi,26,C,gross photosynthesis,3.484782942,umol O2 cm^-2 h^-1,umol_o2,cm^2,hr,NA,NA,NA,M,lab,NA,NA,location,panama,623,623,umol m^-2  s^-1,gpp,9.14,NA,hermatypic coral,7.5,10-May,2.130863121,-1.353919821,3.484782942
silbiger2019,silbiger2019,suppdatafile,pop,Orbicella,franksi,26,C,gross photosynthesis,3.58556758,umol O2 cm^-2 h^-1,umol_o2,cm^2,hr,NA,NA,NA,M,lab,NA,NA,location,panama,623,623,umol m^-2  s^-1,gpp,9.14,NA,hermatypic coral,7.5,10-May,2.400340301,-1.185227278,3.58556758
silbiger2019,silbiger2019,suppdatafile,pop,Orbicella,franksi,26,C,gross photosynthesis,3.257575773,umol O2 cm^-2 h^-1,umol_o2,cm^2,hr,NA,NA,NA,M,lab,NA,NA,location,panama,623,623,umol m^-2  s^-1,gpp,9.14,NA,hermatypic coral,7.5,10-May,2.022342968,-1.235232805,3.257575773
silbiger2019,silbiger2019,suppdatafile,pop,Orbicella,franksi,34,C,gross photosynthesis,5.496812398,umol O2 cm^-2 h^-1,umol_o2,cm^2,hr,NA,NA,NA,M,lab,NA,NA,location,panama,623,623,umol m^-2  s^-1,gpp,9.14,NA,hermatypic coral,7.5,10-May,3.467573037,-2.029239361,5.496812398
silbiger2019,silbiger2019,suppdatafile,pop,Orbicella,franksi,34,C,gross photosynthesis,5.924684627,umol O2 cm^-2 h^-1,umol_o2,cm^2,hr,NA,NA,NA,M,lab,NA,NA,location,panama,623,623,umol m^-2  s^-1,gpp,9.14,NA,hermatypic coral,7.5,10-May,3.516241565,-2.408443062,5.924684627
silbiger2019,silbiger2019,suppdatafile,pop,Orbicella,franksi,34,C,gross photosynthesis,3.984916604,umol O2 cm^-2 h^-1,umol_o2,cm^2,hr,NA,NA,NA,M,lab,NA,NA,location,panama,623,623,umol m^-2  s^-1,gpp,9.14,NA,hermatypic coral,7.5,10-May,2.061963725,-1.922952879,3.984916604
silbiger2019,silbiger2019,suppdatafile,pop,Orbicella,franksi,34,C,gross photosynthesis,2.775118854,umol O2 cm^-2 h^-1,umol_o2,cm^2,hr,NA,NA,NA,M,lab,NA,NA,location,panama,623,623,umol m^-2  s^-1,gpp,9.14,NA,hermatypic coral,7.5,10-May,1.20057132,-1.574547534,2.775118854
silbiger2019,silbiger2019,suppdatafile,pop,Orbicella,franksi,36,C,gross photosynthesis,1.413344097,umol O2 cm^-2 h^-1,umol_o2,cm^2,hr,NA,NA,NA,M,lab,NA,NA,location,panama,623,623,umol m^-2  s^-1,gpp,9.14,NA,hermatypic coral,7.5,10-May,0.295266945,-1.118077152,1.413344097
silbiger2019,silbiger2019,suppdatafile,pop,Orbicella,franksi,36,C,gross photosynthesis,1.599072224,umol O2 cm^-2 h^-1,umol_o2,cm^2,hr,NA,NA,NA,M,lab,NA,NA,location,panama,623,623,umol m^-2  s^-1,gpp,9.14,NA,hermatypic coral,7.5,10-May,0.485720468,-1.936634961,1.599072224
silbiger2019,silbiger2019,suppdatafile,pop,Orbicella,franksi,33,C,gross photosynthesis,3.694801982,umol O2 cm^-2 h^-1,umol_o2,cm^2,hr,NA,NA,NA,M,lab,NA,NA,location,panama,623,623,umol m^-2  s^-1,gpp,9.14,NA,hermatypic coral,7.5,10-May,2.39510014,-1.299701842,3.694801982
silbiger2019,silbiger2019,suppdatafile,pop,Orbicella,franksi,33,C,gross photosynthesis,4.169211957,umol O2 cm^-2 h^-1,umol_o2,cm^2,hr,NA,NA,NA,M,lab,NA,NA,location,panama,623,623,umol m^-2  s^-1,gpp,9.14,NA,hermatypic coral,7.5,10-May,2.591704652,-1.577507305,4.169211957
silbiger2019,silbiger2019,suppdatafile,pop,Orbicella,franksi,33,C,gross photosynthesis,2.952366112,umol O2 cm^-2 h^-1,umol_o2,cm^2,hr,NA,NA,NA,M,lab,NA,NA,location,panama,623,623,umol m^-2  s^-1,gpp,9.14,NA,hermatypic coral,7.5,10-May,1.855652472,-1.096713641,2.952366112
silbiger2019,silbiger2019,suppdatafile,pop,Orbicella,franksi,33,C,gross photosynthesis,4.411882259,umol O2 cm^-2 h^-1,umol_o2,cm^2,hr,NA,NA,NA,M,lab,NA,NA,location,panama,623,623,umol m^-2  s^-1,gpp,9.14,NA,hermatypic coral,7.5,10-May,2.217547209,-2.19433505,4.411882259
silbiger2019,silbiger2019,suppdatafile,pop,Orbicella,franksi,32,C,gross photosynthesis,4.265881373,umol O2 cm^-2 h^-1,umol_o2,cm^2,hr,NA,NA,NA,M,lab,NA,NA,location,panama,623,623,umol m^-2  s^-1,gpp,9.14,NA,hermatypic coral,7.5,10-May,2.547069226,-1.718812146,4.265881373
silbiger2019,silbiger2019,suppdatafile,pop,Orbicella,franksi,32,C,gross photosynthesis,2.817253222,umol O2 cm^-2 h^-1,umol_o2,cm^2,hr,NA,NA,NA,M,lab,NA,NA,location,panama,623,623,umol m^-2  s^-1,gpp,9.14,NA,hermatypic coral,7.5,10-May,1.477336579,-1.339916643,2.817253222
silbiger2019,silbiger2019,suppdatafile,pop,Orbicella,franksi,32,C,gross photosynthesis,3.090991914,umol O2 cm^-2 h^-1,umol_o2,cm^2,hr,NA,NA,NA,M,lab,NA,NA,location,panama,623,623,umol m^-2  s^-1,gpp,9.14,NA,hermatypic coral,7.5,10-May,1.683526723,-1.407465191,3.090991914
silbiger2019,silbiger2019,suppdatafile,pop,Orbicella,franksi,28,C,gross photosynthesis,6.077131248,umol O2 cm^-2 h^-1,umol_o2,cm^2,hr,NA,NA,NA,M,lab,NA,NA,location,panama,623,623,umol m^-2  s^-1,gpp,9.14,NA,hermatypic coral,7.5,10-May,4.047289183,-2.029842065,6.077131248
silbiger2019,silbiger2019,suppdatafile,pop,Orbicella,franksi,28,C,gross photosynthesis,4.123397071,umol O2 cm^-2 h^-1,umol_o2,cm^2,hr,NA,NA,NA,M,lab,NA,NA,location,panama,623,623,umol m^-2  s^-1,gpp,9.14,NA,hermatypic coral,7.5,10-May,1.789784715,-2.333612356,4.123397071
silbiger2019,silbiger2019,suppdatafile,pop,Orbicella,franksi,28,C,gross photosynthesis,2.746952157,umol O2 cm^-2 h^-1,umol_o2,cm^2,hr,NA,NA,NA,M,lab,NA,NA,location,panama,623,623,umol m^-2  s^-1,gpp,9.14,NA,hermatypic coral,7.5,10-May,1.611007518,-1.135944638,2.746952157
silbiger2019,silbiger2019,suppdatafile,pop,Orbicella,franksi,28,C,gross photosynthesis,3.377439576,umol O2 cm^-2 h^-1,umol_o2,cm^2,hr,NA,NA,NA,M,lab,NA,NA,location,panama,623,623,umol m^-2  s^-1,gpp,9.14,NA,hermatypic coral,7.5,10-May,1.894828815,-1.482610761,3.377439576
silbiger2019,silbiger2019,suppdatafile,pop,Orbicella,franksi,29,C,gross photosynthesis,4.024896341,umol O2 cm^-2 h^-1,umol_o2,cm^2,hr,NA,NA,NA,M,lab,NA,NA,location,panama,623,623,umol m^-2  s^-1,gpp,9.14,NA,hermatypic coral,7.5,10-May,2.083371252,-1.94152509,4.024896341
silbiger2019,silbiger2019,suppdatafile,pop,Orbicella,franksi,29,C,gross photosynthesis,4.375981832,umol O2 cm^-2 h^-1,umol_o2,cm^2,hr,NA,NA,NA,M,lab,NA,NA,location,panama,623,623,umol m^-2  s^-1,gpp,9.14,NA,hermatypic coral,7.5,10-May,2.643814652,-1.73216718,4.375981832
silbiger2019,silbiger2019,suppdatafile,pop,Orbicella,franksi,29,C,gross photosynthesis,2.795367484,umol O2 cm^-2 h^-1,umol_o2,cm^2,hr,NA,NA,NA,M,lab,NA,NA,location,panama,623,623,umol m^-2  s^-1,gpp,9.14,NA,hermatypic coral,7.5,10-May,1.301742907,-1.493624577,2.795367484
silbiger2019,silbiger2019,suppdatafile,pop,Orbicella,franksi,29,C,gross photosynthesis,4.105186989,umol O2 cm^-2 h^-1,umol_o2,cm^2,hr,NA,NA,NA,M,lab,NA,NA,location,panama,623,623,umol m^-2  s^-1,gpp,9.14,NA,hermatypic coral,7.5,10-May,2.218472335,-1.886714654,4.105186989
silbiger2019,silbiger2019,suppdatafile,pop,Orbicella,franksi,30,C,gross photosynthesis,4.33969036,umol O2 cm^-2 h^-1,umol_o2,cm^2,hr,NA,NA,NA,M,lab,NA,NA,location,panama,623,623,umol m^-2  s^-1,gpp,9.14,NA,hermatypic coral,7.5,10-May,2.649794294,-1.689896066,4.33969036
silbiger2019,silbiger2019,suppdatafile,pop,Orbicella,franksi,30,C,gross photosynthesis,4.253179129,umol O2 cm^-2 h^-1,umol_o2,cm^2,hr,NA,NA,NA,M,lab,NA,NA,location,panama,623,623,umol m^-2  s^-1,gpp,9.14,NA,hermatypic coral,7.5,10-May,2.46488602,-1.788293109,4.253179129
silbiger2019,silbiger2019,suppdatafile,pop,Orbicella,franksi,30,C,gross photosynthesis,3.766665945,umol O2 cm^-2 h^-1,umol_o2,cm^2,hr,NA,NA,NA,M,lab,NA,NA,location,panama,623,623,umol m^-2  s^-1,gpp,9.14,NA,hermatypic coral,7.5,10-May,2.341675539,-1.424990406,3.766665945
silbiger2019,silbiger2019,suppdatafile,pop,Orbicella,franksi,30,C,gross photosynthesis,3.643863892,umol O2 cm^-2 h^-1,umol_o2,cm^2,hr,NA,NA,NA,M,lab,NA,NA,location,panama,623,623,umol m^-2  s^-1,gpp,9.14,NA,hermatypic coral,7.5,10-May,1.994872117,-1.648991775,3.643863892
silbiger2019,silbiger2019,suppdatafile,pop,Orbicella,franksi,24,C,net photosynthesis,1.133988172,umol O2 cm^-2 h^-1,umol_o2,cm^2,hr,NA,NA,NA,M,lab,NA,NA,location,bermuda,623,623,umol m^-2  s^-1,npp,32.27,NA,hermatypic coral,10,12-Aug,1.133988172,-0.531298394,1.665286565
silbiger2019,silbiger2019,suppdatafile,pop,Orbicella,franksi,29,C,net photosynthesis,1.3033204,umol O2 cm^-2 h^-1,umol_o2,cm^2,hr,NA,NA,NA,M,lab,NA,NA,location,bermuda,623,623,umol m^-2  s^-1,npp,32.27,NA,hermatypic coral,10,12-Aug,1.3033204,-0.932596804,2.235917204
silbiger2019,silbiger2019,suppdatafile,pop,Orbicella,franksi,36,C,net photosynthesis,-0.570902386,umol O2 cm^-2 h^-1,umol_o2,cm^2,hr,NA,NA,NA,M,lab,NA,NA,location,bermuda,623,623,umol m^-2  s^-1,npp,32.27,NA,hermatypic coral,10,12-Aug,-0.570902386,-0.471119506,-0.09978288
silbiger2019,silbiger2019,suppdatafile,pop,Orbicella,franksi,26,C,net photosynthesis,0.775719481,umol O2 cm^-2 h^-1,umol_o2,cm^2,hr,NA,NA,NA,M,lab,NA,NA,location,bermuda,623,623,umol m^-2  s^-1,npp,32.27,NA,hermatypic coral,10,12-Aug,0.775719481,-0.443703539,1.219423021
silbiger2019,silbiger2019,suppdatafile,pop,Orbicella,franksi,31,C,net photosynthesis,1.068147023,umol O2 cm^-2 h^-1,umol_o2,cm^2,hr,NA,NA,NA,M,lab,NA,NA,location,bermuda,623,623,umol m^-2  s^-1,npp,32.27,NA,hermatypic coral,10,12-Aug,1.068147023,-0.916598093,1.984745116
silbiger2019,silbiger2019,suppdatafile,pop,Orbicella,franksi,27,C,net photosynthesis,0.507305547,umol O2 cm^-2 h^-1,umol_o2,cm^2,hr,NA,NA,NA,M,lab,NA,NA,location,bermuda,623,623,umol m^-2  s^-1,npp,32.27,NA,hermatypic coral,10,12-Aug,0.507305547,-0.587452725,1.094758272
silbiger2019,silbiger2019,suppdatafile,pop,Orbicella,franksi,34,C,net photosynthesis,0.421575339,umol O2 cm^-2 h^-1,umol_o2,cm^2,hr,NA,NA,NA,M,lab,NA,NA,location,bermuda,623,623,umol m^-2  s^-1,npp,32.27,NA,hermatypic coral,10,12-Aug,0.421575339,-1.119194842,1.540770182
silbiger2019,silbiger2019,suppdatafile,pop,Orbicella,franksi,32,C,net photosynthesis,1.105161604,umol O2 cm^-2 h^-1,umol_o2,cm^2,hr,NA,NA,NA,M,lab,NA,NA,location,bermuda,623,623,umol m^-2  s^-1,npp,32.27,NA,hermatypic coral,10,12-Aug,1.105161604,-0.857163131,1.962324735
silbiger2019,silbiger2019,suppdatafile,pop,Orbicella,franksi,24,C,net photosynthesis,0.61827673,umol O2 cm^-2 h^-1,umol_o2,cm^2,hr,NA,NA,NA,M,lab,NA,NA,location,bermuda,623,623,umol m^-2  s^-1,npp,32.27,NA,hermatypic coral,10,12-Aug,0.61827673,-0.374981156,0.993257886
silbiger2019,silbiger2019,suppdatafile,pop,Orbicella,franksi,29,C,net photosynthesis,1.657750856,umol O2 cm^-2 h^-1,umol_o2,cm^2,hr,NA,NA,NA,M,lab,NA,NA,location,bermuda,623,623,umol m^-2  s^-1,npp,32.27,NA,hermatypic coral,10,12-Aug,1.657750856,-1.057084802,2.714835658
silbiger2019,silbiger2019,suppdatafile,pop,Orbicella,franksi,36,C,net photosynthesis,-0.628341137,umol O2 cm^-2 h^-1,umol_o2,cm^2,hr,NA,NA,NA,M,lab,NA,NA,location,bermuda,623,623,umol m^-2  s^-1,npp,32.27,NA,hermatypic coral,10,12-Aug,-0.628341137,-0.631403081,0.003061945
silbiger2019,silbiger2019,suppdatafile,pop,Orbicella,franksi,26,C,net photosynthesis,0.675002449,umol O2 cm^-2 h^-1,umol_o2,cm^2,hr,NA,NA,NA,M,lab,NA,NA,location,bermuda,623,623,umol m^-2  s^-1,npp,32.27,NA,hermatypic coral,10,12-Aug,0.675002449,-0.508930222,1.183932672
silbiger2019,silbiger2019,suppdatafile,pop,Orbicella,franksi,31,C,net photosynthesis,0.830967226,umol O2 cm^-2 h^-1,umol_o2,cm^2,hr,NA,NA,NA,M,lab,NA,NA,location,bermuda,623,623,umol m^-2  s^-1,npp,32.27,NA,hermatypic coral,10,12-Aug,0.830967226,-0.949900974,1.7808682
silbiger2019,silbiger2019,suppdatafile,pop,Orbicella,franksi,27,C,net photosynthesis,0.692653743,umol O2 cm^-2 h^-1,umol_o2,cm^2,hr,NA,NA,NA,M,lab,NA,NA,location,bermuda,623,623,umol m^-2  s^-1,npp,32.27,NA,hermatypic coral,10,12-Aug,0.692653743,-0.746173878,1.438827621
silbiger2019,silbiger2019,suppdatafile,pop,Orbicella,franksi,34,C,net photosynthesis,0.092734694,umol O2 cm^-2 h^-1,umol_o2,cm^2,hr,NA,NA,NA,M,lab,NA,NA,location,bermuda,623,623,umol m^-2  s^-1,npp,32.27,NA,hermatypic coral,10,12-Aug,0.092734694,-1.025930731,1.118665425
silbiger2019,silbiger2019,suppdatafile,pop,Orbicella,franksi,32,C,net photosynthesis,0.79539423,umol O2 cm^-2 h^-1,umol_o2,cm^2,hr,NA,NA,NA,M,lab,NA,NA,location,bermuda,623,623,umol m^-2  s^-1,npp,32.27,NA,hermatypic coral,10,12-Aug,0.79539423,-0.935127033,1.730521263
silbiger2019,silbiger2019,suppdatafile,pop,Orbicella,franksi,24,C,net photosynthesis,0.916888491,umol O2 cm^-2 h^-1,umol_o2,cm^2,hr,NA,NA,NA,M,lab,NA,NA,location,bermuda,623,623,umol m^-2  s^-1,npp,32.27,NA,hermatypic coral,10,12-Aug,0.916888491,-0.427156597,1.344045088
silbiger2019,silbiger2019,suppdatafile,pop,Orbicella,franksi,29,C,net photosynthesis,1.310997793,umol O2 cm^-2 h^-1,umol_o2,cm^2,hr,NA,NA,NA,M,lab,NA,NA,location,bermuda,623,623,umol m^-2  s^-1,npp,32.27,NA,hermatypic coral,10,12-Aug,1.310997793,-0.721660829,2.032658623
silbiger2019,silbiger2019,suppdatafile,pop,Orbicella,franksi,36,C,net photosynthesis,-0.515401604,umol O2 cm^-2 h^-1,umol_o2,cm^2,hr,NA,NA,NA,M,lab,NA,NA,location,bermuda,623,623,umol m^-2  s^-1,npp,32.27,NA,hermatypic coral,10,12-Aug,-0.515401604,-0.426683378,-0.088718226
silbiger2019,silbiger2019,suppdatafile,pop,Orbicella,franksi,26,C,net photosynthesis,1.06665322,umol O2 cm^-2 h^-1,umol_o2,cm^2,hr,NA,NA,NA,M,lab,NA,NA,location,bermuda,623,623,umol m^-2  s^-1,npp,32.27,NA,hermatypic coral,10,12-Aug,1.06665322,-0.20489424,1.271547461
silbiger2019,silbiger2019,suppdatafile,pop,Orbicella,franksi,31,C,net photosynthesis,1.260554687,umol O2 cm^-2 h^-1,umol_o2,cm^2,hr,NA,NA,NA,M,lab,NA,NA,location,bermuda,623,623,umol m^-2  s^-1,npp,32.27,NA,hermatypic coral,10,12-Aug,1.260554687,-0.943591976,2.204146663
silbiger2019,silbiger2019,suppdatafile,pop,Orbicella,franksi,27,C,net photosynthesis,0.896974486,umol O2 cm^-2 h^-1,umol_o2,cm^2,hr,NA,NA,NA,M,lab,NA,NA,location,bermuda,623,623,umol m^-2  s^-1,npp,32.27,NA,hermatypic coral,10,12-Aug,0.896974486,-0.507366737,1.404341223
silbiger2019,silbiger2019,suppdatafile,pop,Orbicella,franksi,34,C,net photosynthesis,0.637119248,umol O2 cm^-2 h^-1,umol_o2,cm^2,hr,NA,NA,NA,M,lab,NA,NA,location,bermuda,623,623,umol m^-2  s^-1,npp,32.27,NA,hermatypic coral,10,12-Aug,0.637119248,-0.628779727,1.265898975
silbiger2019,silbiger2019,suppdatafile,pop,Orbicella,franksi,32,C,net photosynthesis,1.028963179,umol O2 cm^-2 h^-1,umol_o2,cm^2,hr,NA,NA,NA,M,lab,NA,NA,location,bermuda,623,623,umol m^-2  s^-1,npp,32.27,NA,hermatypic coral,10,12-Aug,1.028963179,-0.642359616,1.671322795
silbiger2019,silbiger2019,suppdatafile,pop,Orbicella,franksi,24,C,net photosynthesis,0.882167073,umol O2 cm^-2 h^-1,umol_o2,cm^2,hr,NA,NA,NA,M,lab,NA,NA,location,bermuda,623,623,umol m^-2  s^-1,npp,32.27,NA,hermatypic coral,10,12-Aug,0.882167073,-0.141591688,1.023758761
silbiger2019,silbiger2019,suppdatafile,pop,Orbicella,franksi,29,C,net photosynthesis,1.327359867,umol O2 cm^-2 h^-1,umol_o2,cm^2,hr,NA,NA,NA,M,lab,NA,NA,location,bermuda,623,623,umol m^-2  s^-1,npp,32.27,NA,hermatypic coral,10,12-Aug,1.327359867,-0.764783822,2.092143689
silbiger2019,silbiger2019,suppdatafile,pop,Orbicella,franksi,36,C,net photosynthesis,-0.393849148,umol O2 cm^-2 h^-1,umol_o2,cm^2,hr,NA,NA,NA,M,lab,NA,NA,location,bermuda,623,623,umol m^-2  s^-1,npp,32.27,NA,hermatypic coral,10,12-Aug,-0.393849148,-0.370371163,-0.023477985
silbiger2019,silbiger2019,suppdatafile,pop,Orbicella,franksi,26,C,net photosynthesis,1.198058594,umol O2 cm^-2 h^-1,umol_o2,cm^2,hr,NA,NA,NA,M,lab,NA,NA,location,bermuda,623,623,umol m^-2  s^-1,npp,32.27,NA,hermatypic coral,10,12-Aug,1.198058594,-0.473322657,1.67138125
silbiger2019,silbiger2019,suppdatafile,pop,Orbicella,franksi,31,C,net photosynthesis,1.284531198,umol O2 cm^-2 h^-1,umol_o2,cm^2,hr,NA,NA,NA,M,lab,NA,NA,location,bermuda,623,623,umol m^-2  s^-1,npp,32.27,NA,hermatypic coral,10,12-Aug,1.284531198,-1.099519327,2.384050525
silbiger2019,silbiger2019,suppdatafile,pop,Orbicella,franksi,27,C,net photosynthesis,0.75947662,umol O2 cm^-2 h^-1,umol_o2,cm^2,hr,NA,NA,NA,M,lab,NA,NA,location,bermuda,623,623,umol m^-2  s^-1,npp,32.27,NA,hermatypic coral,10,12-Aug,0.75947662,-0.602335611,1.361812231
silbiger2019,silbiger2019,suppdatafile,pop,Orbicella,franksi,34,C,net photosynthesis,1.13438318,umol O2 cm^-2 h^-1,umol_o2,cm^2,hr,NA,NA,NA,M,lab,NA,NA,location,bermuda,623,623,umol m^-2  s^-1,npp,32.27,NA,hermatypic coral,10,12-Aug,1.13438318,-0.823223211,1.957606391
silbiger2019,silbiger2019,suppdatafile,pop,Orbicella,franksi,32,C,net photosynthesis,0.75736902,umol O2 cm^-2 h^-1,umol_o2,cm^2,hr,NA,NA,NA,M,lab,NA,NA,location,bermuda,623,623,umol m^-2  s^-1,npp,32.27,NA,hermatypic coral,10,12-Aug,0.75736902,-0.553386697,1.310755718
hadjioannou2019,hadjioannou2019,figure 3a,pop,Cladocora,caespitosa,17,C,respiration,,umol O2 cm^-2 h^-1,umol_o2,cm^2,hr,0.209558824,SEM,3,M,lab,NA,NA,nutrient,low,0,0,umol m^-2  s^-1,r,34.58,NA,hermatypic coral,4,4,0.476322348,-0.275735294,7.78E-04
hadjioannou2019,hadjioannou2019,figure 3a,pop,Cladocora,caespitosa,24,C,respiration,,umol O2 cm^-2 h^-1,umol_o2,cm^2,hr,0.193014706,SEM,3,M,lab,NA,NA,nutrient,low,0,0,umol m^-2  s^-1,r,34.58,NA,hermatypic coral,4,4,-0.069251362,-0.463235294,2.37E-04
hadjioannou2019,hadjioannou2019,figure 3a,pop,Cladocora,caespitosa,29,C,respiration,,umol O2 cm^-2 h^-1,umol_o2,cm^2,hr,0.457720588,SEM,3,M,lab,NA,NA,nutrient,low,0,0,umol m^-2  s^-1,r,34.58,NA,hermatypic coral,4,4,-0.256512508,-1.753676471,0.001222
hadjioannou2019,hadjioannou2019,figure 3a,pop,Cladocora,caespitosa,17,C,respiration,,umol O2 cm^-2 h^-1,umol_o2,cm^2,hr,0.044117647,SEM,3,M,lab,NA,NA,nutrient,high,0,0,umol m^-2  s^-1,r,34.58,NA,hermatypic coral,4,4,0.46230961,-0.341911765,-7.02E-05
hadjioannou2019,hadjioannou2019,figure 3a,pop,Cladocora,caespitosa,24,C,respiration,,umol O2 cm^-2 h^-1,umol_o2,cm^2,hr,0.121323529,SEM,3,M,lab,NA,NA,nutrient,high,0,0,umol m^-2  s^-1,r,34.58,NA,hermatypic coral,4,4,0.795716791,-0.595588235,1.55E-04
hadjioannou2019,hadjioannou2019,figure 3a,pop,Cladocora,caespitosa,29,C,respiration,,umol O2 cm^-2 h^-1,umol_o2,cm^2,hr,0.545955882,SEM,3,M,lab,NA,NA,nutrient,high,0,0,umol m^-2  s^-1,r,34.58,NA,hermatypic coral,4,4,0.215175852,-2.216911765,7.85E-04
becker2021,becker2021,suppdatafile,pop,Pocillopora,spp.,20.04955102,C,R,0.331659709,umol cm^-2 hr^-1,umol_o2,cm^2,hr,,,,M,lab,,,treatment,control,0,0,umol m^-2  s^-1,r,-17.5388,,hermatypic coral,13,13,0.334938612,-0.331659709,0.66659832
becker2021,becker2021,suppdatafile,pop,Pocillopora,spp.,21.80920408,C,R,0.312285848,umol cm^-2 hr^-1,umol_o2,cm^2,hr,,,,M,lab,,,treatment,control,0,0,umol m^-2  s^-1,r,-17.5388,,hermatypic coral,13,13,0.504971361,-0.312285848,0.817257209
becker2021,becker2021,suppdatafile,pop,Pocillopora,spp.,23.89463265,C,R,0.353664189,umol cm^-2 hr^-1,umol_o2,cm^2,hr,,,,M,lab,,,treatment,control,0,0,umol m^-2  s^-1,r,-17.5388,,hermatypic coral,13,13,0.652423914,-0.353664189,1.006088103
becker2021,becker2021,suppdatafile,pop,Pocillopora,spp.,28.06728571,C,R,0.475877376,umol cm^-2 hr^-1,umol_o2,cm^2,hr,,,,M,lab,,,treatment,control,0,0,umol m^-2  s^-1,r,-17.5388,,hermatypic coral,13,13,0.696404634,-0.475877376,1.17228201
becker2021,becker2021,suppdatafile,pop,Pocillopora,spp.,30.03808163,C,R,0.486012027,umol cm^-2 hr^-1,umol_o2,cm^2,hr,,,,M,lab,,,treatment,control,0,0,umol m^-2  s^-1,r,-17.5388,,hermatypic coral,13,13,0.648805276,-0.486012027,1.134817304
becker2021,becker2021,suppdatafile,pop,Pocillopora,spp.,31.86757407,C,R,0.489638191,umol cm^-2 hr^-1,umol_o2,cm^2,hr,,,,M,lab,,,treatment,control,0,0,umol m^-2  s^-1,r,-17.5388,,hermatypic coral,13,13,0.563931092,-0.489638191,1.053569283
becker2021,becker2021,suppdatafile,pop,Pocillopora,spp.,33.58612245,C,R,0.549410861,umol cm^-2 hr^-1,umol_o2,cm^2,hr,,,,M,lab,,,treatment,control,0,0,umol m^-2  s^-1,r,-17.5388,,hermatypic coral,13,13,0.432133599,-0.549410861,0.98154446
becker2021,becker2021,suppdatafile,pop,Pocillopora,spp.,35.64157143,C,R,0.542701549,umol cm^-2 hr^-1,umol_o2,cm^2,hr,,,,M,lab,,,treatment,control,0,0,umol m^-2  s^-1,r,-17.5388,,hermatypic coral,13,13,0.192661427,-0.542701549,0.735362975
becker2021,becker2021,suppdatafile,pop,Pocillopora,spp.,36.91828571,C,R,0.491816714,umol cm^-2 hr^-1,umol_o2,cm^2,hr,,,,M,lab,,,treatment,control,0,0,umol m^-2  s^-1,r,-17.5388,,hermatypic coral,13,13,-0.118632964,-0.491816714,0.37318375
becker2021,becker2021,suppdatafile,pop,Pocillopora,spp.,19.92387755,C,R,0.344201715,umol cm^-2 hr^-1,umol_o2,cm^2,hr,,,,M,lab,,,treatment,control,0,0,umol m^-2  s^-1,r,-17.5388,,hermatypic coral,13,13,0.165113815,-0.344201715,0.509315531
becker2021,becker2021,suppdatafile,pop,Pocillopora,spp.,21.95685714,C,R,0.298014866,umol cm^-2 hr^-1,umol_o2,cm^2,hr,,,,M,lab,,,treatment,control,0,0,umol m^-2  s^-1,r,-17.5388,,hermatypic coral,13,13,0.35846638,-0.298014866,0.656481246
becker2021,becker2021,suppdatafile,pop,Pocillopora,spp.,24.14142,C,R,0.322841208,umol cm^-2 hr^-1,umol_o2,cm^2,hr,,,,M,lab,,,treatment,control,0,0,umol m^-2  s^-1,r,-17.5388,,hermatypic coral,13,13,0.40342048,-0.322841208,0.726261688
becker2021,becker2021,suppdatafile,pop,Pocillopora,spp.,28.06118367,C,R,0.378582636,umol cm^-2 hr^-1,umol_o2,cm^2,hr,,,,M,lab,,,treatment,control,0,0,umol m^-2  s^-1,r,-17.5388,,hermatypic coral,13,13,0.541241452,-0.378582636,0.919824088
becker2021,becker2021,suppdatafile,pop,Pocillopora,spp.,29.8315102,C,R,0.443453194,umol cm^-2 hr^-1,umol_o2,cm^2,hr,,,,M,lab,,,treatment,control,0,0,umol m^-2  s^-1,r,-17.5388,,hermatypic coral,13,13,0.491532718,-0.443453194,0.934985911
becker2021,becker2021,suppdatafile,pop,Pocillopora,spp.,31.71697959,C,R,0.49117082,umol cm^-2 hr^-1,umol_o2,cm^2,hr,,,,M,lab,,,treatment,control,0,0,umol m^-2  s^-1,r,-17.5388,,hermatypic coral,13,13,0.471388379,-0.49117082,0.962559199
becker2021,becker2021,suppdatafile,pop,Pocillopora,spp.,33.8292449,C,R,0.559507386,umol cm^-2 hr^-1,umol_o2,cm^2,hr,,,,M,lab,,,treatment,control,0,0,umol m^-2  s^-1,r,-17.5388,,hermatypic coral,13,13,0.328540693,-0.559507386,0.888048079
becker2021,becker2021,suppdatafile,pop,Pocillopora,spp.,35.97179592,C,R,0.466807267,umol cm^-2 hr^-1,umol_o2,cm^2,hr,,,,M,lab,,,treatment,control,0,0,umol m^-2  s^-1,r,-17.5388,,hermatypic coral,13,13,0.029975565,-0.466807267,0.496782832
becker2021,becker2021,suppdatafile,pop,Pocillopora,spp.,36.6884898,C,R,0.432513685,umol cm^-2 hr^-1,umol_o2,cm^2,hr,,,,M,lab,,,treatment,control,0,0,umol m^-2  s^-1,r,-17.5388,,hermatypic coral,13,13,-0.238578796,-0.432513685,0.193934889
becker2021,becker2021,suppdatafile,pop,Pocillopora,spp.,20.1027551,C,R,0.215889405,umol cm^-2 hr^-1,umol_o2,cm^2,hr,,,,M,lab,,,treatment,control,0,0,umol m^-2  s^-1,r,-17.5388,,hermatypic coral,13,13,0.361284216,-0.215889405,0.577173621
becker2021,becker2021,suppdatafile,pop,Pocillopora,spp.,21.89730612,C,R,0.206740249,umol cm^-2 hr^-1,umol_o2,cm^2,hr,,,,M,lab,,,treatment,control,0,0,umol m^-2  s^-1,r,-17.5388,,hermatypic coral,13,13,0.485623228,-0.206740249,0.692363478
becker2021,becker2021,suppdatafile,pop,Pocillopora,spp.,24.01808163,C,R,0.250853422,umol cm^-2 hr^-1,umol_o2,cm^2,hr,,,,M,lab,,,treatment,control,0,0,umol m^-2  s^-1,r,-17.5388,,hermatypic coral,13,13,0.60828676,-0.250853422,0.859140182
becker2021,becker2021,suppdatafile,pop,Pocillopora,spp.,28.16185714,C,R,0.316619675,umol cm^-2 hr^-1,umol_o2,cm^2,hr,,,,M,lab,,,treatment,control,0,0,umol m^-2  s^-1,r,-17.5388,,hermatypic coral,13,13,0.784172242,-0.316619675,1.100791917
becker2021,becker2021,suppdatafile,pop,Pocillopora,spp.,30.16206122,C,R,0.327367681,umol cm^-2 hr^-1,umol_o2,cm^2,hr,,,,M,lab,,,treatment,control,0,0,umol m^-2  s^-1,r,-17.5388,,hermatypic coral,13,13,0.725817385,-0.327367681,1.053185066
becker2021,becker2021,suppdatafile,pop,Pocillopora,spp.,31.94114815,C,R,0.358486099,umol cm^-2 hr^-1,umol_o2,cm^2,hr,,,,M,lab,,,treatment,control,0,0,umol m^-2  s^-1,r,-17.5388,,hermatypic coral,13,13,0.634948985,-0.358486099,0.993435084
becker2021,becker2021,suppdatafile,pop,Pocillopora,spp.,33.98589796,C,R,0.399048429,umol cm^-2 hr^-1,umol_o2,cm^2,hr,,,,M,lab,,,treatment,control,0,0,umol m^-2  s^-1,r,-17.5388,,hermatypic coral,13,13,0.507291008,-0.399048429,0.906339437
becker2021,becker2021,suppdatafile,pop,Pocillopora,spp.,36.13869643,C,R,0.331886256,umol cm^-2 hr^-1,umol_o2,cm^2,hr,,,,M,lab,,,treatment,control,0,0,umol m^-2  s^-1,r,-17.5388,,hermatypic coral,13,13,0.129224335,-0.331886256,0.461110591
becker2021,becker2021,suppdatafile,pop,Pocillopora,spp.,37.08293878,C,R,0.301879552,umol cm^-2 hr^-1,umol_o2,cm^2,hr,,,,M,lab,,,treatment,control,0,0,umol m^-2  s^-1,r,-17.5388,,hermatypic coral,13,13,-0.182729888,-0.301879552,0.119149664
becker2021,becker2021,suppdatafile,pop,Pocillopora,spp.,19.98061224,C,R,0.371498236,umol cm^-2 hr^-1,umol_o2,cm^2,hr,,,,M,lab,,,treatment,control,0,0,umol m^-2  s^-1,r,-17.5388,,hermatypic coral,13,13,0.379430063,-0.371498236,0.750928299
becker2021,becker2021,suppdatafile,pop,Pocillopora,spp.,22.01106122,C,R,0.384326434,umol cm^-2 hr^-1,umol_o2,cm^2,hr,,,,M,lab,,,treatment,control,0,0,umol m^-2  s^-1,r,-17.5388,,hermatypic coral,13,13,0.522530725,-0.384326434,0.906857159
becker2021,becker2021,suppdatafile,pop,Pocillopora,spp.,24.23906,C,R,0.447170491,umol cm^-2 hr^-1,umol_o2,cm^2,hr,,,,M,lab,,,treatment,control,0,0,umol m^-2  s^-1,r,-17.5388,,hermatypic coral,13,13,0.631422629,-0.447170491,1.07859312
becker2021,becker2021,suppdatafile,pop,Pocillopora,spp.,28.20940816,C,R,0.526216412,umol cm^-2 hr^-1,umol_o2,cm^2,hr,,,,M,lab,,,treatment,control,0,0,umol m^-2  s^-1,r,-17.5388,,hermatypic coral,13,13,0.810899076,-0.526216412,1.337115488
becker2021,becker2021,suppdatafile,pop,Pocillopora,spp.,29.96691837,C,R,0.570594626,umol cm^-2 hr^-1,umol_o2,cm^2,hr,,,,M,lab,,,treatment,control,0,0,umol m^-2  s^-1,r,-17.5388,,hermatypic coral,13,13,0.605048858,-0.570594626,1.175643485
becker2021,becker2021,suppdatafile,pop,Pocillopora,spp.,31.86910204,C,R,0.748547364,umol cm^-2 hr^-1,umol_o2,cm^2,hr,,,,M,lab,,,treatment,control,0,0,umol m^-2  s^-1,r,-17.5388,,hermatypic coral,13,13,0.560680099,-0.748547364,1.309227463
becker2021,becker2021,suppdatafile,pop,Pocillopora,spp.,34.14357143,C,R,0.810617542,umol cm^-2 hr^-1,umol_o2,cm^2,hr,,,,M,lab,,,treatment,control,0,0,umol m^-2  s^-1,r,-17.5388,,hermatypic coral,13,13,0.481832199,0.810617542,1.292449741
becker2021,becker2021,suppdatafile,pop,Pocillopora,spp.,36.08622449,C,R,0.702748433,umol cm^-2 hr^-1,umol_o2,cm^2,hr,,,,M,lab,,,treatment,control,0,0,umol m^-2  s^-1,r,-17.5388,,hermatypic coral,13,13,0.29915835,-0.702748433,1.001906783
becker2021,becker2021,suppdatafile,pop,Pocillopora,spp.,36.9135102,C,R,0.61378067,umol cm^-2 hr^-1,umol_o2,cm^2,hr,,,,M,lab,,,treatment,control,0,0,umol m^-2  s^-1,r,-17.5388,,hermatypic coral,13,13,-0.284841677,0.61378067,0.328938993
becker2021,becker2021,suppdatafile,pop,Pocillopora,spp.,20.08838,C,R,0.260204968,umol cm^-2 hr^-1,umol_o2,cm^2,hr,,,,M,lab,,,treatment,control,0,0,umol m^-2  s^-1,r,-17.5388,,hermatypic coral,13,13,0.290909783,0.260204968,0.551114751
becker2021,becker2021,suppdatafile,pop,Pocillopora,spp.,22.05589796,C,R,0.261157682,umol cm^-2 hr^-1,umol_o2,cm^2,hr,,,,M,lab,,,treatment,control,0,0,umol m^-2  s^-1,r,-17.5388,,hermatypic coral,13,13,0.331423718,-0.261157682,0.5925814
becker2021,becker2021,suppdatafile,pop,Pocillopora,spp.,24.2922449,C,R,0.291747096,umol cm^-2 hr^-1,umol_o2,cm^2,hr,,,,M,lab,,,treatment,control,0,0,umol m^-2  s^-1,r,-17.5388,,hermatypic coral,13,13,0.490699442,-0.291747096,0.782446537
becker2021,becker2021,suppdatafile,pop,Pocillopora,spp.,28.1482449,C,R,0.337923705,umol cm^-2 hr^-1,umol_o2,cm^2,hr,,,,M,lab,,,treatment,control,0,0,umol m^-2  s^-1,r,-17.5388,,hermatypic coral,13,13,0.636406535,-0.337923705,0.97433024
becker2021,becker2021,suppdatafile,pop,Pocillopora,spp.,30.02487755,C,R,0.365830903,umol cm^-2 hr^-1,umol_o2,cm^2,hr,,,,M,lab,,,treatment,control,0,0,umol m^-2  s^-1,r,-17.5388,,hermatypic coral,13,13,0.584740212,-0.365830903,0.950571115
becker2021,becker2021,suppdatafile,pop,Pocillopora,spp.,31.93991837,C,R,0.399987954,umol cm^-2 hr^-1,umol_o2,cm^2,hr,,,,M,lab,,,treatment,control,0,0,umol m^-2  s^-1,r,-17.5388,,hermatypic coral,13,13,0.536095887,-0.399987954,0.936083842
becker2021,becker2021,suppdatafile,pop,Pocillopora,spp.,33.81738776,C,R,0.496072299,umol cm^-2 hr^-1,umol_o2,cm^2,hr,,,,M,lab,,,treatment,control,0,0,umol m^-2  s^-1,r,-17.5388,,hermatypic coral,13,13,0.296261793,-0.496072299,0.792334092
becker2021,becker2021,suppdatafile,pop,Pocillopora,spp.,36.06102041,C,R,0.455931551,umol cm^-2 hr^-1,umol_o2,cm^2,hr,,,,M,lab,,,treatment,control,0,0,umol m^-2  s^-1,r,-17.5388,,hermatypic coral,13,13,-0.031054872,-0.455931551,0.424876679
becker2021,becker2021,suppdatafile,pop,Pocillopora,spp.,36.86167347,C,R,0.405968296,umol cm^-2 hr^-1,umol_o2,cm^2,hr,,,,M,lab,,,treatment,control,0,0,umol m^-2  s^-1,r,-17.5388,,hermatypic coral,13,13,-0.278436091,-0.405968296,0.127532205
becker2021,becker2021,suppdatafile,pop,Pocillopora,spp.,20.07420408,C,R,0.284219081,umol cm^-2 hr^-1,umol_o2,cm^2,hr,,,,M,lab,,,treatment,control,0,0,umol m^-2  s^-1,r,-17.5388,,hermatypic coral,13,13,0.423801785,-0.284219081,0.708020866
becker2021,becker2021,suppdatafile,pop,Pocillopora,spp.,22.0162449,C,R,0.342316058,umol cm^-2 hr^-1,umol_o2,cm^2,hr,,,,M,lab,,,treatment,control,0,0,umol m^-2  s^-1,r,-17.5388,,hermatypic coral,13,13,0.52572377,-0.342316058,0.868039828
becker2021,becker2021,suppdatafile,pop,Pocillopora,spp.,24.26382,C,R,0.415235059,umol cm^-2 hr^-1,umol_o2,cm^2,hr,,,,M,lab,,,treatment,control,0,0,umol m^-2  s^-1,r,-17.5388,,hermatypic coral,13,13,0.558081959,0.415235059,0.973317018
becker2021,becker2021,suppdatafile,pop,Pocillopora,spp.,28.2214898,C,R,0.457314348,umol cm^-2 hr^-1,umol_o2,cm^2,hr,,,,M,lab,,,treatment,control,0,0,umol m^-2  s^-1,r,-17.5388,,hermatypic coral,13,13,0.74659597,-0.457314348,1.203910318
becker2021,becker2021,suppdatafile,pop,Pocillopora,spp.,30.01,C,R,0.487110675,umol cm^-2 hr^-1,umol_o2,cm^2,hr,,,,M,lab,,,treatment,control,0,0,umol m^-2  s^-1,r,-17.5388,,hermatypic coral,13,13,0.632248334,-0.487110675,1.119359009
becker2021,becker2021,suppdatafile,pop,Pocillopora,spp.,31.93310204,C,R,0.549422734,umol cm^-2 hr^-1,umol_o2,cm^2,hr,,,,M,lab,,,treatment,control,0,0,umol m^-2  s^-1,r,-17.5388,,hermatypic coral,13,13,0.614163758,-0.549422734,1.163586492
becker2021,becker2021,suppdatafile,pop,Pocillopora,spp.,33.97208163,C,R,0.619664945,umol cm^-2 hr^-1,umol_o2,cm^2,hr,,,,M,lab,,,treatment,control,0,0,umol m^-2  s^-1,r,-17.5388,,hermatypic coral,13,13,0.375982545,-0.619664945,0.99564749
becker2021,becker2021,suppdatafile,pop,Pocillopora,spp.,36.2595,C,R,0.637178531,umol cm^-2 hr^-1,umol_o2,cm^2,hr,,,,M,lab,,,treatment,control,0,0,umol m^-2  s^-1,r,-17.5388,,hermatypic coral,13,13,0.019987881,-0.637178531,0.657166411
becker2021,becker2021,suppdatafile,pop,Pocillopora,spp.,36.93016327,C,R,0.579707313,umol cm^-2 hr^-1,umol_o2,cm^2,hr,,,,M,lab,,,treatment,control,0,0,umol m^-2  s^-1,r,-17.5388,,hermatypic coral,13,13,-0.237762956,-0.579707313,0.341944357
becker2021,becker2021,suppdatafile,pop,Pocillopora,spp.,19.85106122,C,R,0.200476633,umol cm^-2 hr^-1,umol_o2,cm^2,hr,,,,M,lab,,,treatment,control,0,0,umol m^-2  s^-1,r,-17.5388,,hermatypic coral,13,13,0.211658237,-0.200476633,0.41213487
becker2021,becker2021,suppdatafile,pop,Pocillopora,spp.,21.74097959,C,R,0.238394087,umol cm^-2 hr^-1,umol_o2,cm^2,hr,,,,M,lab,,,treatment,control,0,0,umol m^-2  s^-1,r,-17.5388,,hermatypic coral,13,13,0.375040865,-0.238394087,0.613434952
becker2021,becker2021,suppdatafile,pop,Pocillopora,spp.,23.75418367,C,R,0.287019078,umol cm^-2 hr^-1,umol_o2,cm^2,hr,,,,M,lab,,,treatment,control,0,0,umol m^-2  s^-1,r,-17.5388,,hermatypic coral,13,13,0.421977102,-0.287019078,0.70899618
becker2021,becker2021,suppdatafile,pop,Pocillopora,spp.,28.05914286,C,R,0.368385553,umol cm^-2 hr^-1,umol_o2,cm^2,hr,,,,M,lab,,,treatment,control,0,0,umol m^-2  s^-1,r,-17.5388,,hermatypic coral,13,13,0.540017164,-0.368385553,0.908402717
becker2021,becker2021,suppdatafile,pop,Pocillopora,spp.,29.93659184,C,R,0.429852532,umol cm^-2 hr^-1,umol_o2,cm^2,hr,,,,M,lab,,,treatment,control,0,0,umol m^-2  s^-1,r,-17.5388,,hermatypic coral,13,13,0.444795157,-0.429852532,0.874647689
becker2021,becker2021,suppdatafile,pop,Pocillopora,spp.,31.70654717,C,R,0.446334865,umol cm^-2 hr^-1,umol_o2,cm^2,hr,,,,M,lab,,,treatment,control,0,0,umol m^-2  s^-1,r,-17.5388,,hermatypic coral,13,13,0.378286845,-0.446334865,0.82462171
becker2021,becker2021,suppdatafile,pop,Pocillopora,spp.,33.61155102,C,R,0.427387042,umol cm^-2 hr^-1,umol_o2,cm^2,hr,,,,M,lab,,,treatment,control,0,0,umol m^-2  s^-1,r,-17.5388,,hermatypic coral,13,13,0.204871245,-0.427387042,0.632258287
becker2021,becker2021,suppdatafile,pop,Pocillopora,spp.,35.77903571,C,R,0.382520484,umol cm^-2 hr^-1,umol_o2,cm^2,hr,,,,M,lab,,,treatment,control,0,0,umol m^-2  s^-1,r,-17.5388,,hermatypic coral,13,13,0.050873355,-0.382520484,0.433393839
becker2021,becker2021,suppdatafile,pop,Pocillopora,spp.,36.7914898,C,R,0.307294635,umol cm^-2 hr^-1,umol_o2,cm^2,hr,,,,M,lab,,,treatment,control,0,0,umol m^-2  s^-1,r,-17.5388,,hermatypic coral,13,13,-0.206717427,-0.307294635,0.100577208
becker2021,becker2021,suppdatafile,pop,Pocillopora,spp.,20.03706122,C,R,0.384925541,umol cm^-2 hr^-1,umol_o2,cm^2,hr,,,,M,lab,,,treatment,control,0,0,umol m^-2  s^-1,r,-17.5388,,hermatypic coral,13,13,0.386076375,-0.384925541,0.771001916
becker2021,becker2021,suppdatafile,pop,Pocillopora,spp.,21.9207551,C,R,0.393915145,umol cm^-2 hr^-1,umol_o2,cm^2,hr,,,,M,lab,,,treatment,control,0,0,umol m^-2  s^-1,r,-17.5388,,hermatypic coral,13,13,0.49569881,-0.393915145,0.889613956
becker2021,becker2021,suppdatafile,pop,Pocillopora,spp.,24.17066,C,R,0.444484203,umol cm^-2 hr^-1,umol_o2,cm^2,hr,,,,M,lab,,,treatment,control,0,0,umol m^-2  s^-1,r,-17.5388,,hermatypic coral,13,13,0.542757173,-0.444484203,0.987241376
becker2021,becker2021,suppdatafile,pop,Pocillopora,spp.,28.14287755,C,R,0.541219639,umol cm^-2 hr^-1,umol_o2,cm^2,hr,,,,M,lab,,,treatment,control,0,0,umol m^-2  s^-1,r,-17.5388,,hermatypic coral,13,13,0.634428607,-0.541219639,1.175648245
becker2021,becker2021,suppdatafile,pop,Pocillopora,spp.,29.96314286,C,R,0.659507087,umol cm^-2 hr^-1,umol_o2,cm^2,hr,,,,M,lab,,,treatment,control,0,0,umol m^-2  s^-1,r,-17.5388,,hermatypic coral,13,13,0.615335518,-0.659507087,1.274842605
becker2021,becker2021,suppdatafile,pop,Pocillopora,spp.,31.86863265,C,R,0.729786012,umol cm^-2 hr^-1,umol_o2,cm^2,hr,,,,M,lab,,,treatment,control,0,0,umol m^-2  s^-1,r,-17.5388,,hermatypic coral,13,13,0.491756523,-0.729786012,1.221542535
becker2021,becker2021,suppdatafile,pop,Pocillopora,spp.,33.89230612,C,R,0.810102777,umol cm^-2 hr^-1,umol_o2,cm^2,hr,,,,M,lab,,,treatment,control,0,0,umol m^-2  s^-1,r,-17.5388,,hermatypic coral,13,13,0.47721164,-0.810102777,1.287314417
becker2021,becker2021,suppdatafile,pop,Pocillopora,spp.,35.92508163,C,R,0.735800153,umol cm^-2 hr^-1,umol_o2,cm^2,hr,,,,M,lab,,,treatment,control,0,0,umol m^-2  s^-1,r,-17.5388,,hermatypic coral,13,13,0.189640175,-0.735800153,0.925440328
becker2021,becker2021,suppdatafile,pop,Pocillopora,spp.,36.78789796,C,R,0.683584095,umol cm^-2 hr^-1,umol_o2,cm^2,hr,,,,M,lab,,,treatment,control,0,0,umol m^-2  s^-1,r,-17.5388,,hermatypic coral,13,13,-0.211560798,-0.683584095,0.472023298
becker2021,becker2021,suppdatafile,pop,Pocillopora,spp.,20.33967347,C,R,0.564519657,umol cm^-2 hr^-1,umol_o2,cm^2,hr,,,,M,lab,,,treatment,control,0,0,umol m^-2  s^-1,r,-17.5388,,hermatypic coral,13,13,0.209271175,-0.564519657,0.773790833
becker2021,becker2021,suppdatafile,pop,Pocillopora,spp.,21.95857143,C,R,0.612280316,umol cm^-2 hr^-1,umol_o2,cm^2,hr,,,,M,lab,,,treatment,control,0,0,umol m^-2  s^-1,r,-17.5388,,hermatypic coral,13,13,0.388896126,-0.612280316,1.001176442
becker2021,becker2021,suppdatafile,pop,Pocillopora,spp.,23.97683673,C,R,0.633181218,umol cm^-2 hr^-1,umol_o2,cm^2,hr,,,,M,lab,,,treatment,control,0,0,umol m^-2  s^-1,r,-17.5388,,hermatypic coral,13,13,0.477704407,-0.633181218,1.110885624
becker2021,becker2021,suppdatafile,pop,Pocillopora,spp.,28.27020408,C,R,0.749353643,umol cm^-2 hr^-1,umol_o2,cm^2,hr,,,,M,lab,,,treatment,control,0,0,umol m^-2  s^-1,r,-17.5388,,hermatypic coral,13,13,0.586800752,-0.749353643,1.336154396
becker2021,becker2021,suppdatafile,pop,Pocillopora,spp.,30.12797959,C,R,0.729907569,umol cm^-2 hr^-1,umol_o2,cm^2,hr,,,,M,lab,,,treatment,control,0,0,umol m^-2  s^-1,r,-17.5388,,hermatypic coral,13,13,0.583107926,-0.729907569,1.313015495
becker2021,becker2021,suppdatafile,pop,Pocillopora,spp.,31.90340741,C,R,0.84086219,umol cm^-2 hr^-1,umol_o2,cm^2,hr,,,,M,lab,,,treatment,control,0,0,umol m^-2  s^-1,r,-17.5388,,hermatypic coral,13,13,0.497110196,-0.84086219,1.337972386
becker2021,becker2021,suppdatafile,pop,Pocillopora,spp.,34.03679592,C,R,0.958792118,umol cm^-2 hr^-1,umol_o2,cm^2,hr,,,,M,lab,,,treatment,control,0,0,umol m^-2  s^-1,r,-17.5388,,hermatypic coral,13,13,0.365441384,-0.958792118,1.324233502
becker2021,becker2021,suppdatafile,pop,Pocillopora,spp.,36.09833929,C,R,0.957760606,umol cm^-2 hr^-1,umol_o2,cm^2,hr,,,,M,lab,,,treatment,control,0,0,umol m^-2  s^-1,r,-17.5388,,hermatypic coral,13,13,0.070886955,-0.957760606,1.028647561
becker2021,becker2021,suppdatafile,pop,Pocillopora,spp.,37.10614286,C,R,0.893627002,umol cm^-2 hr^-1,umol_o2,cm^2,hr,,,,M,lab,,,treatment,control,0,0,umol m^-2  s^-1,r,-17.5388,,hermatypic coral,13,13,-0.25738664,-0.893627002,0.636240363
becker2021,becker2021,suppdatafile,pop,Pocillopora,spp.,20.21416327,C,R,0.221828663,umol cm^-2 hr^-1,umol_o2,cm^2,hr,,,,M,lab,,,treatment,control,0,0,umol m^-2  s^-1,r,-17.5388,,hermatypic coral,13,13,0.289549356,-0.221828663,0.511378019
becker2021,becker2021,suppdatafile,pop,Pocillopora,spp.,21.99346939,C,R,0.289382512,umol cm^-2 hr^-1,umol_o2,cm^2,hr,,,,M,lab,,,treatment,control,0,0,umol m^-2  s^-1,r,-17.5388,,hermatypic coral,13,13,0.409250492,-0.289382512,0.698633004
becker2021,becker2021,suppdatafile,pop,Pocillopora,spp.,24.13525,C,R,0.471829004,umol cm^-2 hr^-1,umol_o2,cm^2,hr,,,,M,lab,,,treatment,control,0,0,umol m^-2  s^-1,r,-17.5388,,hermatypic coral,13,13,0.519210686,-0.471829004,0.99103969
becker2021,becker2021,suppdatafile,pop,Pocillopora,spp.,28.02544,C,R,0.389761861,umol cm^-2 hr^-1,umol_o2,cm^2,hr,,,,M,lab,,,treatment,control,0,0,umol m^-2  s^-1,r,-17.5388,,hermatypic coral,13,13,0.698354065,-0.389761861,1.088115926
becker2021,becker2021,suppdatafile,pop,Pocillopora,spp.,30.1820625,C,R,0.388135453,umol cm^-2 hr^-1,umol_o2,cm^2,hr,,,,M,lab,,,treatment,control,0,0,umol m^-2  s^-1,r,-17.5388,,hermatypic coral,13,13,0.649816383,-0.388135453,1.037951837
becker2021,becker2021,suppdatafile,pop,Pocillopora,spp.,31.91491837,C,R,0.477886517,umol cm^-2 hr^-1,umol_o2,cm^2,hr,,,,M,lab,,,treatment,control,0,0,umol m^-2  s^-1,r,-17.5388,,hermatypic coral,13,13,0.545907451,-0.477886517,1.023793968
becker2021,becker2021,suppdatafile,pop,Pocillopora,spp.,33.70589583,C,R,0.532881569,umol cm^-2 hr^-1,umol_o2,cm^2,hr,,,,M,lab,,,treatment,control,0,0,umol m^-2  s^-1,r,-17.5388,,hermatypic coral,13,13,0.376071952,-0.532881569,0.908953521
becker2021,becker2021,suppdatafile,pop,Pocillopora,spp.,35.85537736,C,R,0.496725134,umol cm^-2 hr^-1,umol_o2,cm^2,hr,,,,M,lab,,,treatment,control,0,0,umol m^-2  s^-1,r,-17.5388,,hermatypic coral,13,13,0.08474376,-0.496725134,0.581468894
becker2021,becker2021,suppdatafile,pop,Pocillopora,spp.,36.84963265,C,R,0.423155707,umol cm^-2 hr^-1,umol_o2,cm^2,hr,,,,M,lab,,,treatment,control,0,0,umol m^-2  s^-1,r,-17.5388,,hermatypic coral,13,13,-0.185383869,-0.423155707,0.237771838
becker2021,becker2021,suppdatafile,pop,Pocillopora,spp.,20.206125,C,R,0.255628278,umol cm^-2 hr^-1,umol_o2,cm^2,hr,,,,M,lab,,,treatment,control,0,0,umol m^-2  s^-1,r,-17.5388,,hermatypic coral,13,13,0.316263394,-0.255628278,0.571891672
becker2021,becker2021,suppdatafile,pop,Pocillopora,spp.,22.05416327,C,R,0.255847468,umol cm^-2 hr^-1,umol_o2,cm^2,hr,,,,M,lab,,,treatment,control,0,0,umol m^-2  s^-1,r,-17.5388,,hermatypic coral,13,13,0.425581763,-0.255847468,0.68142923
becker2021,becker2021,suppdatafile,pop,Pocillopora,spp.,24.14083333,C,R,0.277706133,umol cm^-2 hr^-1,umol_o2,cm^2,hr,,,,M,lab,,,treatment,control,0,0,umol m^-2  s^-1,r,-17.5388,,hermatypic coral,13,13,0.52375129,-0.277706133,0.801457423
becker2021,becker2021,suppdatafile,pop,Pocillopora,spp.,28.22178,C,R,0.360335949,umol cm^-2 hr^-1,umol_o2,cm^2,hr,,,,M,lab,,,treatment,control,0,0,umol m^-2  s^-1,r,-17.5388,,hermatypic coral,13,13,0.632005503,-0.360335949,0.992341453
becker2021,becker2021,suppdatafile,pop,Pocillopora,spp.,30.19228571,C,R,0.372526539,umol cm^-2 hr^-1,umol_o2,cm^2,hr,,,,M,lab,,,treatment,control,0,0,umol m^-2  s^-1,r,-17.5388,,hermatypic coral,13,13,0.569480769,-0.372526539,0.942007308
becker2021,becker2021,suppdatafile,pop,Pocillopora,spp.,31.96695918,C,R,0.41710243,umol cm^-2 hr^-1,umol_o2,cm^2,hr,,,,M,lab,,,treatment,control,0,0,umol m^-2  s^-1,r,-17.5388,,hermatypic coral,13,13,0.53346806,-0.41710243,0.95057049
becker2021,becker2021,suppdatafile,pop,Pocillopora,spp.,33.82847917,C,R,0.50167307,umol cm^-2 hr^-1,umol_o2,cm^2,hr,,,,M,lab,,,treatment,control,0,0,umol m^-2  s^-1,r,-17.5388,,hermatypic coral,13,13,0.31307344,-0.50167307,0.814746509
becker2021,becker2021,suppdatafile,pop,Pocillopora,spp.,36.05777358,C,R,0.459564862,umol cm^-2 hr^-1,umol_o2,cm^2,hr,,,,M,lab,,,treatment,control,0,0,umol m^-2  s^-1,r,-17.5388,,hermatypic coral,13,13,0.0681171,-0.459564862,0.527681963
becker2021,becker2021,suppdatafile,pop,Pocillopora,spp.,37.03197959,C,R,0.40650623,umol cm^-2 hr^-1,umol_o2,cm^2,hr,,,,M,lab,,,treatment,control,0,0,umol m^-2  s^-1,r,-17.5388,,hermatypic coral,13,13,-0.158934222,-0.40650623,0.247572007
becker2021,becker2021,suppdatafile,pop,Pocillopora,spp.,19.9975102,C,R,0.306776522,umol cm^-2 hr^-1,umol_o2,cm^2,hr,,,,M,lab,,,treatment,control,0,0,umol m^-2  s^-1,r,-17.5388,,hermatypic coral,13,13,0.104225243,-0.306776522,0.411001765
becker2021,becker2021,suppdatafile,pop,Pocillopora,spp.,21.8362449,C,R,0.315635268,umol cm^-2 hr^-1,umol_o2,cm^2,hr,,,,M,lab,,,treatment,control,0,0,umol m^-2  s^-1,r,-17.5388,,hermatypic coral,13,13,0.119195408,-0.315635268,0.434830676
becker2021,becker2021,suppdatafile,pop,Pocillopora,spp.,23.79195918,C,R,0.357880019,umol cm^-2 hr^-1,umol_o2,cm^2,hr,,,,M,lab,,,treatment,control,0,0,umol m^-2  s^-1,r,-17.5388,,hermatypic coral,13,13,0.157855685,-0.357880019,0.515735703
becker2021,becker2021,suppdatafile,pop,Pocillopora,spp.,27.99206,C,R,0.426863162,umol cm^-2 hr^-1,umol_o2,cm^2,hr,,,,M,lab,,,treatment,control,0,0,umol m^-2  s^-1,r,-17.5388,,hermatypic coral,13,13,0.318300036,-0.426863162,0.745163199
becker2021,becker2021,suppdatafile,pop,Pocillopora,spp.,29.9133125,C,R,0.435164946,umol cm^-2 hr^-1,umol_o2,cm^2,hr,,,,M,lab,,,treatment,control,0,0,umol m^-2  s^-1,r,-17.5388,,hermatypic coral,13,13,0.269892989,-0.435164946,0.705057936
becker2021,becker2021,suppdatafile,pop,Pocillopora,spp.,31.76585714,C,R,0.539286883,umol cm^-2 hr^-1,umol_o2,cm^2,hr,,,,M,lab,,,treatment,control,0,0,umol m^-2  s^-1,r,-17.5388,,hermatypic coral,13,13,0.228842733,-0.539286883,0.768129616
becker2021,becker2021,suppdatafile,pop,Pocillopora,spp.,33.577625,C,R,0.569756002,umol cm^-2 hr^-1,umol_o2,cm^2,hr,,,,M,lab,,,treatment,control,0,0,umol m^-2  s^-1,r,-17.5388,,hermatypic coral,13,13,0.081935232,-0.569756002,0.651691235
becker2021,becker2021,suppdatafile,pop,Pocillopora,spp.,35.58739623,C,R,0.590491918,umol cm^-2 hr^-1,umol_o2,cm^2,hr,,,,M,lab,,,treatment,control,0,0,umol m^-2  s^-1,r,-17.5388,,hermatypic coral,13,13,-0.065008095,-0.590491918,0.525483822
becker2021,becker2021,suppdatafile,pop,Pocillopora,spp.,20.18218,C,R,0.161115772,umol cm^-2 hr^-1,umol_o2,cm^2,hr,,,,M,lab,,,treatment,control,0,0,umol m^-2  s^-1,r,-17.5388,,hermatypic coral,13,13,0.276707774,-0.161115772,0.437823545
becker2021,becker2021,suppdatafile,pop,Pocillopora,spp.,22.16081633,C,R,0.210114428,umol cm^-2 hr^-1,umol_o2,cm^2,hr,,,,M,lab,,,treatment,control,0,0,umol m^-2  s^-1,r,-17.5388,,hermatypic coral,13,13,0.228150224,-0.210114428,0.438264651
becker2021,becker2021,suppdatafile,pop,Pocillopora,spp.,24.1457551,C,R,0.231210432,umol cm^-2 hr^-1,umol_o2,cm^2,hr,,,,M,lab,,,treatment,control,0,0,umol m^-2  s^-1,r,-17.5388,,hermatypic coral,13,13,0.264672442,-0.231210432,0.495882874
becker2021,becker2021,suppdatafile,pop,Pocillopora,spp.,28.24597959,C,R,0.180584054,umol cm^-2 hr^-1,umol_o2,cm^2,hr,,,,M,lab,,,treatment,control,0,0,umol m^-2  s^-1,r,-17.5388,,hermatypic coral,13,13,0.265621203,-0.180584054,0.446205257
becker2021,becker2021,suppdatafile,pop,Pocillopora,spp.,30.0482449,C,R,0.295397034,umol cm^-2 hr^-1,umol_o2,cm^2,hr,,,,M,lab,,,treatment,control,0,0,umol m^-2  s^-1,r,-17.5388,,hermatypic coral,13,13,0.23730822,-0.295397034,0.532705254
becker2021,becker2021,suppdatafile,pop,Pocillopora,spp.,31.89961224,C,R,0.311882293,umol cm^-2 hr^-1,umol_o2,cm^2,hr,,,,M,lab,,,treatment,control,0,0,umol m^-2  s^-1,r,-17.5388,,hermatypic coral,13,13,0.196837185,-0.311882293,0.508719478
becker2021,becker2021,suppdatafile,pop,Pocillopora,spp.,33.94542857,C,R,0.387243045,umol cm^-2 hr^-1,umol_o2,cm^2,hr,,,,M,lab,,,treatment,control,0,0,umol m^-2  s^-1,r,-17.5388,,hermatypic coral,13,13,0.046417971,-0.387243045,0.433661016
becker2021,becker2021,suppdatafile,pop,Pocillopora,spp.,35.92977551,C,R,0.37712056,umol cm^-2 hr^-1,umol_o2,cm^2,hr,,,,M,lab,,,treatment,control,0,0,umol m^-2  s^-1,r,-17.5388,,hermatypic coral,13,13,-0.092117353,-0.37712056,0.285003207
becker2021,becker2021,suppdatafile,pop,Pocillopora,spp.,36.85720408,C,R,0.367497898,umol cm^-2 hr^-1,umol_o2,cm^2,hr,,,,M,lab,,,treatment,control,0,0,umol m^-2  s^-1,r,-17.5388,,hermatypic coral,13,13,-0.323810619,-0.367497898,0.043687279
becker2021,becker2021,suppdatafile,pop,Pocillopora,spp.,19.8988,C,R,0.288742327,umol cm^-2 hr^-1,umol_o2,cm^2,hr,,,,M,lab,,,treatment,control,0,0,umol m^-2  s^-1,r,-17.5388,,hermatypic coral,13,13,0.243405322,-0.288742327,0.532147648
becker2021,becker2021,suppdatafile,pop,Pocillopora,spp.,22.02767347,C,R,0.223448359,umol cm^-2 hr^-1,umol_o2,cm^2,hr,,,,M,lab,,,treatment,control,0,0,umol m^-2  s^-1,r,-17.5388,,hermatypic coral,13,13,0.343190083,-0.223448359,0.566638442
becker2021,becker2021,suppdatafile,pop,Pocillopora,spp.,24.16334694,C,R,0.261385621,umol cm^-2 hr^-1,umol_o2,cm^2,hr,,,,M,lab,,,treatment,control,0,0,umol m^-2  s^-1,r,-17.5388,,hermatypic coral,13,13,0.465755392,-0.261385621,0.727141013
becker2021,becker2021,suppdatafile,pop,Pocillopora,spp.,28.12469388,C,R,0.359236309,umol cm^-2 hr^-1,umol_o2,cm^2,hr,,,,M,lab,,,treatment,control,0,0,umol m^-2  s^-1,r,-17.5388,,hermatypic coral,13,13,0.57474957,-0.359236309,0.933985879
becker2021,becker2021,suppdatafile,pop,Pocillopora,spp.,30.06430612,C,R,0.411140466,umol cm^-2 hr^-1,umol_o2,cm^2,hr,,,,M,lab,,,treatment,control,0,0,umol m^-2  s^-1,r,-17.5388,,hermatypic coral,13,13,0.505697343,-0.411140466,0.916837809
becker2021,becker2021,suppdatafile,pop,Pocillopora,spp.,31.91761224,C,R,0.417885937,umol cm^-2 hr^-1,umol_o2,cm^2,hr,,,,M,lab,,,treatment,control,0,0,umol m^-2  s^-1,r,-17.5388,,hermatypic coral,13,13,0.456975313,-0.417885937,0.87486125
becker2021,becker2021,suppdatafile,pop,Pocillopora,spp.,33.92269388,C,R,0.491982278,umol cm^-2 hr^-1,umol_o2,cm^2,hr,,,,M,lab,,,treatment,control,0,0,umol m^-2  s^-1,r,-17.5388,,hermatypic coral,13,13,0.205615107,-0.491982278,0.697597385
becker2021,becker2021,suppdatafile,pop,Pocillopora,spp.,35.93979592,C,R,0.487788812,umol cm^-2 hr^-1,umol_o2,cm^2,hr,,,,M,lab,,,treatment,control,0,0,umol m^-2  s^-1,r,-17.5388,,hermatypic coral,13,13,-0.062824795,-0.487788812,0.424964017
becker2021,becker2021,suppdatafile,pop,Pocillopora,spp.,36.94012245,C,R,0.469854058,umol cm^-2 hr^-1,umol_o2,cm^2,hr,,,,M,lab,,,treatment,control,0,0,umol m^-2  s^-1,r,-17.5388,,hermatypic coral,13,13,-0.32409455,-0.469854058,0.145759508
becker2021,becker2021,suppdatafile,pop,Pocillopora,spp.,20.10671429,C,R,0.407311136,umol cm^-2 hr^-1,umol_o2,cm^2,hr,,,,M,lab,,,treatment,control,0,0,umol m^-2  s^-1,r,-17.5388,,hermatypic coral,13,13,0.262848462,-0.407311136,0.670159598
becker2021,becker2021,suppdatafile,pop,Pocillopora,spp.,21.96942857,C,R,0.399949363,umol cm^-2 hr^-1,umol_o2,cm^2,hr,,,,M,lab,,,treatment,control,0,0,umol m^-2  s^-1,r,-17.5388,,hermatypic coral,13,13,0.391939037,-0.399949363,0.7918884
becker2021,becker2021,suppdatafile,pop,Pocillopora,spp.,23.99591667,C,R,0.430036653,umol cm^-2 hr^-1,umol_o2,cm^2,hr,,,,M,lab,,,treatment,control,0,0,umol m^-2  s^-1,r,-17.5388,,hermatypic coral,13,13,0.486683538,-0.430036653,0.916720191
becker2021,becker2021,suppdatafile,pop,Pocillopora,spp.,28.186,C,R,0.511663754,umol cm^-2 hr^-1,umol_o2,cm^2,hr,,,,M,lab,,,treatment,control,0,0,umol m^-2  s^-1,r,-17.5388,,hermatypic coral,13,13,0.613047855,-0.511663754,1.124711609
becker2021,becker2021,suppdatafile,pop,Pocillopora,spp.,30.08263265,C,R,0.523072065,umol cm^-2 hr^-1,umol_o2,cm^2,hr,,,,M,lab,,,treatment,control,0,0,umol m^-2  s^-1,r,-17.5388,,hermatypic coral,13,13,0.587163291,-0.523072065,1.110235356
becker2021,becker2021,suppdatafile,pop,Pocillopora,spp.,31.89306122,C,R,0.583389856,umol cm^-2 hr^-1,umol_o2,cm^2,hr,,,,M,lab,,,treatment,control,0,0,umol m^-2  s^-1,r,-17.5388,,hermatypic coral,13,13,0.546881264,-0.583389856,1.13027112
becker2021,becker2021,suppdatafile,pop,Pocillopora,spp.,33.72175,C,R,0.688871322,umol cm^-2 hr^-1,umol_o2,cm^2,hr,,,,M,lab,,,treatment,control,0,0,umol m^-2  s^-1,r,-17.5388,,hermatypic coral,13,13,0.381086758,-0.688871322,1.06995808
becker2021,becker2021,suppdatafile,pop,Pocillopora,spp.,35.76681132,C,R,0.66333797,umol cm^-2 hr^-1,umol_o2,cm^2,hr,,,,M,lab,,,treatment,control,0,0,umol m^-2  s^-1,r,-17.5388,,hermatypic coral,13,13,0.152751849,-0.66333797,0.816089819
becker2021,becker2021,suppdatafile,pop,Pocillopora,spp.,36.79914286,C,R,0.564612484,umol cm^-2 hr^-1,umol_o2,cm^2,hr,,,,M,lab,,,treatment,control,0,0,umol m^-2  s^-1,r,-17.5388,,hermatypic coral,13,13,-0.115236931,-0.564612484,0.449375553
becker2021,becker2021,suppdatafile,pop,Pocillopora,spp.,19.90368,C,R,0.271812793,umol cm^-2 hr^-1,umol_o2,cm^2,hr,,,,M,lab,,,treatment,control,0,0,umol m^-2  s^-1,r,-17.5388,,hermatypic coral,13,13,0.222549629,-0.271812793,0.494362422
becker2021,becker2021,suppdatafile,pop,Pocillopora,spp.,21.85953061,C,R,0.271694509,umol cm^-2 hr^-1,umol_o2,cm^2,hr,,,,M,lab,,,treatment,control,0,0,umol m^-2  s^-1,r,-17.5388,,hermatypic coral,13,13,0.258993458,-0.271694509,0.530687967
becker2021,becker2021,suppdatafile,pop,Pocillopora,spp.,24.01979592,C,R,0.318234542,umol cm^-2 hr^-1,umol_o2,cm^2,hr,,,,M,lab,,,treatment,control,0,0,umol m^-2  s^-1,r,-17.5388,,hermatypic coral,13,13,0.325544728,-0.318234542,0.64377927
becker2021,becker2021,suppdatafile,pop,Pocillopora,spp.,27.91,C,R,0.338877108,umol cm^-2 hr^-1,umol_o2,cm^2,hr,,,,M,lab,,,treatment,control,0,0,umol m^-2  s^-1,r,-17.5388,,hermatypic coral,13,13,0.420808087,-0.338877108,0.759685194
becker2021,becker2021,suppdatafile,pop,Pocillopora,spp.,29.797,C,R,0.371976699,umol cm^-2 hr^-1,umol_o2,cm^2,hr,,,,M,lab,,,treatment,control,0,0,umol m^-2  s^-1,r,-17.5388,,hermatypic coral,13,13,0.35011854,-0.371976699,0.722095239
becker2021,becker2021,suppdatafile,pop,Pocillopora,spp.,31.75955102,C,R,0.409433139,umol cm^-2 hr^-1,umol_o2,cm^2,hr,,,,M,lab,,,treatment,control,0,0,umol m^-2  s^-1,r,-17.5388,,hermatypic coral,13,13,0.316627158,-0.409433139,0.726060297
becker2021,becker2021,suppdatafile,pop,Pocillopora,spp.,33.77320408,C,R,0.472244009,umol cm^-2 hr^-1,umol_o2,cm^2,hr,,,,M,lab,,,treatment,control,0,0,umol m^-2  s^-1,r,-17.5388,,hermatypic coral,13,13,0.178027647,-0.472244009,0.650271656
becker2021,becker2021,suppdatafile,pop,Pocillopora,spp.,35.67661224,C,R,0.484566741,umol cm^-2 hr^-1,umol_o2,cm^2,hr,,,,M,lab,,,treatment,control,0,0,umol m^-2  s^-1,r,-17.5388,,hermatypic coral,13,13,-0.038059623,-0.484566741,0.446507118
becker2021,becker2021,suppdatafile,pop,Pocillopora,spp.,36.63406122,C,R,0.461816691,umol cm^-2 hr^-1,umol_o2,cm^2,hr,,,,M,lab,,,treatment,control,0,0,umol m^-2  s^-1,r,-17.5388,,hermatypic coral,13,13,-0.200751471,-0.461816691,0.26106522