paper_unit,paper_id,study_id,source,org_level,genus,species,temp,temp_units,ramp_duration,ramp_duration_units,ramp_rate_per_day,response_def,response_units ,gas,gas_unit,mass/area,time,error,error_type,sample_size,realm,exp_design,time_point,time_units,add_trt,add_value,ppfd,avg_ppfd,ppfd_units,metabolic_category,latitude,latitude_broad,cnidarian_type,avg_depth_m,depth_m,npp_value,r_value,gpp_value,npp_error,r_error,gpp_error,n
1,jurriaans2019,jurriaans2019,figure 2a,pop,Acropora,spp,22,C,10,days,0.5,photosynthesis rate,umol O2 hr^-1 cm^-2,O2,umol,cm^2,hr,0.267272727,SD,10,M,lab,,,location,heron island,350,350,umol m^-2 s^-1,npp,-23.26,,hermatypic coral,5,6-Apr,0.767272727,0.377707165,,0.767272727,0.039998895,,10
1,jurriaans2019,jurriaans2019,figure 2a,pop,Acropora,spp,23,C,10,days,0.5,photosynthesis rate,umol O2 hr^-1 cm^-2,O2,umol,cm^2,hr,0.197272727,SD,10,M,lab,,,location,heron island,350,350,umol m^-2 s^-1,npp,-23.26,,hermatypic coral,5,6-Apr,0.760909091,0.391998011,,0.760909091,0.065452737,,10
1,jurriaans2019,jurriaans2019,figure 2a,pop,Acropora,spp,24,C,10,days,0.5,photosynthesis rate,umol O2 hr^-1 cm^-2,O2,umol,cm^2,hr,0.267272727,SD,10,M,lab,,,location,heron island,350,350,umol m^-2 s^-1,npp,-23.26,,hermatypic coral,5,6-Apr,0.652727273,0.442673593,,0.652727273,0.072725263,,10
1,jurriaans2019,jurriaans2019,figure 2a,pop,Acropora,spp,25,C,10,days,0.5,photosynthesis rate,umol O2 hr^-1 cm^-2,O2,umol,cm^2,hr,0.324545455,SD,10,M,lab,,,location,heron island,350,350,umol m^-2 s^-1,npp,-23.26,,hermatypic coral,5,6-Apr,0.716363636,0.464248017,,0.716363636,0.072725263,,10
1,jurriaans2019,jurriaans2019,figure 2a,pop,Acropora,spp,26,C,10,days,0.5,photosynthesis rate,umol O2 hr^-1 cm^-2,O2,umol,cm^2,hr,0.254545455,SD,10,M,lab,,,location,heron island,350,350,umol m^-2 s^-1,npp,-23.26,,hermatypic coral,5,6-Apr,0.614545455,0.44945981,,0.614545455,0.061816474,,10
1,jurriaans2019,jurriaans2019,figure 2a,pop,Acropora,spp,27,C,10,days,0.5,photosynthesis rate,umol O2 hr^-1 cm^-2,O2,umol,cm^2,hr,0.286363636,SD,10,M,lab,,,location,heron island,350,350,umol m^-2 s^-1,npp,-23.26,,hermatypic coral,5,6-Apr,0.627272727,0.514669393,,0.627272727,0.065452737,,10
1,jurriaans2019,jurriaans2019,figure 2a,pop,Acropora,spp,28,C,10,days,0.5,photosynthesis rate,umol O2 hr^-1 cm^-2,O2,umol,cm^2,hr,0.248181818,SD,10,M,lab,,,location,heron island,350,350,umol m^-2 s^-1,npp,-23.26,,hermatypic coral,5,6-Apr,0.525454545,0.528971291,,0.525454545,0.116360421,,10
1,jurriaans2019,jurriaans2019,figure 2a,pop,Acropora,spp,28,C,10,days,0.5,photosynthesis rate,umol O2 hr^-1 cm^-2,O2,umol,cm^2,hr,0.311818182,SD,10,M,lab,,,location,heron island,350,350,umol m^-2 s^-1,npp,-23.26,,hermatypic coral,5,6-Apr,0.601818182,0.528971291,,0.601818182,0.07999779,,10
1,jurriaans2019,jurriaans2019,figure 2a,pop,Acropora,spp,29,C,10,days,0.5,photosynthesis rate,umol O2 hr^-1 cm^-2,O2,umol,cm^2,hr,0.184545455,SD,10,M,lab,,,location,heron island,350,350,umol m^-2 s^-1,npp,-23.26,,hermatypic coral,5,6-Apr,0.493636364,0.485092979,,0.493636364,0.065452737,,10
1,jurriaans2019,jurriaans2019,figure 2a,pop,Acropora,spp,30,C,10,days,0.5,photosynthesis rate,umol O2 hr^-1 cm^-2,O2,umol,cm^2,hr,0.273636364,SD,10,M,lab,,,location,heron island,350,350,umol m^-2 s^-1,npp,-23.26,,hermatypic coral,5,6-Apr,0.576363636,0.521212456,,0.576363636,0.089088447,,10
1,jurriaans2019,jurriaans2019,figure 2a,pop,Acropora,spp,31,C,10,days,0.5,photosynthesis rate,umol O2 hr^-1 cm^-2,O2,umol,cm^2,hr,0.178181818,SD,10,M,lab,,,location,heron island,350,350,umol m^-2 s^-1,npp,-23.26,,hermatypic coral,5,6-Apr,0.538181818,0.506424249,,0.538181818,0.070907132,,10
1,jurriaans2019,jurriaans2019,figure 2a,pop,Acropora,spp,32,C,10,days,0.5,photosynthesis rate,umol O2 hr^-1 cm^-2,O2,umol,cm^2,hr,0.203636364,SD,10,M,lab,,,location,heron island,350,350,umol m^-2 s^-1,npp,-23.26,,hermatypic coral,5,6-Apr,0.589090909,0.484363516,,0.589090909,0.087270316,,10
2,jurriaans2019,jurriaans2019,figure 2a,pop,Acropora,spp,33,C,10,days,0.5,photosynthesis rate,umol O2 hr^-1 cm^-2,O2,umol,cm^2,hr,0.120909091,SD,10,M,lab,,,location,orpheus island,350,350,umol m^-2 s^-1,npp,-18.37,,hermatypic coral,5,6-Apr,0.041818182,0.455030256,,0.041818182,0.052725816,,10
2,jurriaans2019,jurriaans2019,figure 2b,pop,Acropora,spp,23,C,10,days,0.5,photosynthesis rate,umol O2 hr^-1 cm^-2,O2,umol,cm^2,hr,0.039819005,SD,10,M,lab,,,location,orpheus island,350,350,umol m^-2 s^-1,npp,-18.37,,hermatypic coral,5,6-Apr,0.216289593,0.121100917,,0.216289593,0.022018349,,10
2,jurriaans2019,jurriaans2019,figure 2b,pop,Acropora,spp,24,C,10,days,0.5,photosynthesis rate,umol O2 hr^-1 cm^-2,O2,umol,cm^2,hr,0.054298643,SD,10,M,lab,,,location,orpheus island,350,350,umol m^-2 s^-1,npp,-18.37,,hermatypic coral,5,6-Apr,0.245248869,0.124770642,,0.245248869,0.023853211,,10
2,jurriaans2019,jurriaans2019,figure 2b,pop,Acropora,spp,25,C,10,days,0.5,photosynthesis rate,umol O2 hr^-1 cm^-2,O2,umol,cm^2,hr,0.068778281,SD,10,M,lab,,,location,orpheus island,350,350,umol m^-2 s^-1,npp,-18.37,,hermatypic coral,5,6-Apr,0.266968326,0.12293578,,0.266968326,0.033944954,,10
2,jurriaans2019,jurriaans2019,figure 2b,pop,Acropora,spp,26,C,10,days,0.5,photosynthesis rate,umol O2 hr^-1 cm^-2,O2,umol,cm^2,hr,0.054298643,SD,10,M,lab,,,location,orpheus island,350,350,umol m^-2 s^-1,npp,-18.37,,hermatypic coral,5,6-Apr,0.252488688,0.128440367,,0.252488688,0.029357798,,10
2,jurriaans2019,jurriaans2019,figure 2b,pop,Acropora,spp,27,C,10,days,0.5,photosynthesis rate,umol O2 hr^-1 cm^-2,O2,umol,cm^2,hr,0.054298643,SD,10,M,lab,,,location,orpheus island,350,350,umol m^-2 s^-1,npp,-18.37,,hermatypic coral,5,6-Apr,0.23800905,0.128440367,,0.23800905,0.026605505,,10
2,jurriaans2019,jurriaans2019,figure 2b,pop,Acropora,spp,28,C,10,days,0.5,photosynthesis rate,umol O2 hr^-1 cm^-2,O2,umol,cm^2,hr,0.03438914,SD,10,M,lab,,,location,orpheus island,350,350,umol m^-2 s^-1,npp,-18.37,,hermatypic coral,5,6-Apr,0.194570136,0.179816514,,0.194570136,0.04587156,,10
2,jurriaans2019,jurriaans2019,figure 2b,pop,Acropora,spp,29,C,10,days,0.5,photosynthesis rate,umol O2 hr^-1 cm^-2,O2,umol,cm^2,hr,0.126696833,SD,10,M,lab,,,location,orpheus island,350,350,umol m^-2 s^-1,npp,-18.37,,hermatypic coral,5,6-Apr,0.295927602,0.24587156,,0.295927602,0.053211009,,10
2,jurriaans2019,jurriaans2019,figure 2b,pop,Acropora,spp,29,C,10,days,0.5,photosynthesis rate,umol O2 hr^-1 cm^-2,O2,umol,cm^2,hr,0.083257919,SD,10,M,lab,,,location,orpheus island,350,350,umol m^-2 s^-1,npp,-18.37,,hermatypic coral,5,6-Apr,0.23800905,0.124770642,,0.23800905,0.03853211,,10
2,jurriaans2019,jurriaans2019,figure 2b,pop,Acropora,spp,30,C,10,days,0.5,photosynthesis rate,umol O2 hr^-1 cm^-2,O2,umol,cm^2,hr,0.123076923,SD,10,M,lab,,,location,orpheus island,350,350,umol m^-2 s^-1,npp,-18.37,,hermatypic coral,5,6-Apr,0.332126697,0.253211009,,0.332126697,0.049541284,,10
2,jurriaans2019,jurriaans2019,figure 2b,pop,Acropora,spp,31,C,10,days,0.5,photosynthesis rate,umol O2 hr^-1 cm^-2,O2,umol,cm^2,hr,0.11040724,SD,10,M,lab,,,location,orpheus island,350,350,umol m^-2 s^-1,npp,-18.37,,hermatypic coral,5,6-Apr,0.31040724,0.264220183,,0.31040724,0.067889908,,10
2,jurriaans2019,jurriaans2019,figure 2b,pop,Acropora,spp,32,C,10,days,0.5,photosynthesis rate,umol O2 hr^-1 cm^-2,O2,umol,cm^2,hr,0.095927602,SD,10,M,lab,,,location,orpheus island,350,350,umol m^-2 s^-1,npp,-18.37,,hermatypic coral,5,6-Apr,0.248868778,0.286238532,,0.248868778,0.052293578,,10
2,jurriaans2019,jurriaans2019,figure 2b,pop,Acropora,spp,33,C,10,days,0.5,photosynthesis rate,umol O2 hr^-1 cm^-2,O2,umol,cm^2,hr,0.065158371,SD,10,M,lab,,,location,orpheus island,350,350,umol m^-2 s^-1,npp,-18.37,,hermatypic coral,5,6-Apr,0.194570136,0.311926606,,0.194570136,0.06146789,,10
2,jurriaans2019,jurriaans2019,figure 2b,pop,Acropora,spp,34,C,10,days,0.5,photosynthesis rate,umol O2 hr^-1 cm^-2,O2,umol,cm^2,hr,0.057918552,SD,10,M,lab,,,location,orpheus island,350,350,umol m^-2 s^-1,npp,-18.37,,hermatypic coral,5,6-Apr,0.02081448,0.258715596,,0.02081448,0.060550459,,10
3,jurriaans2019,jurriaans2019,figure 2c,pop,Acropora,spp,22,C,10,days,0.5,photosynthesis rate,umol O2 hr^-1 cm^-2,O2,umol,cm^2,hr,0.054545455,SD,10,M,lab,,,location,lizard island,350,350,umol m^-2 s^-1,npp,-14.4,,hermatypic coral,5,6-Apr,0.301818182,0.119515152,,0.301818182,0.018181818,,10
3,jurriaans2019,jurriaans2019,figure 2c,pop,Acropora,spp,23,C,10,days,0.5,photosynthesis rate,umol O2 hr^-1 cm^-2,O2,umol,cm^2,hr,0.043636364,SD,10,M,lab,,,location,lizard island,350,350,umol m^-2 s^-1,npp,-14.4,,hermatypic coral,5,6-Apr,0.301818182,0.108363636,,0.301818182,0.027272727,,10
3,jurriaans2019,jurriaans2019,figure 2c,pop,Acropora,spp,24,C,10,days,0.5,photosynthesis rate,umol O2 hr^-1 cm^-2,O2,umol,cm^2,hr,0.049090909,SD,10,M,lab,,,location,lizard island,350,350,umol m^-2 s^-1,npp,-14.4,,hermatypic coral,5,6-Apr,0.28,0.151757576,,0.28,0.032727273,,10
3,jurriaans2019,jurriaans2019,figure 2c,pop,Acropora,spp,25,C,10,days,0.5,photosynthesis rate,umol O2 hr^-1 cm^-2,O2,umol,cm^2,hr,0.065454545,SD,10,M,lab,,,location,lizard island,350,350,umol m^-2 s^-1,npp,-14.4,,hermatypic coral,5,6-Apr,0.265454545,0.16969697,,0.265454545,0.042727273,,10
3,jurriaans2019,jurriaans2019,figure 2c,pop,Acropora,spp,26,C,10,days,0.5,photosynthesis rate,umol O2 hr^-1 cm^-2,O2,umol,cm^2,hr,0.058181818,SD,10,M,lab,,,location,lizard island,350,350,umol m^-2 s^-1,npp,-14.4,,hermatypic coral,5,6-Apr,0.178181818,0.209454545,,0.178181818,0.030909091,,10
3,jurriaans2019,jurriaans2019,figure 2c,pop,Acropora,spp,27,C,10,days,0.5,photosynthesis rate,umol O2 hr^-1 cm^-2,O2,umol,cm^2,hr,0.072727273,SD,10,M,lab,,,location,lizard island,350,350,umol m^-2 s^-1,npp,-14.4,,hermatypic coral,5,6-Apr,0.210909091,0.154666667,,0.210909091,0.067272727,,10
3,jurriaans2019,jurriaans2019,figure 2c,pop,Acropora,spp,28,C,10,days,0.5,photosynthesis rate,umol O2 hr^-1 cm^-2,O2,umol,cm^2,hr,0.050909091,SD,10,M,lab,,,location,lizard island,350,350,umol m^-2 s^-1,npp,-14.4,,hermatypic coral,5,6-Apr,0.214545455,0.187151515,,0.214545455,0.040909091,,10
3,jurriaans2019,jurriaans2019,figure 2c,pop,Acropora,spp,29,C,10,days,0.5,photosynthesis rate,umol O2 hr^-1 cm^-2,O2,umol,cm^2,hr,0.050909091,SD,10,M,lab,,,location,lizard island,350,350,umol m^-2 s^-1,npp,-14.4,,hermatypic coral,5,6-Apr,0.185454545,0.197818182,,0.185454545,0.043636364,,10
3,jurriaans2019,jurriaans2019,figure 2c,pop,Acropora,spp,30,C,10,days,0.5,photosynthesis rate,umol O2 hr^-1 cm^-2,O2,umol,cm^2,hr,0.061818182,SD,10,M,lab,,,location,lizard island,350,350,umol m^-2 s^-1,npp,-14.4,,hermatypic coral,5,6-Apr,0.2,0.219415978,,0.2,0.043636364,,10
3,jurriaans2019,jurriaans2019,figure 2c,pop,Acropora,spp,30,C,10,days,0.5,photosynthesis rate,umol O2 hr^-1 cm^-2,O2,umol,cm^2,hr,0.043636364,SD,10,M,lab,,,location,lizard island,350,350,umol m^-2 s^-1,npp,-14.4,,hermatypic coral,5,6-Apr,0.112727273,0.183030303,,0.112727273,0.052727273,,10
3,jurriaans2019,jurriaans2019,figure 2c,pop,Acropora,spp,31,C,10,days,0.5,photosynthesis rate,umol O2 hr^-1 cm^-2,O2,umol,cm^2,hr,0.074545455,SD,10,M,lab,,,location,lizard island,350,350,umol m^-2 s^-1,npp,-14.4,,hermatypic coral,5,6-Apr,0.2,0.244606061,,0.2,0.04,,10
3,jurriaans2019,jurriaans2019,figure 2c,pop,Acropora,spp,32,C,10,days,0.5,photosynthesis rate,umol O2 hr^-1 cm^-2,O2,umol,cm^2,hr,0.069090909,SD,10,M,lab,,,location,lizard island,350,350,umol m^-2 s^-1,npp,-14.4,,hermatypic coral,5,6-Apr,0.156363636,0.218909091,,0.156363636,0.06,,10
3,jurriaans2019,jurriaans2019,figure 2c,pop,Acropora,spp,33,C,10,days,0.5,photosynthesis rate,umol O2 hr^-1 cm^-2,O2,umol,cm^2,hr,0.101818182,SD,10,M,lab,,,location,lizard island,350,350,umol m^-2 s^-1,npp,-14.4,,hermatypic coral,5,6-Apr,-0.04,0.207757576,,-0.04,0.086363636,,10
3,jurriaans2019,jurriaans2019,figure 2c,pop,Acropora,spp,34,C,10,days,0.5,photosynthesis rate,umol O2 hr^-1 cm^-2,O2,umol,cm^2,hr,0.054545455,SD,10,M,lab,,,location,lizard island,350,350,umol m^-2 s^-1,npp,-14.4,,hermatypic coral,5,6-Apr,-0.185454545,0.222060606,,-0.185454545,0.08,,10
7,jurriaans2019,jurriaans2019,figure 3a,pop,Porites,cylindrica,22,C,10,days,0.5,photosynthesis rate,umol O2 hr^-1 cm^-2,O2,umol,cm^2,hr,0.294401015,SD,10,M,lab,,,location,heron island,350,350,umol m^-2 s^-1,npp,-23.26,,hermatypic coral,5,6-Apr,0.907779733,0.419512265,,0.294401015,0.083722128,,10
7,jurriaans2019,jurriaans2019,figure 3a,pop,Porites,cylindrica,23,C,10,days,0.5,photosynthesis rate,umol O2 hr^-1 cm^-2,O2,umol,cm^2,hr,0.327112239,SD,10,M,lab,,,location,heron island,350,350,umol m^-2 s^-1,npp,-23.26,,hermatypic coral,5,6-Apr,0.955144662,0.468800985,,0.327112239,0.104652661,,10
7,jurriaans2019,jurriaans2019,figure 3a,pop,Porites,cylindrica,24,C,10,days,0.5,photosynthesis rate,umol O2 hr^-1 cm^-2,O2,umol,cm^2,hr,0.214959472,SD,10,M,lab,,,location,heron island,350,350,umol m^-2 s^-1,npp,-23.26,,hermatypic coral,5,6-Apr,0.899702887,0.504178951,,0.214959472,0.132549303,,10
7,jurriaans2019,jurriaans2019,figure 3a,pop,Porites,cylindrica,25,C,10,days,0.5,photosynthesis rate,umol O2 hr^-1 cm^-2,O2,umol,cm^2,hr,0.271021432,SD,10,M,lab,,,location,heron island,350,350,umol m^-2 s^-1,npp,-23.26,,hermatypic coral,5,6-Apr,0.900308651,0.532515671,,0.271021432,0.101164238,,10
7,jurriaans2019,jurriaans2019,figure 3a,pop,Porites,cylindrica,26,C,10,days,0.5,photosynthesis rate,umol O2 hr^-1 cm^-2,O2,umol,cm^2,hr,0.228978568,SD,10,M,lab,,,location,heron island,350,350,umol m^-2 s^-1,npp,-23.26,,hermatypic coral,5,6-Apr,0.826145902,0.560895326,,0.228978568,0.118606349,,10
7,jurriaans2019,jurriaans2019,figure 3a,pop,Porites,cylindrica,27,C,10,days,0.5,photosynthesis rate,umol O2 hr^-1 cm^-2,O2,umol,cm^2,hr,0.327112239,SD,10,M,lab,,,location,heron island,350,350,umol m^-2 s^-1,npp,-23.26,,hermatypic coral,5,6-Apr,0.976317535,0.589274981,,0.327112239,0.118606349,,10
7,jurriaans2019,jurriaans2019,figure 3a,pop,Porites,cylindrica,28,C,10,days,0.5,photosynthesis rate,umol O2 hr^-1 cm^-2,O2,umol,cm^2,hr,0.439265007,SD,10,M,lab,,,location,heron island,350,350,umol m^-2 s^-1,npp,-23.26,,hermatypic coral,5,6-Apr,1.126489168,0.687423076,,0.439265007,0.125583193,,10
7,jurriaans2019,jurriaans2019,figure 3a,pop,Porites,cylindrica,28,C,10,days,0.5,photosynthesis rate,umol O2 hr^-1 cm^-2,O2,umol,cm^2,hr,0.383188623,SD,10,M,lab,,,location,heron island,350,350,umol m^-2 s^-1,npp,-23.26,,hermatypic coral,5,6-Apr,1.014336401,0.603700947,,0.383188623,0.153490569,,10
7,jurriaans2019,jurriaans2019,figure 3a,pop,Porites,cylindrica,29,C,10,days,0.5,photosynthesis rate,umol O2 hr^-1 cm^-2,O2,umol,cm^2,hr,0.476649263,SD,10,M,lab,,,location,heron island,350,350,umol m^-2 s^-1,npp,-23.26,,hermatypic coral,5,6-Apr,1.444889953,0.743667172,,0.476649263,0.188374789,,10
7,jurriaans2019,jurriaans2019,figure 3a,pop,Porites,cylindrica,30,C,10,days,0.5,photosynthesis rate,umol O2 hr^-1 cm^-2,O2,umol,cm^2,hr,0.457971558,SD,10,M,lab,,,location,heron island,350,350,umol m^-2 s^-1,npp,-23.26,,hermatypic coral,5,6-Apr,1.258545591,0.89763002,,0.457971558,0.306981137,,10
7,jurriaans2019,jurriaans2019,figure 3a,pop,Porites,cylindrica,31,C,10,days,0.5,photosynthesis rate,umol O2 hr^-1 cm^-2,O2,umol,cm^2,hr,0.434591975,SD,10,M,lab,,,location,heron island,350,350,umol m^-2 s^-1,npp,-23.26,,hermatypic coral,5,6-Apr,1.109643177,0.926009675,,0.434591975,0.376749578,,10
7,jurriaans2019,jurriaans2019,figure 3a,pop,Porites,cylindrica,32,C,10,days,0.5,photosynthesis rate,umol O2 hr^-1 cm^-2,O2,umol,cm^2,hr,0.411226815,SD,10,M,lab,,,location,heron island,350,350,umol m^-2 s^-1,npp,-23.26,,hermatypic coral,5,6-Apr,1.128969914,0.786945073,,0.411226815,0.265120073,,10
7,jurriaans2019,jurriaans2019,figure 3a,pop,Porites,cylindrica,33,C,10,days,0.5,photosynthesis rate,umol O2 hr^-1 cm^-2,O2,umol,cm^2,hr,0.364496495,SD,10,M,lab,,,location,orpheus island,350,350,umol m^-2 s^-1,npp,-18.37,,hermatypic coral,5,6-Apr,0.475380044,0.536250966,,0.364496495,0.153490569,,10
8,jurriaans2019,jurriaans2019,figure 3b,pop,Porites,cylindrica,23,C,10,days,0.5,photosynthesis rate,umol O2 hr^-1 cm^-2,O2,umol,cm^2,hr,0.022093023,SD,10,M,lab,,,location,orpheus island,350,350,umol m^-2 s^-1,npp,-18.37,,hermatypic coral,5,6-Apr,0.223255814,0.132718894,,0.022093023,0.020276498,,10
8,jurriaans2019,jurriaans2019,figure 3b,pop,Porites,cylindrica,24,C,10,days,0.5,photosynthesis rate,umol O2 hr^-1 cm^-2,O2,umol,cm^2,hr,0.037209302,SD,10,M,lab,,,location,orpheus island,350,350,umol m^-2 s^-1,npp,-18.37,,hermatypic coral,5,6-Apr,0.237209302,0.160368664,,0.037209302,0.042396313,,10
8,jurriaans2019,jurriaans2019,figure 3b,pop,Porites,cylindrica,25,C,10,days,0.5,photosynthesis rate,umol O2 hr^-1 cm^-2,O2,umol,cm^2,hr,0.023255814,SD,10,M,lab,,,location,orpheus island,350,350,umol m^-2 s^-1,npp,-18.37,,hermatypic coral,5,6-Apr,0.246511628,0.162211982,,0.023255814,0.040552995,,10
8,jurriaans2019,jurriaans2019,figure 3b,pop,Porites,cylindrica,26,C,10,days,0.5,photosynthesis rate,umol O2 hr^-1 cm^-2,O2,umol,cm^2,hr,0.036046512,SD,10,M,lab,,,location,orpheus island,350,350,umol m^-2 s^-1,npp,-18.37,,hermatypic coral,5,6-Apr,0.227906977,0.176958525,,0.036046512,0.049769585,,10
8,jurriaans2019,jurriaans2019,figure 3b,pop,Porites,cylindrica,27,C,10,days,0.5,photosynthesis rate,umol O2 hr^-1 cm^-2,O2,umol,cm^2,hr,0.034883721,SD,10,M,lab,,,location,orpheus island,350,350,umol m^-2 s^-1,npp,-18.37,,hermatypic coral,5,6-Apr,0.225581395,0.176958525,,0.034883721,0.042396313,,10
8,jurriaans2019,jurriaans2019,figure 3b,pop,Porites,cylindrica,28,C,10,days,0.5,photosynthesis rate,umol O2 hr^-1 cm^-2,O2,umol,cm^2,hr,0.041860465,SD,10,M,lab,,,location,orpheus island,350,350,umol m^-2 s^-1,npp,-18.37,,hermatypic coral,5,6-Apr,0.195348837,0.195391705,,0.041860465,0.068202765,,10
8,jurriaans2019,jurriaans2019,figure 3b,pop,Porites,cylindrica,29,C,10,days,0.5,photosynthesis rate,umol O2 hr^-1 cm^-2,O2,umol,cm^2,hr,0.034883721,SD,10,M,lab,,,location,orpheus island,350,350,umol m^-2 s^-1,npp,-18.37,,hermatypic coral,5,6-Apr,0.190697674,0.206451613,,0.034883721,0.060829493,,10
8,jurriaans2019,jurriaans2019,figure 3b,pop,Porites,cylindrica,29,C,10,days,0.5,photosynthesis rate,umol O2 hr^-1 cm^-2,O2,umol,cm^2,hr,0.036046512,SD,10,M,lab,,,location,orpheus island,350,350,umol m^-2 s^-1,npp,-18.37,,hermatypic coral,5,6-Apr,0.176744186,0.125345622,,0.036046512,0.031336406,,10
8,jurriaans2019,jurriaans2019,figure 3b,pop,Porites,cylindrica,30,C,10,days,0.5,photosynthesis rate,umol O2 hr^-1 cm^-2,O2,umol,cm^2,hr,0.039534884,SD,10,M,lab,,,location,orpheus island,350,350,umol m^-2 s^-1,npp,-18.37,,hermatypic coral,5,6-Apr,0.139534884,0.191705069,,0.039534884,0.047926267,,10
8,jurriaans2019,jurriaans2019,figure 3b,pop,Porites,cylindrica,31,C,10,days,0.5,photosynthesis rate,umol O2 hr^-1 cm^-2,O2,umol,cm^2,hr,0.037209302,SD,10,M,lab,,,location,orpheus island,350,350,umol m^-2 s^-1,npp,-18.37,,hermatypic coral,5,6-Apr,0.148837209,0.184331797,,0.037209302,0.033179724,,10
8,jurriaans2019,jurriaans2019,figure 3b,pop,Porites,cylindrica,32,C,10,days,0.5,photosynthesis rate,umol O2 hr^-1 cm^-2,O2,umol,cm^2,hr,0.034883721,SD,10,M,lab,,,location,orpheus island,350,350,umol m^-2 s^-1,npp,-18.37,,hermatypic coral,5,6-Apr,0.144186047,0.202764977,,0.034883721,0.047926267,,10
8,jurriaans2019,jurriaans2019,figure 3b,pop,Porites,cylindrica,33,C,10,days,0.5,photosynthesis rate,umol O2 hr^-1 cm^-2,O2,umol,cm^2,hr,0.034883721,SD,10,M,lab,,,location,orpheus island,350,350,umol m^-2 s^-1,npp,-18.37,,hermatypic coral,5,6-Apr,0.144186047,0.213824885,,0.034883721,0.047926267,,10
8,jurriaans2019,jurriaans2019,figure 3b,pop,Porites,cylindrica,34,C,10,days,0.5,photosynthesis rate,umol O2 hr^-1 cm^-2,O2,umol,cm^2,hr,0.023255814,SD,10,M,lab,,,location,orpheus island,350,350,umol m^-2 s^-1,npp,-18.37,,hermatypic coral,5,6-Apr,0.097674419,0.165898618,,0.023255814,0.031336406,,10
9,jurriaans2019,jurriaans2019,figure 3c,pop,Porites,cylindrica,22,C,10,days,0.5,photosynthesis rate,umol O2 hr^-1 cm^-2,O2,umol,cm^2,hr,0.225806452,SD,10,M,lab,,,location,lizard island,350,350,umol m^-2 s^-1,npp,-14.4,,hermatypic coral,5,6-Apr,0.575396825,0.222222222,,0.225806452,0.066666667,,10
9,jurriaans2019,jurriaans2019,figure 3c,pop,Porites,cylindrica,23,C,10,days,0.5,photosynthesis rate,umol O2 hr^-1 cm^-2,O2,umol,cm^2,hr,0.271889401,SD,10,M,lab,,,location,lizard island,350,350,umol m^-2 s^-1,npp,-14.4,,hermatypic coral,5,6-Apr,0.639628492,0.25,,0.271889401,0.077777778,,10
9,jurriaans2019,jurriaans2019,figure 3c,pop,Porites,cylindrica,24,C,10,days,0.5,photosynthesis rate,umol O2 hr^-1 cm^-2,O2,umol,cm^2,hr,0.207387495,SD,10,M,lab,,,location,lizard island,350,350,umol m^-2 s^-1,npp,-14.4,,hermatypic coral,5,6-Apr,0.55639472,0.3,,0.207387495,0.072222222,,10
9,jurriaans2019,jurriaans2019,figure 3c,pop,Porites,cylindrica,25,C,10,days,0.5,photosynthesis rate,umol O2 hr^-1 cm^-2,O2,umol,cm^2,hr,0.211981567,SD,10,M,lab,,,location,lizard island,350,350,umol m^-2 s^-1,npp,-14.4,,hermatypic coral,5,6-Apr,0.565298401,0.333333333,,0.211981567,0.094444444,,10
9,jurriaans2019,jurriaans2019,figure 3c,pop,Porites,cylindrica,26,C,10,days,0.5,photosynthesis rate,umol O2 hr^-1 cm^-2,O2,umol,cm^2,hr,0.198156682,SD,10,M,lab,,,location,lizard island,350,350,umol m^-2 s^-1,npp,-14.4,,hermatypic coral,5,6-Apr,0.463603004,0.383333333,,0.198156682,0.108333333,,10
9,jurriaans2019,jurriaans2019,figure 3c,pop,Porites,cylindrica,27,C,10,days,0.5,photosynthesis rate,umol O2 hr^-1 cm^-2,O2,umol,cm^2,hr,0.165898618,SD,10,M,lab,,,location,lizard island,350,350,umol m^-2 s^-1,npp,-14.4,,hermatypic coral,5,6-Apr,0.555455994,0.3,,0.165898618,0.069444444,,10
9,jurriaans2019,jurriaans2019,figure 3c,pop,Porites,cylindrica,28,C,10,days,0.5,photosynthesis rate,umol O2 hr^-1 cm^-2,O2,umol,cm^2,hr,0.248847926,SD,10,M,lab,,,location,lizard island,350,350,umol m^-2 s^-1,npp,-14.4,,hermatypic coral,5,6-Apr,0.628875804,0.383333333,,0.248847926,0.105555556,,10
9,jurriaans2019,jurriaans2019,figure 3c,pop,Porites,cylindrica,29,C,10,days,0.5,photosynthesis rate,umol O2 hr^-1 cm^-2,O2,umol,cm^2,hr,0.313371167,SD,10,M,lab,,,location,lizard island,350,350,umol m^-2 s^-1,npp,-14.4,,hermatypic coral,5,6-Apr,0.628577118,0.397222222,,0.313371167,0.1,,10
9,jurriaans2019,jurriaans2019,figure 3c,pop,Porites,cylindrica,30,C,10,days,0.5,photosynthesis rate,umol O2 hr^-1 cm^-2,O2,umol,cm^2,hr,0.232726006,SD,10,M,lab,,,location,lizard island,350,350,umol m^-2 s^-1,npp,-14.4,,hermatypic coral,5,6-Apr,0.609845252,0.377777778,,0.232726006,0.144444444,,10
9,jurriaans2019,jurriaans2019,figure 3c,pop,Porites,cylindrica,30,C,10,days,0.5,photosynthesis rate,umol O2 hr^-1 cm^-2,O2,umol,cm^2,hr,0.228110599,SD,10,M,lab,,,location,lizard island,350,350,umol m^-2 s^-1,npp,-14.4,,hermatypic coral,5,6-Apr,0.517650907,0.288888889,,0.228110599,0.086111111,,10
9,jurriaans2019,jurriaans2019,figure 3c,pop,Porites,cylindrica,31,C,10,days,0.5,photosynthesis rate,umol O2 hr^-1 cm^-2,O2,umol,cm^2,hr,0.223502304,SD,10,M,lab,,,location,lizard island,350,350,umol m^-2 s^-1,npp,-14.4,,hermatypic coral,5,6-Apr,0.664831883,0.444444444,,0.223502304,0.091666667,,10
9,jurriaans2019,jurriaans2019,figure 3c,pop,Porites,cylindrica,32,C,10,days,0.5,photosynthesis rate,umol O2 hr^-1 cm^-2,O2,umol,cm^2,hr,0.184331797,SD,10,M,lab,,,location,lizard island,350,350,umol m^-2 s^-1,npp,-14.4,,hermatypic coral,5,6-Apr,0.507836946,0.388888889,,0.184331797,0.080555556,,10
9,jurriaans2019,jurriaans2019,figure 3c,pop,Porites,cylindrica,33,C,10,days,0.5,photosynthesis rate,umol O2 hr^-1 cm^-2,O2,umol,cm^2,hr,0.110599078,SD,10,M,lab,,,location,lizard island,350,350,umol m^-2 s^-1,npp,-14.4,,hermatypic coral,5,6-Apr,0.392316664,0.255555556,,0.110599078,0.025,,10
9,jurriaans2019,jurriaans2019,figure 3c,pop,Porites,cylindrica,34,C,10,days,0.5,photosynthesis rate,umol O2 hr^-1 cm^-2,O2,umol,cm^2,hr,0.184331797,SD,10,M,lab,,,location,lizard island,350,350,umol m^-2 s^-1,npp,-14.4,,hermatypic coral,5,6-Apr,0.083247995,0.227777778,,0.184331797,0.068055556,,10
1,jurriaans2021,jurriaans2021,figure 2a,pop,Cladocora,caespitosa,12,C,10,days,0.5,photosynthesis rate,amol O2 hr^-1 cm^-2,O2,umol,cm^2,hr,0.143617021,SD,10,M ,lab,,,,,350,350,umol m^-2 s^-1,npp,42.5,,hermatypic coral,12.5,15-Oct,0.726714577,0.24,,0.143617021,0.063157895,,10
1,jurriaans2021,jurriaans2021,figure 2a,pop,Cladocora,caespitosa,13,C,10,days,0.5,photosynthesis rate,amol O2 hr^-1 cm^-2,O2,umol,cm^2,hr,0.119680851,SD,10,M ,lab,,,,,350,350,umol m^-2 s^-1,npp,42.5,,hermatypic coral,12.5,15-Oct,0.774898144,0.265263158,,0.119680851,0.053684211,,10
1,jurriaans2021,jurriaans2021,figure 2a,pop,Cladocora,caespitosa,14,C,10,days,0.5,photosynthesis rate,amol O2 hr^-1 cm^-2,O2,umol,cm^2,hr,0.119680851,SD,10,M ,lab,,,,,350,350,umol m^-2 s^-1,npp,42.5,,hermatypic coral,12.5,15-Oct,0.743294477,0.296842105,,0.119680851,0.072631579,,10
1,jurriaans2021,jurriaans2021,figure 2a,pop,Cladocora,caespitosa,15,C,10,days,0.5,photosynthesis rate,amol O2 hr^-1 cm^-2,O2,umol,cm^2,hr,0.151595745,SD,10,M ,lab,,,,,350,350,umol m^-2 s^-1,npp,42.5,,hermatypic coral,12.5,15-Oct,0.711719104,0.341052632,,0.151595745,0.069473684,,10
1,jurriaans2021,jurriaans2021,figure 2a,pop,Cladocora,caespitosa,16,C,10,days,0.5,photosynthesis rate,amol O2 hr^-1 cm^-2,O2,umol,cm^2,hr,0.127659574,SD,10,M ,lab,,,,,350,350,umol m^-2 s^-1,npp,42.5,,hermatypic coral,12.5,15-Oct,0.688065867,0.366315789,,0.127659574,0.063157895,,10
1,jurriaans2021,jurriaans2021,figure 2a,pop,Cladocora,caespitosa,17,C,10,days,0.5,photosynthesis rate,amol O2 hr^-1 cm^-2,O2,umol,cm^2,hr,0.175531915,SD,10,M ,lab,,,,,350,350,umol m^-2 s^-1,npp,42.5,,hermatypic coral,12.5,15-Oct,0.720320281,0.366315789,,0.175531915,0.063157895,,10
1,jurriaans2021,jurriaans2021,figure 2a,pop,Cladocora,caespitosa,18,C,10,days,0.5,photosynthesis rate,amol O2 hr^-1 cm^-2,O2,umol,cm^2,hr,0.151595745,SD,10,M ,lab,,,,,350,350,umol m^-2 s^-1,npp,42.5,,hermatypic coral,12.5,15-Oct,0.720659801,0.353684211,,0.151595745,0.047368421,,10
1,jurriaans2021,jurriaans2021,figure 2a,pop,Cladocora,caespitosa,18,C,10,days,0.5,photosynthesis rate,amol O2 hr^-1 cm^-2,O2,umol,cm^2,hr,0.159588615,SD,10,M ,lab,,,,,350,350,umol m^-2 s^-1,npp,42.5,,hermatypic coral,12.5,15-Oct,0.864276822,0.366315789,,0.159588615,0.063157895,,10
1,jurriaans2021,jurriaans2021,figure 2a,pop,Cladocora,caespitosa,19,C,10,days,0.5,photosynthesis rate,amol O2 hr^-1 cm^-2,O2,umol,cm^2,hr,0.275251811,SD,10,M ,lab,,,,,350,350,umol m^-2 s^-1,npp,42.5,,hermatypic coral,12.5,15-Oct,0.776822091,0.48,,0.275251811,0.069473684,,10
1,jurriaans2021,jurriaans2021,figure 2a,pop,Cladocora,caespitosa,20,C,10,days,0.5,photosynthesis rate,amol O2 hr^-1 cm^-2,O2,umol,cm^2,hr,0.191489362,SD,10,M ,lab,,,,,350,350,umol m^-2 s^-1,npp,42.5,,hermatypic coral,12.5,15-Oct,0.529792893,0.492631579,,0.191489362,0.091578947,,10
1,jurriaans2021,jurriaans2021,figure 2a,pop,Cladocora,caespitosa,21,C,10,days,0.5,photosynthesis rate,amol O2 hr^-1 cm^-2,O2,umol,cm^2,hr,0.21942904,SD,10,M ,lab,,,,,350,350,umol m^-2 s^-1,npp,42.5,,hermatypic coral,12.5,15-Oct,0.689706881,0.517894737,,0.21942904,0.097894737,,10
1,jurriaans2021,jurriaans2021,figure 2a,pop,Cladocora,caespitosa,22,C,10,days,0.5,photosynthesis rate,amol O2 hr^-1 cm^-2,O2,umol,cm^2,hr,0.239347555,SD,10,M ,lab,,,,,350,350,umol m^-2 s^-1,npp,42.5,,hermatypic coral,12.5,15-Oct,0.705947261,0.631578947,,0.239347555,0.075789474,,10
1,jurriaans2021,jurriaans2021,figure 2a,pop,Cladocora,caespitosa,23,C,10,days,0.5,photosynthesis rate,amol O2 hr^-1 cm^-2,O2,umol,cm^2,hr,0.283244681,SD,10,M ,lab,,,,,350,350,umol m^-2 s^-1,npp,42.5,,hermatypic coral,12.5,15-Oct,0.395116569,0.631578947,,0.283244681,0.06,,10
2,jurriaans2021,jurriaans2021,figure 2b,pop,Eunicella,singularis,12,C,10,days,0.5,photosynthesis rate,amol O2 hr^-1 cm^-2,O2,umol,cm^2,hr,0.054973822,SD,10,M ,lab,,,,,350,350,umol m^-2 s^-1,npp,42.5,,hermatypic coral,12.5,15-Oct,0.30104712,0.169633508,,0.054973822,0.031413613,,10
2,jurriaans2021,jurriaans2021,figure 2b,pop,Eunicella,singularis,13,C,10,days,0.5,photosynthesis rate,amol O2 hr^-1 cm^-2,O2,umol,cm^2,hr,0.037958115,SD,10,M ,lab,,,,,350,350,umol m^-2 s^-1,npp,42.5,,hermatypic coral,12.5,15-Oct,0.311518325,0.194764398,,0.037958115,0.043979058,,10
2,jurriaans2021,jurriaans2021,figure 2b,pop,Eunicella,singularis,14,C,10,days,0.5,photosynthesis rate,amol O2 hr^-1 cm^-2,O2,umol,cm^2,hr,0.047120419,SD,10,M ,lab,,,,,350,350,umol m^-2 s^-1,npp,42.5,,hermatypic coral,12.5,15-Oct,0.272251309,0.188481675,,0.047120419,0.069109948,,10
2,jurriaans2021,jurriaans2021,figure 2b,pop,Eunicella,singularis,15,C,10,days,0.5,photosynthesis rate,amol O2 hr^-1 cm^-2,O2,umol,cm^2,hr,0.081151832,SD,10,M ,lab,,,,,350,350,umol m^-2 s^-1,npp,42.5,,hermatypic coral,12.5,15-Oct,0.303664921,0.232460733,,0.081151832,0.062827225,,10
2,jurriaans2021,jurriaans2021,figure 2b,pop,Eunicella,singularis,16,C,10,days,0.5,photosynthesis rate,amol O2 hr^-1 cm^-2,O2,umol,cm^2,hr,0.053664921,SD,10,M ,lab,,,,,350,350,umol m^-2 s^-1,npp,42.5,,hermatypic coral,12.5,15-Oct,0.316753927,0.263874346,,0.053664921,0.053403141,,10
2,jurriaans2021,jurriaans2021,figure 2b,pop,Eunicella,singularis,17,C,10,days,0.5,photosynthesis rate,amol O2 hr^-1 cm^-2,O2,umol,cm^2,hr,0.044502618,SD,10,M ,lab,,,,,350,350,umol m^-2 s^-1,npp,42.5,,hermatypic coral,12.5,15-Oct,0.303664921,0.289005236,,0.044502618,0.037696335,,10
2,jurriaans2021,jurriaans2021,figure 2b,pop,Eunicella,singularis,18,C,10,days,0.5,photosynthesis rate,amol O2 hr^-1 cm^-2,O2,umol,cm^2,hr,0.052356021,SD,10,M ,lab,,,,,350,350,umol m^-2 s^-1,npp,42.5,,hermatypic coral,12.5,15-Oct,0.298429319,0.263874346,,0.052356021,0.062827225,,10
2,jurriaans2021,jurriaans2021,figure 2b,pop,Eunicella,singularis,18,C,10,days,0.5,photosynthesis rate,amol O2 hr^-1 cm^-2,O2,umol,cm^2,hr,0.068062827,SD,10,M ,lab,,,,,350,350,umol m^-2 s^-1,npp,42.5,,hermatypic coral,12.5,15-Oct,0.332460733,0.314136126,,0.068062827,0.037696335,,10
2,jurriaans2021,jurriaans2021,figure 2b,pop,Eunicella,singularis,19,C,10,days,0.5,photosynthesis rate,amol O2 hr^-1 cm^-2,O2,umol,cm^2,hr,0.039267016,SD,10,M ,lab,,,,,350,350,umol m^-2 s^-1,npp,42.5,,hermatypic coral,12.5,15-Oct,0.264397906,0.389528796,,0.039267016,0.02513089,,10
2,jurriaans2021,jurriaans2021,figure 2b,pop,Eunicella,singularis,20,C,10,days,0.5,photosynthesis rate,amol O2 hr^-1 cm^-2,O2,umol,cm^2,hr,0.070680628,SD,10,M ,lab,,,,,350,350,umol m^-2 s^-1,npp,42.5,,hermatypic coral,12.5,15-Oct,0.27486911,0.389528796,,0.070680628,0.040837696,,10
2,jurriaans2021,jurriaans2021,figure 2b,pop,Eunicella,singularis,21,C,10,days,0.5,photosynthesis rate,amol O2 hr^-1 cm^-2,O2,umol,cm^2,hr,0.052356021,SD,10,M ,lab,,,,,350,350,umol m^-2 s^-1,npp,42.5,,hermatypic coral,12.5,15-Oct,0.117801047,0.383246073,,0.052356021,0.043979058,,10
2,jurriaans2021,jurriaans2021,figure 2b,pop,Eunicella,singularis,22,C,10,days,0.5,photosynthesis rate,amol O2 hr^-1 cm^-2,O2,umol,cm^2,hr,0.040575916,SD,10,M ,lab,,,,,350,350,umol m^-2 s^-1,npp,42.5,,hermatypic coral,12.5,15-Oct,0.157068063,0.376963351,,0.040575916,0.113089005,,10
2,jurriaans2021,jurriaans2021,figure 2b,pop,Eunicella,singularis,23,C,10,days,0.5,photosynthesis rate,amol O2 hr^-1 cm^-2,O2,umol,cm^2,hr,0.052356021,SD,10,M ,lab,,,,,350,350,umol m^-2 s^-1,npp,42.5,,hermatypic coral,12.5,15-Oct,0.083769634,0.376963351,,0.052356021,0.040837696,,10
3,jurriaans2021,jurriaans2021,figure 2c,pop,Acropora,intermedia,22,C,10,days,0.5,photosynthesis rate,amol O2 hr^-1 cm^-2,O2,umol,cm^2,hr,0.267015707,SD,10,M ,lab,,,,,350,350,umol m^-2 s^-1,npp,-25,,hermatypic coral,10,10,0.777486911,0.389528796,,0.267015707,0.062827225,,10
3,jurriaans2021,jurriaans2021,figure 2c,pop,Acropora,intermedia,23,C,10,days,0.5,photosynthesis rate,amol O2 hr^-1 cm^-2,O2,umol,cm^2,hr,0.196335079,SD,10,M ,lab,,,,,350,350,umol m^-2 s^-1,npp,-25,,hermatypic coral,10,10,0.761780105,0.427225131,,0.196335079,0.07539267,,10
3,jurriaans2021,jurriaans2021,figure 2c,pop,Acropora,intermedia,24,C,10,days,0.5,photosynthesis rate,amol O2 hr^-1 cm^-2,O2,umol,cm^2,hr,0.267015707,SD,10,M ,lab,,,,,350,350,umol m^-2 s^-1,npp,-25,,hermatypic coral,10,10,0.651832461,0.464921466,,0.267015707,0.07539267,,10
3,jurriaans2021,jurriaans2021,figure 2c,pop,Acropora,intermedia,25,C,10,days,0.5,photosynthesis rate,amol O2 hr^-1 cm^-2,O2,umol,cm^2,hr,0.321989529,SD,10,M ,lab,,,,,350,350,umol m^-2 s^-1,npp,-25,,hermatypic coral,10,10,0.714659686,0.452356021,,0.321989529,0.062827225,,10
3,jurriaans2021,jurriaans2021,figure 2c,pop,Acropora,intermedia,26,C,10,days,0.5,photosynthesis rate,amol O2 hr^-1 cm^-2,O2,umol,cm^2,hr,0.259162304,SD,10,M ,lab,,,,,350,350,umol m^-2 s^-1,npp,-25,,hermatypic coral,10,10,0.620418848,0.515183246,,0.259162304,0.062827225,,10
3,jurriaans2021,jurriaans2021,figure 2c,pop,Acropora,intermedia,27,C,10,days,0.5,photosynthesis rate,amol O2 hr^-1 cm^-2,O2,umol,cm^2,hr,0.290575916,SD,10,M ,lab,,,,,350,350,umol m^-2 s^-1,npp,-25,,hermatypic coral,10,10,0.636125654,0.521465969,,0.290575916,0.081675393,,10
3,jurriaans2021,jurriaans2021,figure 2c,pop,Acropora,intermedia,28,C,10,days,0.5,photosynthesis rate,amol O2 hr^-1 cm^-2,O2,umol,cm^2,hr,0.267015707,SD,10,M ,lab,,,,,350,350,umol m^-2 s^-1,npp,-25,,hermatypic coral,10,10,0.510471204,0.527748691,,0.267015707,0.106806283,,10
3,jurriaans2021,jurriaans2021,figure 2c,pop,Acropora,intermedia,28,C,10,days,0.5,photosynthesis rate,amol O2 hr^-1 cm^-2,O2,umol,cm^2,hr,0.314136126,SD,10,M ,lab,,,,,350,350,umol m^-2 s^-1,npp,-25,,hermatypic coral,10,10,0.589005236,0.483769634,,0.314136126,0.065968586,,10
3,jurriaans2021,jurriaans2021,figure 2c,pop,Acropora,intermedia,29,C,10,days,0.5,photosynthesis rate,amol O2 hr^-1 cm^-2,O2,umol,cm^2,hr,0.188481675,SD,10,M ,lab,,,,,350,350,umol m^-2 s^-1,npp,-25,,hermatypic coral,10,10,0.494764398,0.515183246,,0.188481675,0.094240838,,10
3,jurriaans2021,jurriaans2021,figure 2c,pop,Acropora,intermedia,30,C,10,days,0.5,photosynthesis rate,amol O2 hr^-1 cm^-2,O2,umol,cm^2,hr,0.270942408,SD,10,M ,lab,,,,,350,350,umol m^-2 s^-1,npp,-25,,hermatypic coral,10,10,0.581151832,0.502617801,,0.270942408,0.069109948,,10
3,jurriaans2021,jurriaans2021,figure 2c,pop,Acropora,intermedia,31,C,10,days,0.5,photosynthesis rate,amol O2 hr^-1 cm^-2,O2,umol,cm^2,hr,0.180628272,SD,10,M ,lab,,,,,350,350,umol m^-2 s^-1,npp,-25,,hermatypic coral,10,10,0.541884817,0.490052356,,0.180628272,0.087958115,,10
3,jurriaans2021,jurriaans2021,figure 2c,pop,Acropora,intermedia,32,C,10,days,0.5,photosynthesis rate,amol O2 hr^-1 cm^-2,O2,umol,cm^2,hr,0.204188482,SD,10,M ,lab,,,,,350,350,umol m^-2 s^-1,npp,-25,,hermatypic coral,10,10,0.589005236,0.464921466,,0.204188482,0.056544503,,10
4,jurriaans2021,jurriaans2021,figure 2d,pop,Porites,cylindrica,22,C,10,days,0.5,photosynthesis rate,amol O2 hr^-1 cm^-2,O2,umol,cm^2,hr,0.293193717,SD,10,M ,lab,,,,,350,350,umol m^-2 s^-1,npp,-25,,hermatypic coral,10,10,0.905978838,0.427225131,,0.293193717,0.087958115,,10
4,jurriaans2021,jurriaans2021,figure 2d,pop,Porites,cylindrica,23,C,10,days,0.5,photosynthesis rate,amol O2 hr^-1 cm^-2,O2,umol,cm^2,hr,0.324589024,SD,10,M ,lab,,,,,350,350,umol m^-2 s^-1,npp,-25,,hermatypic coral,10,10,0.968366712,0.477486911,,0.324589024,0.10052356,,10
4,jurriaans2021,jurriaans2021,figure 2d,pop,Porites,cylindrica,24,C,10,days,0.5,photosynthesis rate,amol O2 hr^-1 cm^-2,O2,umol,cm^2,hr,0.230366492,SD,10,M ,lab,,,,,350,350,umol m^-2 s^-1,npp,-25,,hermatypic coral,10,10,0.884157727,0.502617801,,0.230366492,0.138219895,,10
4,jurriaans2021,jurriaans2021,figure 2d,pop,Porites,cylindrica,25,C,10,days,0.5,photosynthesis rate,amol O2 hr^-1 cm^-2,O2,umol,cm^2,hr,0.272251309,SD,10,M ,lab,,,,,350,350,umol m^-2 s^-1,npp,-25,,hermatypic coral,10,10,0.904697397,0.540314136,,0.272251309,0.10052356,,10
4,jurriaans2021,jurriaans2021,figure 2d,pop,Porites,cylindrica,26,C,10,days,0.5,photosynthesis rate,amol O2 hr^-1 cm^-2,O2,umol,cm^2,hr,0.230366492,SD,10,M ,lab,,,,,350,350,umol m^-2 s^-1,npp,-25,,hermatypic coral,10,10,0.820525025,0.552879581,,0.230366492,0.119371728,,10
4,jurriaans2021,jurriaans2021,figure 2d,pop,Porites,cylindrica,27,C,10,days,0.5,photosynthesis rate,amol O2 hr^-1 cm^-2,O2,umol,cm^2,hr,0.32460733,SD,10,M ,lab,,,,,350,350,umol m^-2 s^-1,npp,-25,,hermatypic coral,10,10,0.966682532,0.590575916,,0.32460733,0.119371728,,10
4,jurriaans2021,jurriaans2021,figure 2d,pop,Porites,cylindrica,28,C,10,days,0.5,photosynthesis rate,amol O2 hr^-1 cm^-2,O2,umol,cm^2,hr,0.366492147,SD,10,M ,lab,,,,,350,350,umol m^-2 s^-1,npp,-25,,hermatypic coral,10,10,0.997693406,0.603141361,,0.366492147,0.157068063,,10
4,jurriaans2021,jurriaans2021,figure 2d,pop,Porites,cylindrica,28,C,10,days,0.5,photosynthesis rate,amol O2 hr^-1 cm^-2,O2,umol,cm^2,hr,0.429319372,SD,10,M ,lab,,,,,350,350,umol m^-2 s^-1,npp,-25,,hermatypic coral,10,10,1.112913265,0.703664921,,0.429319372,0.113089005,,10
4,jurriaans2021,jurriaans2021,figure 2d,pop,Porites,cylindrica,29,C,10,days,0.5,photosynthesis rate,amol O2 hr^-1 cm^-2,O2,umol,cm^2,hr,0.465968586,SD,10,M ,lab,,,,,350,350,umol m^-2 s^-1,npp,-25,,hermatypic coral,10,10,1.426610039,0.741361257,,0.465968586,0.188481675,,10
4,jurriaans2021,jurriaans2021,figure 2d,pop,Porites,cylindrica,30,C,10,days,0.5,photosynthesis rate,amol O2 hr^-1 cm^-2,O2,umol,cm^2,hr,0.45026178,SD,10,M ,lab,,,,,350,350,umol m^-2 s^-1,npp,-25,,hermatypic coral,10,10,1.237689013,0.898429319,,0.45026178,0.307853403,,10
4,jurriaans2021,jurriaans2021,figure 2d,pop,Porites,cylindrica,31,C,10,days,0.5,photosynthesis rate,amol O2 hr^-1 cm^-2,O2,umol,cm^2,hr,0.429301065,SD,10,M ,lab,,,,,350,350,umol m^-2 s^-1,npp,-25,,hermatypic coral,10,10,1.090652803,0.929842932,,0.429301065,0.326701571,,10
4,jurriaans2021,jurriaans2021,figure 2d,pop,Porites,cylindrica,32,C,10,days,0.5,photosynthesis rate,amol O2 hr^-1 cm^-2,O2,umol,cm^2,hr,0.418848168,SD,10,M ,lab,,,,,350,350,umol m^-2 s^-1,npp,-25,,hermatypic coral,10,10,1.111229085,0.791623037,,0.418848168,0.257591623,,10
4,jurriaans2021,jurriaans2021,figure 2d,pop,Porites,cylindrica,33,C,10,days,0.5,photosynthesis rate,amol O2 hr^-1 cm^-2,O2,umol,cm^2,hr,0.345549738,SD,10,M ,lab,,,,,350,350,umol m^-2 s^-1,npp,-25,,hermatypic coral,10,10,0.461575074,0.540314136,,0.345549738,0.153926702,,10
1,jurriaans2020,jurriaans2020,figure 2a,pop,Acropora,valenciennesi,19,C,10,days,0.5,net photosynthesis rate,umol O2 hr^-1 cm^-2,O2,umol,cm^2,hr,0.094977169,SD,10,M ,lab,,,season,winter,350,350,umol m^-2 s^-1,npp,-18,,hermatypic coral,5,6-Apr,0.153424658,0.094977169,,0.153424658,0.03652968,,10
1,jurriaans2020,jurriaans2020,figure 2a,pop,Acropora,valenciennesi,20,C,10,days,0.5,net photosynthesis rate,umol O2 hr^-1 cm^-2,O2,umol,cm^2,hr,0.098630137,SD,10,M ,lab,,,season,winter,350,350,umol m^-2 s^-1,npp,-18,,hermatypic coral,5,6-Apr,0.193607306,0.098630137,,0.193607306,0.047488584,,10
1,jurriaans2020,jurriaans2020,figure 2a,pop,Acropora,valenciennesi,21,C,10,days,0.5,net photosynthesis rate,umol O2 hr^-1 cm^-2,O2,umol,cm^2,hr,0.200913242,SD,10,M ,lab,,,season,winter,350,350,umol m^-2 s^-1,npp,-18,,hermatypic coral,5,6-Apr,0.336073059,0.200913242,,0.233789954,0.049315068,,10
1,jurriaans2020,jurriaans2020,figure 2a,pop,Acropora,valenciennesi,22,C,10,days,0.5,net photosynthesis rate,umol O2 hr^-1 cm^-2,O2,umol,cm^2,hr,0.15890411,SD,10,M ,lab,,,season,winter,350,350,umol m^-2 s^-1,npp,-18,,hermatypic coral,5,6-Apr,0.460273973,0.15890411,,0.248401826,0.058447489,,10
1,jurriaans2020,jurriaans2020,figure 2a,pop,Acropora,valenciennesi,23,C,10,days,0.5,net photosynthesis rate,umol O2 hr^-1 cm^-2,O2,umol,cm^2,hr,0.129680365,SD,10,M ,lab,,,season,winter,350,350,umol m^-2 s^-1,npp,-18,,hermatypic coral,5,6-Apr,0.452968037,0.129680365,,0.230136986,0.062100457,,10
1,jurriaans2020,jurriaans2020,figure 2a,pop,Acropora,valenciennesi,24,C,10,days,0.5,net photosynthesis rate,umol O2 hr^-1 cm^-2,O2,umol,cm^2,hr,0.146118721,SD,10,M ,lab,,,season,winter,350,350,umol m^-2 s^-1,npp,-18,,hermatypic coral,5,6-Apr,0.467579909,0.146118721,,0.292237443,0.109589041,,10
1,jurriaans2020,jurriaans2020,figure 2a,pop,Acropora,valenciennesi,24,C,10,days,0.5,net photosynthesis rate,umol O2 hr^-1 cm^-2,O2,umol,cm^2,hr,0.131506849,SD,10,M ,lab,,,season,winter,350,350,umol m^-2 s^-1,npp,-18,,hermatypic coral,5,6-Apr,0.526027397,0.131506849,,0.20456621,0.040182648,,10
1,jurriaans2020,jurriaans2020,figure 2a,pop,Acropora,valenciennesi,25,C,10,days,0.5,net photosynthesis rate,umol O2 hr^-1 cm^-2,O2,umol,cm^2,hr,0.131506849,SD,10,M ,lab,,,season,winter,350,350,umol m^-2 s^-1,npp,-18,,hermatypic coral,5,6-Apr,0.533333333,0.131506849,,0.343378995,0.105936073,,10
1,jurriaans2020,jurriaans2020,figure 2a,pop,Acropora,valenciennesi,26,C,10,days,0.5,net photosynthesis rate,umol O2 hr^-1 cm^-2,O2,umol,cm^2,hr,0.091324201,SD,10,M ,lab,,,season,winter,350,350,umol m^-2 s^-1,npp,-18,,hermatypic coral,5,6-Apr,0.434703196,0.091324201,,0.40913242,0.162557078,,10
1,jurriaans2020,jurriaans2020,figure 2a,pop,Acropora,valenciennesi,27,C,10,days,0.5,net photosynthesis rate,umol O2 hr^-1 cm^-2,O2,umol,cm^2,hr,0.116894977,SD,10,M ,lab,,,season,winter,350,350,umol m^-2 s^-1,npp,-18,,hermatypic coral,5,6-Apr,0.379908676,0.116894977,,0.365296804,0.116894977,,10
1,jurriaans2020,jurriaans2020,figure 2a,pop,Acropora,valenciennesi,28,C,10,days,0.5,net photosynthesis rate,umol O2 hr^-1 cm^-2,O2,umol,cm^2,hr,0.113242009,SD,10,M ,lab,,,season,winter,350,350,umol m^-2 s^-1,npp,-18,,hermatypic coral,5,6-Apr,0.24109589,0.113242009,,0.405479452,0.096803653,,10
1,jurriaans2020,jurriaans2020,figure 2a,pop,Acropora,valenciennesi,29,C,10,days,0.5,net photosynthesis rate,umol O2 hr^-1 cm^-2,O2,umol,cm^2,hr,0.131506849,SD,10,M ,lab,,,season,winter,350,350,umol m^-2 s^-1,npp,-18,,hermatypic coral,5,6-Apr,0.178995434,0.131506849,,0.431050228,0.173515982,,10
1,jurriaans2020,jurriaans2020,figure 2a,pop,Acropora,valenciennesi,30,C,10,days,0.5,net photosynthesis rate,umol O2 hr^-1 cm^-2,O2,umol,cm^2,hr,0.250228311,SD,10,M ,lab,,,season,winter,350,350,umol m^-2 s^-1,npp,-18,,hermatypic coral,5,6-Apr,0.233789954,0.250228311,,0.434703196,0.146118721,,10
1,jurriaans2020,jurriaans2020,figure 2a,pop,Acropora,valenciennesi,31,C,10,days,0.5,net photosynthesis rate,umol O2 hr^-1 cm^-2,O2,umol,cm^2,hr,0.140639269,SD,10,M ,lab,,,season,winter,350,350,umol m^-2 s^-1,npp,-18,,hermatypic coral,5,6-Apr,0.146118721,0.140639269,,0.555251142,0.197260274,,10
2,jurriaans2020,jurriaans2020,figure 2a,pop,Acropora,valenciennesi,23,C,10,days,0.5,net photosynthesis rate,umol O2 hr^-1 cm^-2,O2,umol,cm^2,hr,0.0456621,SD,10,M ,lab,,,season,summer,350,350,umol m^-2 s^-1,npp,-18,,hermatypic coral,5,6-Apr,0.248401826,0.0456621,,0.124200913,0.021917808,,10
2,jurriaans2020,jurriaans2020,figure 2a,pop,Acropora,valenciennesi,24,C,10,days,0.5,net photosynthesis rate,umol O2 hr^-1 cm^-2,O2,umol,cm^2,hr,0.051141553,SD,10,M ,lab,,,season,summer,350,350,umol m^-2 s^-1,npp,-18,,hermatypic coral,5,6-Apr,0.248401826,0.051141553,,0.124200913,0.021917808,,10
2,jurriaans2020,jurriaans2020,figure 2a,pop,Acropora,valenciennesi,25,C,10,days,0.5,net photosynthesis rate,umol O2 hr^-1 cm^-2,O2,umol,cm^2,hr,0.069406393,SD,10,M ,lab,,,season,summer,350,350,umol m^-2 s^-1,npp,-18,,hermatypic coral,5,6-Apr,0.263013699,0.069406393,,0.124200913,0.034703196,,10
2,jurriaans2020,jurriaans2020,figure 2a,pop,Acropora,valenciennesi,26,C,10,days,0.5,net photosynthesis rate,umol O2 hr^-1 cm^-2,O2,umol,cm^2,hr,0.054794521,SD,10,M ,lab,,,season,summer,350,350,umol m^-2 s^-1,npp,-18,,hermatypic coral,5,6-Apr,0.248401826,0.054794521,,0.127853881,0.02739726,,10
2,jurriaans2020,jurriaans2020,figure 2a,pop,Acropora,valenciennesi,27,C,10,days,0.5,net photosynthesis rate,umol O2 hr^-1 cm^-2,O2,umol,cm^2,hr,0.054794521,SD,10,M ,lab,,,season,summer,350,350,umol m^-2 s^-1,npp,-18,,hermatypic coral,5,6-Apr,0.237442922,0.054794521,,0.131506849,0.025570776,,10
2,jurriaans2020,jurriaans2020,figure 2a,pop,Acropora,valenciennesi,28,C,10,days,0.5,net photosynthesis rate,umol O2 hr^-1 cm^-2,O2,umol,cm^2,hr,0.029223744,SD,10,M ,lab,,,season,summer,350,350,umol m^-2 s^-1,npp,-18,,hermatypic coral,5,6-Apr,0.189954338,0.029223744,,0.182648402,0.049315068,,10
2,jurriaans2020,jurriaans2020,figure 2a,pop,Acropora,valenciennesi,29,C,10,days,0.5,net photosynthesis rate,umol O2 hr^-1 cm^-2,O2,umol,cm^2,hr,0.084018265,SD,10,M ,lab,,,season,summer,350,350,umol m^-2 s^-1,npp,-18,,hermatypic coral,5,6-Apr,0.248401826,0.084018265,,0.244748858,0.054794521,,10
2,jurriaans2020,jurriaans2020,figure 2a,pop,Acropora,valenciennesi,29,C,10,days,0.5,net photosynthesis rate,umol O2 hr^-1 cm^-2,O2,umol,cm^2,hr,0.131506849,SD,10,M ,lab,,,season,summer,350,350,umol m^-2 s^-1,npp,-18,,hermatypic coral,5,6-Apr,0.299543379,0.131506849,,0.124200913,0.03652968,,10
2,jurriaans2020,jurriaans2020,figure 2a,pop,Acropora,valenciennesi,30,C,10,days,0.5,net photosynthesis rate,umol O2 hr^-1 cm^-2,O2,umol,cm^2,hr,0.124200913,SD,10,M ,lab,,,season,summer,350,350,umol m^-2 s^-1,npp,-18,,hermatypic coral,5,6-Apr,0.336073059,0.124200913,,0.252054795,0.043835616,,10
2,jurriaans2020,jurriaans2020,figure 2a,pop,Acropora,valenciennesi,31,C,10,days,0.5,net photosynthesis rate,umol O2 hr^-1 cm^-2,O2,umol,cm^2,hr,0.113242009,SD,10,M ,lab,,,season,summer,350,350,umol m^-2 s^-1,npp,-18,,hermatypic coral,5,6-Apr,0.310502283,0.113242009,,0.266666667,0.067579909,,10
2,jurriaans2020,jurriaans2020,figure 2a,pop,Acropora,valenciennesi,32,C,10,days,0.5,net photosynthesis rate,umol O2 hr^-1 cm^-2,O2,umol,cm^2,hr,0.109589041,SD,10,M ,lab,,,season,summer,350,350,umol m^-2 s^-1,npp,-18,,hermatypic coral,5,6-Apr,0.259360731,0.109589041,,0.284931507,0.051141553,,10
2,jurriaans2020,jurriaans2020,figure 2a,pop,Acropora,valenciennesi,33,C,10,days,0.5,net photosynthesis rate,umol O2 hr^-1 cm^-2,O2,umol,cm^2,hr,0.098630137,SD,10,M ,lab,,,season,summer,350,350,umol m^-2 s^-1,npp,-18,,hermatypic coral,5,6-Apr,0.211872146,0.098630137,,0.314155251,0.060273973,,10
2,jurriaans2020,jurriaans2020,figure 2a,pop,Acropora,valenciennesi,34,C,10,days,0.5,net photosynthesis rate,umol O2 hr^-1 cm^-2,O2,umol,cm^2,hr,0.069406393,SD,10,M ,lab,,,season,summer,350,350,umol m^-2 s^-1,npp,-18,,hermatypic coral,5,6-Apr,0.025570776,0.069406393,,0.259360731,0.060273973,,10
3,jurriaans2020,jurriaans2020,figure 2b,pop,Porites,cylindrica,19,C,10,days,0.5,net photosynthesis rate,umol O2 hr^-1 cm^-2,O2,umol,cm^2,hr,0.090497738,SD,10,M ,lab,,,season,winter,350,350,umol m^-2 s^-1,npp,-18,,hermatypic coral,5,6-Apr,0.36561086,0.090497738,,0.152727273,0.038181818,,10
3,jurriaans2020,jurriaans2020,figure 2b,pop,Porites,cylindrica,20,C,10,days,0.5,net photosynthesis rate,umol O2 hr^-1 cm^-2,O2,umol,cm^2,hr,0.092307692,SD,10,M ,lab,,,season,winter,350,350,umol m^-2 s^-1,npp,-18,,hermatypic coral,5,6-Apr,0.376470588,0.092307692,,0.2,0.056363636,,10
3,jurriaans2020,jurriaans2020,figure 2b,pop,Porites,cylindrica,21,C,10,days,0.5,net photosynthesis rate,umol O2 hr^-1 cm^-2,O2,umol,cm^2,hr,0.085067873,SD,10,M ,lab,,,season,winter,350,350,umol m^-2 s^-1,npp,-18,,hermatypic coral,5,6-Apr,0.36199095,0.085067873,,0.24,0.067272727,,10
3,jurriaans2020,jurriaans2020,figure 2b,pop,Porites,cylindrica,22,C,10,days,0.5,net photosynthesis rate,umol O2 hr^-1 cm^-2,O2,umol,cm^2,hr,0.159276018,SD,10,M ,lab,,,season,winter,350,350,umol m^-2 s^-1,npp,-18,,hermatypic coral,5,6-Apr,0.36199095,0.159276018,,0.327272727,0.083636364,,10
3,jurriaans2020,jurriaans2020,figure 2b,pop,Porites,cylindrica,23,C,10,days,0.5,net photosynthesis rate,umol O2 hr^-1 cm^-2,O2,umol,cm^2,hr,0.119457014,SD,10,M ,lab,,,season,winter,350,350,umol m^-2 s^-1,npp,-18,,hermatypic coral,5,6-Apr,0.445248869,0.119457014,,0.305454545,0.063636364,,10
3,jurriaans2020,jurriaans2020,figure 2b,pop,Porites,cylindrica,24,C,10,days,0.5,net photosynthesis rate,umol O2 hr^-1 cm^-2,O2,umol,cm^2,hr,0.108597285,SD,10,M ,lab,,,season,winter,350,350,umol m^-2 s^-1,npp,-18,,hermatypic coral,5,6-Apr,0.43800905,0.108597285,,0.265454545,0.072727273,,10
3,jurriaans2020,jurriaans2020,figure 2b,pop,Porites,cylindrica,24,C,10,days,0.5,net photosynthesis rate,umol O2 hr^-1 cm^-2,O2,umol,cm^2,hr,0.112217195,SD,10,M ,lab,,,season,winter,350,350,umol m^-2 s^-1,npp,-18,,hermatypic coral,5,6-Apr,0.380090498,0.112217195,,0.301818182,0.063636364,,10
3,jurriaans2020,jurriaans2020,figure 2b,pop,Porites,cylindrica,25,C,10,days,0.5,net photosynthesis rate,umol O2 hr^-1 cm^-2,O2,umol,cm^2,hr,0.047058824,SD,10,M ,lab,,,season,winter,350,350,umol m^-2 s^-1,npp,-18,,hermatypic coral,5,6-Apr,0.333031674,0.047058824,,0.294545455,0.083636364,,10
3,jurriaans2020,jurriaans2020,figure 2b,pop,Porites,cylindrica,26,C,10,days,0.5,net photosynthesis rate,umol O2 hr^-1 cm^-2,O2,umol,cm^2,hr,0.085067873,SD,10,M ,lab,,,season,winter,350,350,umol m^-2 s^-1,npp,-18,,hermatypic coral,5,6-Apr,0.199095023,0.085067873,,0.323636364,0.054545455,,10
3,jurriaans2020,jurriaans2020,figure 2b,pop,Porites,cylindrica,27,C,10,days,0.5,net photosynthesis rate,umol O2 hr^-1 cm^-2,O2,umol,cm^2,hr,0.074208145,SD,10,M ,lab,,,season,winter,350,350,umol m^-2 s^-1,npp,-18,,hermatypic coral,5,6-Apr,0.300452489,0.074208145,,0.334545455,0.06,,10
3,jurriaans2020,jurriaans2020,figure 2b,pop,Porites,cylindrica,28,C,10,days,0.5,net photosynthesis rate,umol O2 hr^-1 cm^-2,O2,umol,cm^2,hr,0.083257919,SD,10,M ,lab,,,season,winter,350,350,umol m^-2 s^-1,npp,-18,,hermatypic coral,5,6-Apr,0.249773756,0.083257919,,0.378181818,0.103636364,,10
3,jurriaans2020,jurriaans2020,figure 2b,pop,Porites,cylindrica,29,C,10,days,0.5,net photosynthesis rate,umol O2 hr^-1 cm^-2,O2,umol,cm^2,hr,0.137556561,SD,10,M ,lab,,,season,winter,350,350,umol m^-2 s^-1,npp,-18,,hermatypic coral,5,6-Apr,0.209954751,0.137556561,,0.381818182,0.067272727,,10
3,jurriaans2020,jurriaans2020,figure 2b,pop,Porites,cylindrica,30,C,10,days,0.5,net photosynthesis rate,umol O2 hr^-1 cm^-2,O2,umol,cm^2,hr,0.061538462,SD,10,M ,lab,,,season,winter,350,350,umol m^-2 s^-1,npp,-18,,hermatypic coral,5,6-Apr,0.162895928,0.061538462,,0.410909091,0.118181818,,10
3,jurriaans2020,jurriaans2020,figure 2b,pop,Porites,cylindrica,31,C,10,days,0.5,net photosynthesis rate,umol O2 hr^-1 cm^-2,O2,umol,cm^2,hr,0.043438914,SD,10,M ,lab,,,season,winter,350,350,umol m^-2 s^-1,npp,-18,,hermatypic coral,5,6-Apr,0.101357466,0.043438914,,0.498181818,0.145454545,,10
4,jurriaans2020,jurriaans2020,figure 2b,pop,Porites,cylindrica,23,C,10,days,0.5,net photosynthesis rate,umol O2 hr^-1 cm^-2,O2,umol,cm^2,hr,0.028959276,SD,10,M ,lab,,,season,summer,350,350,umol m^-2 s^-1,npp,-18,,hermatypic coral,5,6-Apr,0.235294118,0.028959276,,0.127272727,0.02,,10
4,jurriaans2020,jurriaans2020,figure 2b,pop,Porites,cylindrica,24,C,10,days,0.5,net photosynthesis rate,umol O2 hr^-1 cm^-2,O2,umol,cm^2,hr,0.041628959,SD,10,M ,lab,,,season,summer,350,350,umol m^-2 s^-1,npp,-18,,hermatypic coral,5,6-Apr,0.242533937,0.041628959,,0.156363636,0.036363636,,10
4,jurriaans2020,jurriaans2020,figure 2b,pop,Porites,cylindrica,25,C,10,days,0.5,net photosynthesis rate,umol O2 hr^-1 cm^-2,O2,umol,cm^2,hr,0.025339367,SD,10,M ,lab,,,season,summer,350,350,umol m^-2 s^-1,npp,-18,,hermatypic coral,5,6-Apr,0.246153846,0.025339367,,0.16,0.04,,10
4,jurriaans2020,jurriaans2020,figure 2b,pop,Porites,cylindrica,26,C,10,days,0.5,net photosynthesis rate,umol O2 hr^-1 cm^-2,O2,umol,cm^2,hr,0.039819005,SD,10,M ,lab,,,season,summer,350,350,umol m^-2 s^-1,npp,-18,,hermatypic coral,5,6-Apr,0.228054299,0.039819005,,0.174545455,0.050909091,,10
4,jurriaans2020,jurriaans2020,figure 2b,pop,Porites,cylindrica,27,C,10,days,0.5,net photosynthesis rate,umol O2 hr^-1 cm^-2,O2,umol,cm^2,hr,0.036199095,SD,10,M ,lab,,,season,summer,350,350,umol m^-2 s^-1,npp,-18,,hermatypic coral,5,6-Apr,0.224434389,0.036199095,,0.174545455,0.041818182,,10
4,jurriaans2020,jurriaans2020,figure 2b,pop,Porites,cylindrica,28,C,10,days,0.5,net photosynthesis rate,umol O2 hr^-1 cm^-2,O2,umol,cm^2,hr,0.047058824,SD,10,M ,lab,,,season,summer,350,350,umol m^-2 s^-1,npp,-18,,hermatypic coral,5,6-Apr,0.191855204,0.047058824,,0.192727273,0.067272727,,10
4,jurriaans2020,jurriaans2020,figure 2b,pop,Porites,cylindrica,29,C,10,days,0.5,net photosynthesis rate,umol O2 hr^-1 cm^-2,O2,umol,cm^2,hr,0.03438914,SD,10,M ,lab,,,season,summer,350,350,umol m^-2 s^-1,npp,-18,,hermatypic coral,5,6-Apr,0.177375566,0.03438914,,0.203636364,0.065454545,,10
4,jurriaans2020,jurriaans2020,figure 2b,pop,Porites,cylindrica,29,C,10,days,0.5,net photosynthesis rate,umol O2 hr^-1 cm^-2,O2,umol,cm^2,hr,0.036199095,SD,10,M ,lab,,,season,summer,350,350,umol m^-2 s^-1,npp,-18,,hermatypic coral,5,6-Apr,0.22081448,0.036199095,,0.130909091,0.030909091,,10
4,jurriaans2020,jurriaans2020,figure 2b,pop,Porites,cylindrica,30,C,10,days,0.5,net photosynthesis rate,umol O2 hr^-1 cm^-2,O2,umol,cm^2,hr,0.043438914,SD,10,M ,lab,,,season,summer,350,350,umol m^-2 s^-1,npp,-18,,hermatypic coral,5,6-Apr,0.126696833,0.043438914,,0.192727273,0.047272727,,10
4,jurriaans2020,jurriaans2020,figure 2b,pop,Porites,cylindrica,31,C,10,days,0.5,net photosynthesis rate,umol O2 hr^-1 cm^-2,O2,umol,cm^2,hr,0.048868778,SD,10,M ,lab,,,season,summer,350,350,umol m^-2 s^-1,npp,-18,,hermatypic coral,5,6-Apr,0.152036199,0.048868778,,0.185454545,0.032727273,,10
4,jurriaans2020,jurriaans2020,figure 2b,pop,Porites,cylindrica,32,C,10,days,0.5,net photosynthesis rate,umol O2 hr^-1 cm^-2,O2,umol,cm^2,hr,0.03800905,SD,10,M ,lab,,,season,summer,350,350,umol m^-2 s^-1,npp,-18,,hermatypic coral,5,6-Apr,0.14841629,0.03800905,,0.203636364,0.047272727,,10
4,jurriaans2020,jurriaans2020,figure 2b,pop,Porites,cylindrica,33,C,10,days,0.5,net photosynthesis rate,umol O2 hr^-1 cm^-2,O2,umol,cm^2,hr,0.03800905,SD,10,M ,lab,,,season,summer,350,350,umol m^-2 s^-1,npp,-18,,hermatypic coral,5,6-Apr,0.14841629,0.03800905,,0.210909091,0.049090909,,10
4,jurriaans2020,jurriaans2020,figure 2b,pop,Porites,cylindrica,34,C,10,days,0.5,net photosynthesis rate,umol O2 hr^-1 cm^-2,O2,umol,cm^2,hr,0.025339367,SD,10,M ,lab,,,season,summer,350,350,umol m^-2 s^-1,npp,-18,,hermatypic coral,5,6-Apr,0.101357466,0.025339367,,0.163636364,0.032727273,,10
1,zelli2023,zelli2023,figure 2a,pop,Pinnigorgia ,flava,26,C,21,days,0,oxygen production,umol O2 hr^-1 cm^-2,O2,umol,cm^2,hr,0.343558282,SEM,3,M ,lab,,,,,120.8,120.8,umol m^-2 s^-1,npp,0,,soft coral,10,,0.568507157,0.81390593,,0.343558282,0.654396728,,3
2,zelli2023,zelli2023,figure 2a,pop,Pinnigorgia ,flava,26,C,21,days,0.285714286,oxygen production,umol O2 hr^-1 cm^-2,O2,umol,cm^2,hr,0.376278119,SEM,3,M ,lab,,,,,120.8,120.8,umol m^-2 s^-1,npp,0,,soft coral,10,,1.059304703,0.81390593,,0.376278119,1.047034765,,3
1,zelli2023,zelli2023,figure 2a,pop,Pinnigorgia ,flava,28,C,28,days,0,oxygen production,umol O2 hr^-1 cm^-2,O2,umol,cm^2,hr,1.766871166,SEM,3,M ,lab,,,,,120.8,120.8,umol m^-2 s^-1,npp,0,,soft coral,10,,0.63394683,1.73006135,,1.766871166,2.421267894,,3
2,zelli2023,zelli2023,figure 2a,pop,Pinnigorgia ,flava,28,C,28,days,0.285714286,oxygen production,umol O2 hr^-1 cm^-2,O2,umol,cm^2,hr,0.212678937,SEM,3,M ,lab,,,,,120.8,120.8,umol m^-2 s^-1,npp,0,,soft coral,10,,0.928425358,0.879345603,,0.212678937,0.719836401,,3
1,zelli2023,zelli2023,figure 2a,pop,Pinnigorgia ,flava,30,C,36,days,0,oxygen production,umol O2 hr^-1 cm^-2,O2,umol,cm^2,hr,0.261758691,SEM,3,M ,lab,,,,,120.8,120.8,umol m^-2 s^-1,npp,0,,soft coral,10,,0.241308793,0.650306748,,0.261758691,0.45807771,,3
2,zelli2023,zelli2023,figure 2a,pop,Pinnigorgia ,flava,30,C,36,days,0.285714286,oxygen production,umol O2 hr^-1 cm^-2,O2,umol,cm^2,hr,0.098159509,SEM,3,M ,lab,,,,,120.8,120.8,umol m^-2 s^-1,npp,0,,soft coral,10,,0.45398773,0.486707566,,0.098159509,0.294478528,,3
1,zelli2023,zelli2023,figure 2a,pop,Pinnigorgia ,flava,32,C,44,days,0,oxygen production,umol O2 hr^-1 cm^-2,O2,umol,cm^2,hr,1.079754601,SEM,3,M ,lab,,,,,120.8,120.8,umol m^-2 s^-1,npp,0,,soft coral,10,,0.63394683,3.137014315,,1.079754601,1.047034765,,3
2,zelli2023,zelli2023,figure 2a,pop,Pinnigorgia ,flava,32,C,44,days,0.285714286,oxygen production,umol O2 hr^-1 cm^-2,O2,umol,cm^2,hr,0.3599182,SEM,3,M ,lab,,,,,120.8,120.8,umol m^-2 s^-1,npp,0,,soft coral,10,,0.077709611,1.435582822,,0.3599182,0.687116564,,3
1,puntin2023,puntin2023,rawdatafile,pop,Galaxea ,fascicularis,21.21,C,10,day ,1.2,net photosynthesis rate,mg O2 cm^-2 hr^-1,O2,mg,cm^2,hr,0.000732578,SEM,12,M ,lab,,,symbiotic state,Symbiotic,230-280,255,umol m^-2 s^-1,npp,22.3054,,hermatypic coral,11,13-Sep,0.010479386,-0.005768342,,0.000732578,0.000819089,,12
1,puntin2023,puntin2023,rawdatafile,pop,Galaxea ,fascicularis,23.09,C,10,day ,1.2,net photosynthesis rate,mg O2 cm^-2 hr^-1,O2,mg,cm^2,hr,0.00104727,SEM,12,M ,lab,,,symbiotic state,Symbiotic,230-280,255,umol m^-2 s^-1,npp,22.3054,,hermatypic coral,11,13-Sep,0.013049129,-0.013431823,,0.00104727,0.000945669,,12
1,puntin2023,puntin2023,rawdatafile,pop,Galaxea ,fascicularis,23.97,C,10,day ,1.2,net photosynthesis rate,mg O2 cm^-2 hr^-1,O2,mg,cm^2,hr,0.000655585,SEM,12,M ,lab,,,symbiotic state,Symbiotic,230-280,255,umol m^-2 s^-1,npp,22.3054,,hermatypic coral,11,13-Sep,0.009493102,-0.010277655,,0.000655585,0.000859778,,12
1,puntin2023,puntin2023,rawdatafile,pop,Galaxea ,fascicularis,24.44,C,10,day ,1.2,net photosynthesis rate,mg O2 cm^-2 hr^-1,O2,mg,cm^2,hr,0.000727819,SEM,12,M ,lab,,,symbiotic state,Symbiotic,230-280,255,umol m^-2 s^-1,npp,22.3054,,hermatypic coral,11,13-Sep,0.009689674,-0.009735577,,0.000727819,0.000526581,,12
1,puntin2023,puntin2023,rawdatafile,pop,Galaxea ,fascicularis,25.1,C,10,day ,1.2,net photosynthesis rate,mg O2 cm^-2 hr^-1,O2,mg,cm^2,hr,0.000666446,SEM,12,M ,lab,,,symbiotic state,Symbiotic,230-280,255,umol m^-2 s^-1,npp,22.3054,,hermatypic coral,11,13-Sep,0.009736562,-0.016546897,,0.000666446,0.001037052,,12
1,puntin2023,puntin2023,rawdatafile,pop,Galaxea ,fascicularis,26.24,C,10,day ,1.2,net photosynthesis rate,mg O2 cm^-2 hr^-1,O2,mg,cm^2,hr,0.0008728,SEM,12,M ,lab,,,symbiotic state,Symbiotic,230-280,255,umol m^-2 s^-1,npp,22.3054,,hermatypic coral,11,13-Sep,0.008480289,-0.018278631,,0.0008728,0.001260091,,12
1,puntin2023,puntin2023,rawdatafile,pop,Galaxea ,fascicularis,27.15,C,10,day ,1.2,net photosynthesis rate,mg O2 cm^-2 hr^-1,O2,mg,cm^2,hr,0.000600226,SEM,12,M ,lab,,,symbiotic state,Symbiotic,230-280,255,umol m^-2 s^-1,npp,22.3054,,hermatypic coral,11,13-Sep,0.00877641,-0.023603533,,0.000600226,0.001397924,,12
1,puntin2023,puntin2023,rawdatafile,pop,Galaxea ,fascicularis,28.08,C,10,day ,1.2,net photosynthesis rate,mg O2 cm^-2 hr^-1,O2,mg,cm^2,hr,0.00070555,SEM,12,M ,lab,,,symbiotic state,Symbiotic,230-280,255,umol m^-2 s^-1,npp,22.3054,,hermatypic coral,11,13-Sep,0.009991676,-0.020238613,,0.00070555,0.00118135,,12
1,puntin2023,puntin2023,rawdatafile,pop,Galaxea ,fascicularis,30.08,C,10,day ,1.2,net photosynthesis rate,mg O2 cm^-2 hr^-1,O2,mg,cm^2,hr,0.000586256,SEM,12,M ,lab,,,symbiotic state,Symbiotic,230-280,255,umol m^-2 s^-1,npp,22.3054,,hermatypic coral,11,13-Sep,0.006117901,-0.022752881,,0.000586256,0.001266295,,12
1,puntin2023,puntin2023,rawdatafile,pop,Galaxea ,fascicularis,32.1,C,10,day ,1.2,net photosynthesis rate,mg O2 cm^-2 hr^-1,O2,mg,cm^2,hr,0.000586462,SEM,12,M ,lab,,,symbiotic state,Symbiotic,230-280,255,umol m^-2 s^-1,npp,22.3054,,hermatypic coral,11,13-Sep,0.003255625,-0.025697026,,0.000586462,0.001499988,,12
1,rodolfo-metalpa2014,rodolfo-metalpa2014,figure 4a,pop,Oculina ,patagonica,20,C,14,day ,0.857142857,photosynthesis,O2 cm^-2 hr^-1,O2,%,cm^2,hr,1.04978355,SEM,6,M ,lab,,,location,Albissola,70,70,umol m^-2 s^-1,npp,44.19,,hermatypic coral,3.25,0.5-6,1.17965368,4.748743719,,1.04978355,2.412060302,,6
1,rodolfo-metalpa2014,rodolfo-metalpa2014,figure 4a,pop,Oculina ,patagonica,22,C,14,day ,0.857142857,photosynthesis,O2 cm^-2 hr^-1,O2,%,cm^2,hr,0.12987013,SEM,6,M ,lab,,,location,Albissola,70,70,umol m^-2 s^-1,npp,44.19,,hermatypic coral,3.25,0.5-6,1.060606061,9.271356784,,0.12987013,1.168341709,,6
1,rodolfo-metalpa2014,rodolfo-metalpa2014,figure 4a,pop,Oculina ,patagonica,24,C,14,day ,0.857142857,photosynthesis,O2 cm^-2 hr^-1,O2,%,cm^2,hr,0.752164502,SEM,6,M ,lab,,,location,Albissola,70,70,umol m^-2 s^-1,npp,44.19,,hermatypic coral,3.25,0.5-6,1.655844156,12.28643216,,0.752164502,4.824120603,,6
1,rodolfo-metalpa2014,rodolfo-metalpa2014,figure 4a,pop,Oculina ,patagonica,26,C,14,day ,0.857142857,photosynthesis,O2 cm^-2 hr^-1,O2,%,cm^2,hr,0.270562771,SEM,6,M ,lab,,,location,Albissola,70,70,umol m^-2 s^-1,npp,44.19,,hermatypic coral,3.25,0.5-6,0.681818182,11.75879397,,0.270562771,2.939698492,,6
1,rodolfo-metalpa2014,rodolfo-metalpa2014,figure 4a,pop,Oculina ,patagonica,28,C,14,day ,0.857142857,photosynthesis,O2 cm^-2 hr^-1,O2,%,cm^2,hr,0.183982684,SEM,6,M ,lab,,,location,Albissola,70,70,umol m^-2 s^-1,npp,44.19,,hermatypic coral,3.25,0.5-6,0.681818182,9.874371859,,0.183982684,1.997487437,,6
1,rodolfo-metalpa2014,rodolfo-metalpa2014,figure 4a,pop,Oculina ,patagonica,30,C,14,day ,0.857142857,photosynthesis,O2 cm^-2 hr^-1,O2,%,cm^2,hr,0.422077922,SEM,6,M ,lab,,,location,Albissola,70,70,umol m^-2 s^-1,npp,44.19,,hermatypic coral,3.25,0.5-6,0.606060606,6.331658291,,0.422077922,3.052763819,,6
1,rodolfo-metalpa2014,rodolfo-metalpa2014,figure 4a,pop,Oculina ,patagonica,32,C,14,day ,0.857142857,photosynthesis,O2 cm^-2 hr^-1,O2,%,cm^2,hr,0.216450216,SEM,6,M ,lab,,,location,Albissola,70,70,umol m^-2 s^-1,npp,44.19,,hermatypic coral,3.25,0.5-6,0.032467532,5.653266332,,0.216450216,2.864321608,,6
3,rodolfo-metalpa2014,rodolfo-metalpa2014,figure 4b,pop,Oculina ,patagonica,20,C,14,day ,0.857142857,photosynthesis,O2 cm^-2 hr^-1,O2,%,cm^2,hr,0.411392405,SEM,6,M ,lab,,,location,Portman,70,70,umol m^-2 s^-1,npp,38.2,,hermatypic coral,3.25,0.5-6,0.696202532,2.5,,0.411392405,2.196969697,,6
3,rodolfo-metalpa2014,rodolfo-metalpa2014,figure 4b,pop,Oculina ,patagonica,22,C,14,day ,0.857142857,photosynthesis,O2 cm^-2 hr^-1,O2,%,cm^2,hr,0.10021097,SEM,6,M ,lab,,,location,Portman,70,70,umol m^-2 s^-1,npp,38.2,,hermatypic coral,3.25,0.5-6,0.780590717,7.954545455,,0.10021097,3.901515152,,6
3,rodolfo-metalpa2014,rodolfo-metalpa2014,figure 4b,pop,Oculina ,patagonica,24,C,14,day ,0.857142857,photosynthesis,O2 cm^-2 hr^-1,O2,%,cm^2,hr,0.400843882,SEM,6,M ,lab,,,location,Portman,70,70,umol m^-2 s^-1,npp,38.2,,hermatypic coral,3.25,0.5-6,0.938818565,9.318181818,,0.400843882,2.803030303,,6
3,rodolfo-metalpa2014,rodolfo-metalpa2014,figure 4b,pop,Oculina ,patagonica,26,C,14,day ,0.857142857,photosynthesis,O2 cm^-2 hr^-1,O2,%,cm^2,hr,0.432489451,SEM,6,M ,lab,,,location,Portman,70,70,umol m^-2 s^-1,npp,38.2,,hermatypic coral,3.25,0.5-6,1.075949367,10.15151515,,0.432489451,2.992424242,,6
3,rodolfo-metalpa2014,rodolfo-metalpa2014,figure 4b,pop,Oculina ,patagonica,28,C,14,day ,0.857142857,photosynthesis,O2 cm^-2 hr^-1,O2,%,cm^2,hr,0.210970464,SEM,6,M ,lab,,,location,Portman,70,70,umol m^-2 s^-1,npp,38.2,,hermatypic coral,3.25,0.5-6,0.506329114,7.348484848,,0.210970464,1.590909091,,6
3,rodolfo-metalpa2014,rodolfo-metalpa2014,figure 4b,pop,Oculina ,patagonica,30,C,14,day ,0.857142857,photosynthesis,O2 cm^-2 hr^-1,O2,%,cm^2,hr,0.189873418,SEM,6,M ,lab,,,location,Portman,70,70,umol m^-2 s^-1,npp,38.2,,hermatypic coral,3.25,0.5-6,0.738396624,6.666666667,,0.189873418,1.590909091,,6
5,rodolfo-metalpa2014,rodolfo-metalpa2014,figure 4c,pop,Oculina ,patagonica,20,C,14,day ,0.857142857,photosynthesis,O2 cm^-2 hr^-1,O2,%,cm^2,hr,0.388655462,SEM,6,M ,lab,,,location,Alicante,70,70,umol m^-2 s^-1,npp,37.34,,hermatypic coral,3.25,0.5-6,0.525210084,2.878787879,,0.388655462,1.439393939,,6
5,rodolfo-metalpa2014,rodolfo-metalpa2014,figure 4c,pop,Oculina ,patagonica,22,C,14,day ,0.857142857,photosynthesis,O2 cm^-2 hr^-1,O2,%,cm^2,hr,0.283613445,SEM,6,M ,lab,,,location,Alicante,70,70,umol m^-2 s^-1,npp,37.34,,hermatypic coral,3.25,0.5-6,0.619747899,5,,0.283613445,1.515151515,,6
5,rodolfo-metalpa2014,rodolfo-metalpa2014,figure 4c,pop,Oculina ,patagonica,24,C,14,day ,0.857142857,photosynthesis,O2 cm^-2 hr^-1,O2,%,cm^2,hr,0.341386555,SEM,6,M ,lab,,,location,Alicante,70,70,umol m^-2 s^-1,npp,37.34,,hermatypic coral,3.25,0.5-6,0.735294118,6.060606061,,0.341386555,2.272727273,,6
5,rodolfo-metalpa2014,rodolfo-metalpa2014,figure 4c,pop,Oculina ,patagonica,26,C,14,day ,0.857142857,photosynthesis,O2 cm^-2 hr^-1,O2,%,cm^2,hr,0.441176471,SEM,6,M ,lab,,,location,Alicante,70,70,umol m^-2 s^-1,npp,37.34,,hermatypic coral,3.25,0.5-6,0.724789916,9.015151515,,0.441176471,5.227272727,,6
5,rodolfo-metalpa2014,rodolfo-metalpa2014,figure 4c,pop,Oculina ,patagonica,28,C,14,day ,0.857142857,photosynthesis,O2 cm^-2 hr^-1,O2,%,cm^2,hr,0.257352941,SEM,6,M ,lab,,,location,Alicante,70,70,umol m^-2 s^-1,npp,37.34,,hermatypic coral,3.25,0.5-6,0.577731092,4.848484848,,0.257352941,1.477272727,,6
5,rodolfo-metalpa2014,rodolfo-metalpa2014,figure 4c,pop,Oculina ,patagonica,30,C,14,day ,0.857142857,photosynthesis,O2 cm^-2 hr^-1,O2,%,cm^2,hr,0.262605042,SEM,6,M ,lab,,,location,Alicante,70,70,umol m^-2 s^-1,npp,37.34,,hermatypic coral,3.25,0.5-6,0.556722689,9.015151515,,0.262605042,4.696969697,,6
5,rodolfo-metalpa2014,rodolfo-metalpa2014,figure 4c,pop,Oculina ,patagonica,32,C,14,day ,0.857142857,photosynthesis,O2 cm^-2 hr^-1,O2,%,cm^2,hr,0.073529412,SEM,6,M ,lab,,,location,Alicante,70,70,umol m^-2 s^-1,npp,37.34,,hermatypic coral,3.25,0.5-6,0.136554622,5.757575758,,0.073529412,3.636363636,,6
7,rodolfo-metalpa2014,rodolfo-metalpa2014,figure 4d,pop,Oculina ,patagonica,20,C,14,day ,0.857142857,photosynthesis,O2 cm^-2 hr^-1,O2,%,cm^2,hr,0.711206897,SEM,6,M ,lab,,,location,Haifa,70,70,umol m^-2 s^-1,npp,32.3,,hermatypic coral,3.25,0.5-6,0.969827586,4.548488712,,0.711206897,2.374371859,,6
7,rodolfo-metalpa2014,rodolfo-metalpa2014,figure 4d,pop,Oculina ,patagonica,22,C,14,day ,0.857142857,photosynthesis,O2 cm^-2 hr^-1,O2,%,cm^2,hr,0.247844828,SEM,6,M ,lab,,,location,Haifa,70,70,umol m^-2 s^-1,npp,32.3,,hermatypic coral,3.25,0.5-6,0.775862069,5.309851496,,0.247844828,1.884422111,,6
7,rodolfo-metalpa2014,rodolfo-metalpa2014,figure 4d,pop,Oculina ,patagonica,24,C,14,day ,0.857142857,photosynthesis,O2 cm^-2 hr^-1,O2,%,cm^2,hr,0.619612069,SEM,6,M ,lab,,,location,Haifa,70,70,umol m^-2 s^-1,npp,32.3,,hermatypic coral,3.25,0.5-6,1.465517241,8.859877747,,0.619612069,3.24120603,,6
7,rodolfo-metalpa2014,rodolfo-metalpa2014,figure 4d,pop,Oculina ,patagonica,26,C,14,day ,0.857142857,photosynthesis,O2 cm^-2 hr^-1,O2,%,cm^2,hr,0.387931034,SEM,6,M ,lab,,,location,Haifa,70,70,umol m^-2 s^-1,npp,32.3,,hermatypic coral,3.25,0.5-6,1.012931034,8.41521038,,0.387931034,4.635678392,,6
7,rodolfo-metalpa2014,rodolfo-metalpa2014,figure 4d,pop,Oculina ,patagonica,28,C,14,day ,0.857142857,photosynthesis,O2 cm^-2 hr^-1,O2,%,cm^2,hr,0.301724138,SEM,6,M ,lab,,,location,Haifa,70,70,umol m^-2 s^-1,npp,32.3,,hermatypic coral,3.25,0.5-6,0.625,8.724311858,,0.301724138,3.203517588,,6
7,rodolfo-metalpa2014,rodolfo-metalpa2014,figure 4d,pop,Oculina ,patagonica,30,C,14,day ,0.857142857,photosynthesis,O2 cm^-2 hr^-1,O2,%,cm^2,hr,0.269396552,SEM,6,M ,lab,,,location,Haifa,70,70,umol m^-2 s^-1,npp,32.3,,hermatypic coral,3.25,0.5-6,0.625,7.7520063,,0.269396552,3.24120603,,6
7,rodolfo-metalpa2014,rodolfo-metalpa2014,figure 4d,pop,Oculina ,patagonica,32,C,14,day ,0.857142857,photosynthesis,O2 cm^-2 hr^-1,O2,%,cm^2,hr,0.091594828,SEM,6,M ,lab,,,location,Haifa,70,70,umol m^-2 s^-1,npp,32.3,,hermatypic coral,3.25,0.5-6,0.301724138,5.121409285,,0.091594828,4.108040201,,6
1,aichelman2019,aichelman2019,figure 3,pop,Astrangia,poculata,6,C,1,day ,9,corrected dark respiration,umol O2 hr^-1 cm^-2,O2,umol,cm^2,hr,0.111111111,95 CI,8,M ,lab,,,location ,Rhode Island,0,0,umol m^-2 s^-1,r,41.4774,,hermatypic coral,11,11,,0.170138889,0.033333333,,0.111111111,0.16969697,8
1,aichelman2019,aichelman2019,figure 3,pop,Astrangia,poculata,9,C,1,day ,9,corrected dark respiration,umol O2 hr^-1 cm^-2,O2,umol,cm^2,hr,0.140625,95 CI,8,M ,lab,,,location ,Rhode Island,0,0,umol m^-2 s^-1,r,41.4774,,hermatypic coral,11,11,,0.215277778,0.211111111,,0.140625,0.244444444,8
1,aichelman2019,aichelman2019,figure 3,pop,Astrangia,poculata,12,C,1,day ,9,corrected dark respiration,umol O2 hr^-1 cm^-2,O2,umol,cm^2,hr,0.088541667,95 CI,8,M ,lab,,,location ,Rhode Island,0,0,umol m^-2 s^-1,r,41.4774,,hermatypic coral,11,11,,0.125,0.045454545,,0.088541667,0.274747475,8
1,aichelman2019,aichelman2019,figure 3,pop,Astrangia,poculata,15,C,1,day ,9,corrected dark respiration,umol O2 hr^-1 cm^-2,O2,umol,cm^2,hr,0.109375,95 CI,8,M ,lab,,,location ,Rhode Island,0,0,umol m^-2 s^-1,r,41.4774,,hermatypic coral,11,11,,0.236111111,0.344444444,,0.109375,0.294949495,8
1,aichelman2019,aichelman2019,figure 3,pop,Astrangia,poculata,18,C,1,day ,9,corrected dark respiration,umol O2 hr^-1 cm^-2,O2,umol,cm^2,hr,0.164930556,95 CI,8,M ,lab,,,location ,Rhode Island,0,0,umol m^-2 s^-1,r,41.4774,,hermatypic coral,11,11,,0.465277778,0.3,,0.164930556,0.16969697,8
1,aichelman2019,aichelman2019,figure 3,pop,Astrangia,poculata,22,C,1,day ,9,corrected dark respiration,umol O2 hr^-1 cm^-2,O2,umol,cm^2,hr,0.236111111,95 CI,8,M ,lab,,,location ,Rhode Island,0,0,umol m^-2 s^-1,r,41.4774,,hermatypic coral,11,11,,0.909722222,0.88989899,,0.236111111,0.298989899,8
1,aichelman2019,aichelman2019,figure 3,pop,Astrangia,poculata,26,C,1,day ,9,corrected dark respiration,umol O2 hr^-1 cm^-2,O2,umol,cm^2,hr,0.236111111,95 CI,8,M ,lab,,,location ,Rhode Island,0,0,umol m^-2 s^-1,r,41.4774,,hermatypic coral,11,11,,0.916666667,0.998989899,,0.236111111,0.424242424,8
1,aichelman2019,aichelman2019,figure 3,pop,Astrangia,poculata,29,C,1,day ,9,corrected dark respiration,umol O2 hr^-1 cm^-2,O2,umol,cm^2,hr,0.373263889,95 CI,8,M ,lab,,,location ,Rhode Island,0,0,umol m^-2 s^-1,r,41.4774,,hermatypic coral,11,11,,0.920138889,0.768686869,,0.373263889,0.460606061,8
1,aichelman2019,aichelman2019,figure 3,pop,Astrangia,poculata,32,C,1,day ,9,corrected dark respiration,umol O2 hr^-1 cm^-2,O2,umol,cm^2,hr,0.206597222,95 CI,8,M ,lab,,,location,Rhode Island,0,0,umol m^-2 s^-1,r,41.4774,,hermatypic coral,11,11,,0.545138889,0.283838384,,0.206597222,0.173737374,8
2,aichelman2019,aichelman2019,figure 3,pop,Astrangia,poculata,6,C,1,day ,9,corrected dark respiration,umol O2 hr^-1 cm^-2,O2,umol,cm^2,hr,0.041666667,95 CI,8,M ,lab,,,location,Virginia,0,0,umol m^-2 s^-1,r,37.8992,,hermatypic coral,20,20,,0.111111111,0.102020202,,0.041666667,0.090909091,8
2,aichelman2019,aichelman2019,figure 3,pop,Astrangia,poculata,9,C,1,day ,9,corrected dark respiration,umol O2 hr^-1 cm^-2,O2,umol,cm^2,hr,0.121527778,95 CI,8,M ,lab,,,location,Virginia,0,0,umol m^-2 s^-1,r,37.8992,,hermatypic coral,20,20,,0.166666667,0.077777778,,0.121527778,0.286868687,8
2,aichelman2019,aichelman2019,figure 3,pop,Astrangia,poculata,12,C,1,day ,9,corrected dark respiration,umol O2 hr^-1 cm^-2,O2,umol,cm^2,hr,0.107638889,95 CI,8,M ,lab,,,location,Virginia,0,0,umol m^-2 s^-1,r,37.8992,,hermatypic coral,20,20,,0.097222222,-0.055555556,,0.107638889,0.23030303,8
2,aichelman2019,aichelman2019,figure 3,pop,Astrangia,poculata,15,C,1,day ,9,corrected dark respiration,umol O2 hr^-1 cm^-2,O2,umol,cm^2,hr,0.065972222,95 CI,8,M ,lab,,,location,Virginia,0,0,umol m^-2 s^-1,r,37.8992,,hermatypic coral,20,20,,0.135416667,0.146464646,,0.065972222,0.133333333,8
2,aichelman2019,aichelman2019,figure 3,pop,Astrangia,poculata,18,C,1,day ,9,corrected dark respiration,umol O2 hr^-1 cm^-2,O2,umol,cm^2,hr,0.105902778,95 CI,8,M ,lab,,,location,Virginia,0,0,umol m^-2 s^-1,r,37.8992,,hermatypic coral,20,20,,0.197916667,0.186868687,,0.105902778,0.171717172,8
2,aichelman2019,aichelman2019,figure 3,pop,Astrangia,poculata,22,C,1,day ,9,corrected dark respiration,umol O2 hr^-1 cm^-2,O2,umol,cm^2,hr,0.201388889,95 CI,8,M ,lab,,,location,Virginia,0,0,umol m^-2 s^-1,r,37.8992,,hermatypic coral,20,20,,0.555555556,0.425252525,,0.201388889,0.173737374,8
2,aichelman2019,aichelman2019,figure 3,pop,Astrangia,poculata,26,C,1,day ,9,corrected dark respiration,umol O2 hr^-1 cm^-2,O2,umol,cm^2,hr,0.215277778,95 CI,8,M ,lab,,,location,Virginia,0,0,umol m^-2 s^-1,r,37.8992,,hermatypic coral,20,20,,0.6875,0.643434343,,0.215277778,0.303030303,8
2,aichelman2019,aichelman2019,figure 3,pop,Astrangia,poculata,29,C,1,day ,9,corrected dark respiration,umol O2 hr^-1 cm^-2,O2,umol,cm^2,hr,0.211805556,95 CI,8,M ,lab,,,location,Virginia,0,0,umol m^-2 s^-1,r,37.8992,,hermatypic coral,20,20,,0.833333333,0.691919192,,0.211805556,0.43030303,8
2,aichelman2019,aichelman2019,figure 3,pop,Astrangia,poculata,32,C,1,day ,9,corrected dark respiration,umol O2 hr^-1 cm^-2,O2,umol,cm^2,hr,0.270833333,95 CI,8,M ,lab,,,location,Virginia,0,0,umol m^-2 s^-1,r,37.8992,,hermatypic coral,20,20,,0.545138889,0.267676768,,0.270833333,0.254545455,8