paper_id,study_id,source,org_level,genus,species,temp,temp_units,npp_def,npp_value,npp_units ,gas,gas_unit,mass/area,time,realm,exp_design,time_point,time_units,add_trt,add_value,ppfd,avg_ppfd,ppfd_units,elevation_metre,latitude,latitude_broad,elevation_broad,lichen_type,r_value
aubert_2007,aubert_2007,figure 1,pop,xanthoria ,elegans,2,C,net photosynthesis,410.5516387,nmol CO2 * min^-1 *g^-1 dry wt,co2,nmol,g,min,T,lab,,,,,500,500,umol *m^-2 *s^-1,2800,44.6008723,temperate,high,green algae,10.1379763
aubert_2007,aubert_2007,figure 1,pop,xanthoria ,elegans,5,C,net photosynthesis,643.6552891,nmol CO2 * min^-1 *g^-1 dry wt,co2,nmol,g,min,T,lab,,,,,500,500,umol *m^-2 *s^-1,2800,44.6008723,temperate,high,green algae,44.76949528
aubert_2007,aubert_2007,figure 1,pop,xanthoria ,elegans,10,C,net photosynthesis,782.6207667,nmol CO2 * min^-1 *g^-1 dry wt,co2,nmol,g,min,T,lab,,,,,500,500,umol *m^-2 *s^-1,2800,44.6008723,temperate,high,green algae,148.9181138
aubert_2007,aubert_2007,figure 1,pop,xanthoria ,elegans,15,C,net photosynthesis,679.5925184,nmol CO2 * min^-1 *g^-1 dry wt,co2,nmol,g,min,T,lab,,,,,500,500,umol *m^-2 *s^-1,2800,44.6008723,temperate,high,green algae,329.6642388
aubert_2007,aubert_2007,figure 1,pop,xanthoria ,elegans,20,C,net photosynthesis,499.9646813,nmol CO2 * min^-1 *g^-1 dry wt,co2,nmol,g,min,T,lab,,,,,500,500,umol *m^-2 *s^-1,2800,44.6008723,temperate,high,green algae,597.4577175
aubert_2007,aubert_2007,figure 1,pop,xanthoria ,elegans,25,C,net photosynthesis,233.2915728,nmol CO2 * min^-1 *g^-1 dry wt,co2,nmol,g,min,T,lab,,,,,500,500,umol *m^-2 *s^-1,2800,44.6008723,temperate,high,green algae,875.7010436
aubert_2007,aubert_2007,figure 1,pop,xanthoria ,elegans,30,C,net photosynthesis,-64.72691288,nmol CO2 * min^-1 *g^-1 dry wt,co2,nmol,g,min,T,lab,,,,,500,500,umol *m^-2 *s^-1,2800,44.6008723,temperate,high,green algae,1124.342022
delprado_1995,delprado_1995,figure 2,pop,ramalina,bourgeana,0,C,net photosynthesis,1.668372569,umol CO2 *kg dw^-1 *s^-1,co2,umol,kg,sec,T,lab,,,,,1200,1200,umol *m^-2 *s^-1,,36.834,temperate,neutral,green algae,-0.468781986
delprado_1995,delprado_1995,figure 2,pop,teloschistes,lacunosus,0,C,net photosynthesis,3.626283368,umol CO2 *kg dw^-1 *s^-1,co2,umol,kg,sec,T,lab,,,,,1200,1200,umol *m^-2 *s^-1,,36.834,temperate,neutral,green algae,-0.414784394
delprado_1995,delprado_1995,figure 2,pop,ramalina,bourgeana,5,C,net photosynthesis,3.48618219,umol CO2 *kg dw^-1 *s^-1,co2,umol,kg,sec,T,lab,,,,,1200,1200,umol *m^-2 *s^-1,,36.834,temperate,neutral,green algae,-0.714431934
delprado_1995,delprado_1995,figure 2,pop,teloschistes,lacunosus,5,C,net photosynthesis,5.967145791,umol CO2 *kg dw^-1 *s^-1,co2,umol,kg,sec,T,lab,,,,,1200,1200,umol *m^-2 *s^-1,,36.834,temperate,neutral,green algae,-0.661190965
delprado_1995,delprado_1995,figure 2,pop,ramalina,bourgeana,10,C,net photosynthesis,8.423746162,umol CO2 *kg dw^-1 *s^-1,co2,umol,kg,sec,T,lab,,,,,1200,1200,umol *m^-2 *s^-1,,36.834,temperate,neutral,green algae,-1.303991812
delprado_1995,delprado_1995,figure 2,pop,teloschistes,lacunosus,10,C,net photosynthesis,8.406570842,umol CO2 *kg dw^-1 *s^-1,co2,umol,kg,sec,T,lab,,,,,1200,1200,umol *m^-2 *s^-1,,36.834,temperate,neutral,green algae,-1.055441478
delprado_1995,delprado_1995,figure 2,pop,ramalina,bourgeana,15,C,net photosynthesis,10.11873081,umol CO2 *kg dw^-1 *s^-1,co2,umol,kg,sec,T,lab,,,,,1200,1200,umol *m^-2 *s^-1,,36.834,temperate,neutral,green algae,-2.409416581
delprado_1995,delprado_1995,figure 2,pop,teloschistes,lacunosus,15,C,net photosynthesis,10.27926078,umol CO2 *kg dw^-1 *s^-1,co2,umol,kg,sec,T,lab,,,,,1200,1200,umol *m^-2 *s^-1,,36.834,temperate,neutral,green algae,-2.583162218
delprado_1995,delprado_1995,figure 2,pop,ramalina,bourgeana,20,C,net photosynthesis,8.178096213,umol CO2 *kg dw^-1 *s^-1,co2,umol,kg,sec,T,lab,,,,,1200,1200,umol *m^-2 *s^-1,,36.834,temperate,neutral,green algae,-3.785056295
delprado_1995,delprado_1995,figure 2,pop,teloschistes,lacunosus,20,C,net photosynthesis,11.90554415,umol CO2 *kg dw^-1 *s^-1,co2,umol,kg,sec,T,lab,,,,,1200,1200,umol *m^-2 *s^-1,,36.834,temperate,neutral,green algae,-3.618069815
delprado_1995,delprado_1995,figure 2,pop,ramalina,bourgeana,25,C,net photosynthesis,5.74616172,umol CO2 *kg dw^-1 *s^-1,co2,umol,kg,sec,T,lab,,,,,1200,1200,umol *m^-2 *s^-1,,36.834,temperate,neutral,green algae,-5.357215967
delprado_1995,delprado_1995,figure 2,pop,teloschistes,lacunosus,25,C,net photosynthesis,11.80698152,umol CO2 *kg dw^-1 *s^-1,co2,umol,kg,sec,T,lab,,,,,1200,1200,umol *m^-2 *s^-1,,36.834,temperate,neutral,green algae,-4.012320329
delprado_1995,delprado_1995,figure 2,pop,ramalina,bourgeana,30,C,net photosynthesis,5.279426817,umol CO2 *kg dw^-1 *s^-1,co2,umol,kg,sec,T,lab,,,,,1200,1200,umol *m^-2 *s^-1,,36.834,temperate,neutral,green algae,-7.445240532
delprado_1995,delprado_1995,figure 2,pop,teloschistes,lacunosus,30,C,net photosynthesis,8.997946612,umol CO2 *kg dw^-1 *s^-1,co2,umol,kg,sec,T,lab,,,,,1200,1200,umol *m^-2 *s^-1,,36.834,temperate,neutral,green algae,-4.258726899
domaschke_2013,domaschke_2013,figure 1,pop,Cetraria ,aculeata ,0,C,net photosynthesis,1.01048218,umol CO2 * kg^-1 * dry weight s^-1,co2,umol,kg,sec,T,lab,,,location,germany,1200,1200,umol *m^-2 *s^-1,,49.58,temperate,neutral,green algae,-1.06918239
domaschke_2013,domaschke_2013,figure 1,pop,Cetraria ,aculeata ,0,C,net photosynthesis,1.278825996,umol CO2 * kg^-1 * dry weight s^-1,co2,umol,kg,sec,T,lab,,,location,spain,1200,1200,umol *m^-2 *s^-1,,41.39,temperate,neutral,green algae,-0.532494759
domaschke_2013,domaschke_2013,figure 1,pop,Cetraria ,aculeata ,0,C,net photosynthesis,0.13836478,umol CO2 * kg^-1 * dry weight s^-1,co2,umol,kg,sec,T,lab,,,location,antarctica,1200,1200,umol *m^-2 *s^-1,,-62.24,subantarctic,neutral,green algae,-0.63312369
domaschke_2013,domaschke_2013,figure 1,pop,Cetraria ,aculeata ,0,C,net photosynthesis,0.071278826,umol CO2 * kg^-1 * dry weight s^-1,co2,umol,kg,sec,T,lab,,,location,svalbard,1200,1200,umol *m^-2 *s^-1,,78.1,arctic,neutral,green algae,-0.733752621
domaschke_2013,domaschke_2013,figure 1,pop,Cetraria ,aculeata ,5,C,net photosynthesis,3.157232704,umol CO2 * kg^-1 * dry weight s^-1,co2,umol,kg,sec,T,lab,,,location,germany,1200,1200,umol *m^-2 *s^-1,,49.58,temperate,neutral,green algae,-1.303983229
domaschke_2013,domaschke_2013,figure 1,pop,Cetraria ,aculeata ,5,C,net photosynthesis,2.519916143,umol CO2 * kg^-1 * dry weight s^-1,co2,umol,kg,sec,T,lab,,,location,spain,1200,1200,umol *m^-2 *s^-1,,41.39,temperate,neutral,green algae,-0.733752621
domaschke_2013,domaschke_2013,figure 1,pop,Cetraria ,aculeata ,5,C,net photosynthesis,0.373165618,umol CO2 * kg^-1 * dry weight s^-1,co2,umol,kg,sec,T,lab,,,location,antarctica,1200,1200,umol *m^-2 *s^-1,,-62.24,subantarctic,neutral,green algae,-0.800838574
domaschke_2013,domaschke_2013,figure 1,pop,Cetraria ,aculeata ,5,C,net photosynthesis,0.708595388,umol CO2 * kg^-1 * dry weight s^-1,co2,umol,kg,sec,T,lab,,,location,svalbard,1200,1200,umol *m^-2 *s^-1,,78.1,arctic,neutral,green algae,-1.002096436
domaschke_2013,domaschke_2013,figure 1,pop,Cetraria ,aculeata ,10,C,net photosynthesis,6.27672956,umol CO2 * kg^-1 * dry weight s^-1,co2,umol,kg,sec,T,lab,,,location,germany,1200,1200,umol *m^-2 *s^-1,,49.58,temperate,neutral,green algae,-2.142557652
domaschke_2013,domaschke_2013,figure 1,pop,Cetraria ,aculeata ,10,C,net photosynthesis,5.169811321,umol CO2 * kg^-1 * dry weight s^-1,co2,umol,kg,sec,T,lab,,,location,spain,1200,1200,umol *m^-2 *s^-1,,41.39,temperate,neutral,green algae,-1.236897275
domaschke_2013,domaschke_2013,figure 1,pop,Cetraria ,aculeata ,10,C,net photosynthesis,0.909853249,umol CO2 * kg^-1 * dry weight s^-1,co2,umol,kg,sec,T,lab,,,location,antarctica,1200,1200,umol *m^-2 *s^-1,,-62.24,subantarctic,neutral,green algae,-1.169811321
domaschke_2013,domaschke_2013,figure 1,pop,Cetraria ,aculeata ,10,C,net photosynthesis,1.077568134,umol CO2 * kg^-1 * dry weight s^-1,co2,umol,kg,sec,T,lab,,,location,svalbard,1200,1200,umol *m^-2 *s^-1,,78.1,arctic,neutral,green algae,-1.002096436
domaschke_2013,domaschke_2013,figure 1,pop,Cetraria ,aculeata ,15,C,net photosynthesis,5.438155136,umol CO2 * kg^-1 * dry weight s^-1,co2,umol,kg,sec,T,lab,,,location,germany,1200,1200,umol *m^-2 *s^-1,,49.58,temperate,neutral,green algae,-2.142557652
domaschke_2013,domaschke_2013,figure 1,pop,Cetraria ,aculeata ,15,C,net photosynthesis,4.264150943,umol CO2 * kg^-1 * dry weight s^-1,co2,umol,kg,sec,T,lab,,,location,spain,1200,1200,umol *m^-2 *s^-1,,41.39,temperate,neutral,green algae,-1.303983229
domaschke_2013,domaschke_2013,figure 1,pop,Cetraria ,aculeata ,15,C,net photosynthesis,0.809224319,umol CO2 * kg^-1 * dry weight s^-1,co2,umol,kg,sec,T,lab,,,location,antarctica,1200,1200,umol *m^-2 *s^-1,,-62.24,subantarctic,neutral,green algae,-1.169811321
domaschke_2013,domaschke_2013,figure 1,pop,Cetraria ,aculeata ,15,C,net photosynthesis,0.540880503,umol CO2 * kg^-1 * dry weight s^-1,co2,umol,kg,sec,T,lab,,,location,svalbard,1200,1200,umol *m^-2 *s^-1,,78.1,arctic,neutral,green algae,-1.471698113
domaschke_2013,domaschke_2013,figure 1,pop,Cetraria ,aculeata ,20,C,net photosynthesis,7.819706499,umol CO2 * kg^-1 * dry weight s^-1,co2,umol,kg,sec,T,lab,,,location,germany,1200,1200,umol *m^-2 *s^-1,,49.58,temperate,neutral,green algae,-3.719077568
domaschke_2013,domaschke_2013,figure 1,pop,Cetraria ,aculeata ,20,C,net photosynthesis,5.102725367,umol CO2 * kg^-1 * dry weight s^-1,co2,umol,kg,sec,T,lab,,,location,spain,1200,1200,umol *m^-2 *s^-1,,41.39,temperate,neutral,green algae,-2.041928721
domaschke_2013,domaschke_2013,figure 1,pop,Cetraria ,aculeata ,20,C,net photosynthesis,0.171907757,umol CO2 * kg^-1 * dry weight s^-1,co2,umol,kg,sec,T,lab,,,location,antarctica,1200,1200,umol *m^-2 *s^-1,,-62.24,subantarctic,neutral,green algae,-2.310272537
domaschke_2013,domaschke_2013,figure 1,pop,Cetraria ,aculeata ,20,C,net photosynthesis,0.507337526,umol CO2 * kg^-1 * dry weight s^-1,co2,umol,kg,sec,T,lab,,,location,svalbard,1200,1200,umol *m^-2 *s^-1,,78.1,arctic,neutral,green algae,-2.209643606
domaschke_2013,domaschke_2013,figure 1,pop,Cetraria ,aculeata ,25,C,net photosynthesis,7.215932914,umol CO2 * kg^-1 * dry weight s^-1,co2,umol,kg,sec,T,lab,,,location,germany,1200,1200,umol *m^-2 *s^-1,,49.58,temperate,neutral,green algae,-4.557651992
domaschke_2013,domaschke_2013,figure 1,pop,Cetraria ,aculeata ,25,C,net photosynthesis,3.693920335,umol CO2 * kg^-1 * dry weight s^-1,co2,umol,kg,sec,T,lab,,,location,spain,1200,1200,umol *m^-2 *s^-1,,41.39,temperate,neutral,green algae,-3.115303983
domaschke_2013,domaschke_2013,figure 1,pop,Cetraria ,aculeata ,25,C,net photosynthesis,-0.599580713,umol CO2 * kg^-1 * dry weight s^-1,co2,umol,kg,sec,T,lab,,,location,antarctica,1200,1200,umol *m^-2 *s^-1,,-62.24,subantarctic,neutral,green algae,-2.846960168
domaschke_2013,domaschke_2013,figure 1,pop,Cetraria ,aculeata ,25,C,net photosynthesis,-0.465408805,umol CO2 * kg^-1 * dry weight s^-1,co2,umol,kg,sec,T,lab,,,location,svalbard,1200,1200,umol *m^-2 *s^-1,,78.1,arctic,neutral,green algae,-2.779874214
domaschke_2013,domaschke_2013,figure 1,pop,Cetraria ,aculeata ,30,C,net photosynthesis,2.050314465,umol CO2 * kg^-1 * dry weight s^-1,co2,umol,kg,sec,T,lab,,,location,germany,1200,1200,umol *m^-2 *s^-1,,49.58,temperate,neutral,green algae,-4.859538784
domaschke_2013,domaschke_2013,figure 1,pop,Cetraria ,aculeata ,30,C,net photosynthesis,1.178197065,umol CO2 * kg^-1 * dry weight s^-1,co2,umol,kg,sec,T,lab,,,location,spain,1200,1200,umol *m^-2 *s^-1,,41.39,temperate,neutral,green algae,-3.719077568
domaschke_2013,domaschke_2013,figure 1,pop,Cetraria ,aculeata ,30,C,net photosynthesis,-0.834381551,umol CO2 * kg^-1 * dry weight s^-1,co2,umol,kg,sec,T,lab,,,location,antarctica,1200,1200,umol *m^-2 *s^-1,,-62.24,subantarctic,neutral,green algae,-2.578616352
domaschke_2013,domaschke_2013,figure 1,pop,Cetraria ,aculeata ,30,C,net photosynthesis,-0.666666667,umol CO2 * kg^-1 * dry weight s^-1,co2,umol,kg,sec,T,lab,,,location,svalbard,1200,1200,umol *m^-2 *s^-1,,78.1,arctic,neutral,green algae,-3.249475891
green1998,green1998,figure 4a,pop,umbilicaria ,aprina ,0,C,net photosynthesis,6.160201827,umol CO2 m^-2 *s^-1,co2,umol,m,sec,T,lab,,,,,800,800,umol *m^-2 *s^-1,,-77.01,antarctic,neutral,green algae,-7.251156131
green1998,green1998,figure 4b,pop,umbilicaria ,aprina ,0,,net photosynthesis,8.64321608,umol CO2 m^-2 *s^-1,co2,umol,m,sec,T,lab,,,,,1600,1600,umol *m^-2 *s^-1,,-77.01,antarctic,neutral,green algae,-7.236180905
green1998,green1998,figure 4a,pop,umbilicaria ,aprina ,5,C,net photosynthesis,6.75252584,umol CO2 m^-2 *s^-1,co2,umol,m,sec,T,lab,,,,,800,800,umol *m^-2 *s^-1,,-77.01,antarctic,neutral,green algae,-10.40112625
green1998,green1998,figure 4b,pop,umbilicaria ,aprina ,5,,net photosynthesis,12.26130653,umol CO2 m^-2 *s^-1,co2,umol,m,sec,T,lab,,,,,1600,1600,umol *m^-2 *s^-1,,-77.01,antarctic,neutral,green algae,-10.25125628
green1998,green1998,figure 4a,pop,umbilicaria ,aprina ,10,C,net photosynthesis,7.344849853,umol CO2 m^-2 *s^-1,co2,umol,m,sec,T,lab,,,,,800,800,umol *m^-2 *s^-1,,-77.01,antarctic,neutral,green algae,-16.04713564
green1998,green1998,figure 4b,pop,umbilicaria ,aprina ,10,,net photosynthesis,14.67336683,umol CO2 m^-2 *s^-1,co2,umol,m,sec,T,lab,,,,,1600,1600,umol *m^-2 *s^-1,,-77.01,antarctic,neutral,green algae,-16.08040201
green1998,green1998,figure 4a,pop,umbilicaria ,aprina ,15,C,net photosynthesis,-6.721401555,umol CO2 m^-2 *s^-1,co2,umol,m,sec,T,lab,,,,,800,800,umol *m^-2 *s^-1,,-77.01,antarctic,neutral,green algae,-32.29657914
green1998,green1998,figure 4b,pop,umbilicaria ,aprina ,15,,net photosynthesis,-2.010050251,umol CO2 m^-2 *s^-1,co2,umol,m,sec,T,lab,,,,,1600,1600,umol *m^-2 *s^-1,,-77.01,antarctic,neutral,green algae,-32.36180905
green1998,green1998,figure 4a,pop,umbilicaria ,aprina ,20,C,net photosynthesis,-7.687858721,umol CO2 m^-2 *s^-1,co2,umol,m,sec,T,lab,,,,,800,800,umol *m^-2 *s^-1,,-77.01,antarctic,neutral,green algae,-30.14419047
green1998,green1998,figure 4b,pop,umbilicaria ,aprina ,20,,net photosynthesis,-1.809045226,umol CO2 m^-2 *s^-1,co2,umol,m,sec,T,lab,,,,,1600,1600,umol *m^-2 *s^-1,,-77.01,antarctic,neutral,green algae,-30.35175879
lange2002_flora_i,lange2002_flora_i,figure 10 ,pop,lecanora,muralis,2,C,net photosynthesis,4.821405348,umol CO2 * m^-2 *s^-1,co2,umol,m,sec,T,lab,,,,,1750,1750,umol *m^-2 *s^-1,,49.9174,temperate,neutral,green algae,-0.31961574
lange2002_flora_i,lange2002_flora_i,figure 10 ,pop,lecanora,muralis,2,C,net photosynthesis,5.109928361,umol CO2 * m^-2 *s^-1,co2,umol,m,sec,T,lab,,,,,1750,1750,umol *m^-2 *s^-1,,49.9174,temperate,neutral,green algae,-0.26715701
lange2002_flora_i,lange2002_flora_i,figure 10 ,pop,lecanora,muralis,2,C,net photosynthesis,5.26730455,umol CO2 * m^-2 *s^-1,co2,umol,m,sec,T,lab,,,,,1750,1750,umol *m^-2 *s^-1,,49.9174,temperate,neutral,green algae,-0.31961574
lange2002_flora_i,lange2002_flora_i,figure 10 ,pop,lecanora,muralis,2,C,net photosynthesis,5.398516948,umol CO2 * m^-2 *s^-1,co2,umol,m,sec,T,lab,,,,,1750,1750,umol *m^-2 *s^-1,,49.9174,temperate,neutral,green algae,-0.26715701
lange2002_flora_i,lange2002_flora_i,figure 10 ,pop,lecanora,muralis,2,C,net photosynthesis,5.582056929,umol CO2 * m^-2 *s^-1,co2,umol,m,sec,T,lab,,,,,1750,1750,umol *m^-2 *s^-1,,49.9174,temperate,neutral,green algae,-0.31961574
lange2002_flora_i,lange2002_flora_i,figure 10 ,pop,lecanora,muralis,7,C,net photosynthesis,-0.31961574,umol CO2 * m^-2 *s^-1,co2,umol,m,sec,T,lab,,,,,1750,1750,umol *m^-2 *s^-1,,49.9174,temperate,neutral,green algae,-0.86597341
lange2002_flora_i,lange2002_flora_i,figure 10 ,pop,lecanora,muralis,7,C,net photosynthesis,7.05529478,umol CO2 * m^-2 *s^-1,co2,umol,m,sec,T,lab,,,,,1750,1750,umol *m^-2 *s^-1,,49.9174,temperate,neutral,green algae,-0.734892159
lange2002_flora_i,lange2002_flora_i,figure 10 ,pop,lecanora,muralis,7,C,net photosynthesis,6.95037732,umol CO2 * m^-2 *s^-1,co2,umol,m,sec,T,lab,,,,,1750,1750,umol *m^-2 *s^-1,,49.9174,temperate,neutral,green algae,-0.6299747
lange2002_flora_i,lange2002_flora_i,figure 10 ,pop,lecanora,muralis,7,C,net photosynthesis,6.819230496,umol CO2 * m^-2 *s^-1,co2,umol,m,sec,T,lab,,,,,1750,1750,umol *m^-2 *s^-1,,49.9174,temperate,neutral,green algae,-0.551286605
lange2002_flora_i,lange2002_flora_i,figure 10 ,pop,lecanora,muralis,7,C,net photosynthesis,6.137267009,umol CO2 * m^-2 *s^-1,co2,umol,m,sec,T,lab,,,,,1750,1750,umol *m^-2 *s^-1,,49.9174,temperate,neutral,green algae,-0.734892159
lange2002_flora_i,lange2002_flora_i,figure 10 ,pop,lecanora,muralis,7,C,net photosynthesis,6.058578915,umol CO2 * m^-2 *s^-1,co2,umol,m,sec,T,lab,,,,,1750,1750,umol *m^-2 *s^-1,,49.9174,temperate,neutral,green algae,-0.6299747
lange2002_flora_i,lange2002_flora_i,figure 10 ,pop,lecanora,muralis,7,C,net photosynthesis,5.796285266,umol CO2 * m^-2 *s^-1,co2,umol,m,sec,T,lab,,,,,1750,1750,umol *m^-2 *s^-1,,49.9174,temperate,neutral,green algae,-0.551286605
lange2002_flora_i,lange2002_flora_i,figure 10 ,pop,lecanora,muralis,12,C,net photosynthesis,5.507762253,umol CO2 * m^-2 *s^-1,co2,umol,m,sec,T,lab,,,,,1750,1750,umol *m^-2 *s^-1,,49.9174,temperate,neutral,green algae,-1.097775422
lange2002_flora_i,lange2002_flora_i,figure 10 ,pop,lecanora,muralis,12,C,net photosynthesis,6.862967962,umol CO2 * m^-2 *s^-1,co2,umol,m,sec,T,lab,,,,,1750,1750,umol *m^-2 *s^-1,,49.9174,temperate,neutral,green algae,-0.992857963
lange2002_flora_i,lange2002_flora_i,figure 10 ,pop,lecanora,muralis,12,C,net photosynthesis,7.112146928,umol CO2 * m^-2 *s^-1,co2,umol,m,sec,T,lab,,,,,1750,1750,umol *m^-2 *s^-1,,49.9174,temperate,neutral,green algae,-0.914169868
lange2002_flora_i,lange2002_flora_i,figure 10 ,pop,lecanora,muralis,12,C,net photosynthesis,7.295752482,umol CO2 * m^-2 *s^-1,co2,umol,m,sec,T,lab,,,,,1750,1750,umol *m^-2 *s^-1,,49.9174,temperate,neutral,green algae,-0.835481773
lange2002_flora_i,lange2002_flora_i,figure 10 ,pop,lecanora,muralis,12,C,net photosynthesis,7.505587401,umol CO2 * m^-2 *s^-1,co2,umol,m,sec,T,lab,,,,,1750,1750,umol *m^-2 *s^-1,,49.9174,temperate,neutral,green algae,-1.097775422
lange2002_flora_i,lange2002_flora_i,figure 10 ,pop,lecanora,muralis,12,C,net photosynthesis,7.66296359,umol CO2 * m^-2 *s^-1,co2,umol,m,sec,T,lab,,,,,1750,1750,umol *m^-2 *s^-1,,49.9174,temperate,neutral,green algae,-0.992857963
lange2002_flora_i,lange2002_flora_i,figure 10 ,pop,lecanora,muralis,12,C,net photosynthesis,7.82033978,umol CO2 * m^-2 *s^-1,co2,umol,m,sec,T,lab,,,,,1750,1750,umol *m^-2 *s^-1,,49.9174,temperate,neutral,green algae,-0.914169868
lange2002_flora_i,lange2002_flora_i,figure 10 ,pop,lecanora,muralis,12,C,net photosynthesis,7.951486604,umol CO2 * m^-2 *s^-1,co2,umol,m,sec,T,lab,,,,,1750,1750,umol *m^-2 *s^-1,,49.9174,temperate,neutral,green algae,-0.835481773
lange2002_flora_i,lange2002_flora_i,figure 10 ,pop,lecanora,muralis,17,C,net photosynthesis,8.056404063,umol CO2 * m^-2 *s^-1,co2,umol,m,sec,T,lab,,,,,1750,1750,umol *m^-2 *s^-1,,49.9174,temperate,neutral,green algae,-1.565510571
lange2002_flora_i,lange2002_flora_i,figure 10 ,pop,lecanora,muralis,17,C,net photosynthesis,7.404997787,umol CO2 * m^-2 *s^-1,co2,umol,m,sec,T,lab,,,,,1750,1750,umol *m^-2 *s^-1,,49.9174,temperate,neutral,green algae,-1.460593112
lange2002_flora_i,lange2002_flora_i,figure 10 ,pop,lecanora,muralis,17,C,net photosynthesis,7.667324222,umol CO2 * m^-2 *s^-1,co2,umol,m,sec,T,lab,,,,,1750,1750,umol *m^-2 *s^-1,,49.9174,temperate,neutral,green algae,-1.276987557
lange2002_flora_i,lange2002_flora_i,figure 10 ,pop,lecanora,muralis,17,C,net photosynthesis,7.79843826,umol CO2 * m^-2 *s^-1,co2,umol,m,sec,T,lab,,,,,1750,1750,umol *m^-2 *s^-1,,49.9174,temperate,neutral,green algae,-1.119611368
lange2002_flora_i,lange2002_flora_i,figure 10 ,pop,lecanora,muralis,17,C,net photosynthesis,7.903355719,umol CO2 * m^-2 *s^-1,co2,umol,m,sec,T,lab,,,,,1750,1750,umol *m^-2 *s^-1,,49.9174,temperate,neutral,green algae,-0.909776449
lange2002_flora_i,lange2002_flora_i,figure 10 ,pop,lecanora,muralis,17,C,net photosynthesis,8.008273179,umol CO2 * m^-2 *s^-1,co2,umol,m,sec,T,lab,,,,,1750,1750,umol *m^-2 *s^-1,,49.9174,temperate,neutral,green algae,-1.565510571
lange2002_flora_i,lange2002_flora_i,figure 10 ,pop,lecanora,muralis,17,C,net photosynthesis,8.139420003,umol CO2 * m^-2 *s^-1,co2,umol,m,sec,T,lab,,,,,1750,1750,umol *m^-2 *s^-1,,49.9174,temperate,neutral,green algae,-1.460593112
lange2002_flora_i,lange2002_flora_i,figure 10 ,pop,lecanora,muralis,17,C,net photosynthesis,8.323025557,umol CO2 * m^-2 *s^-1,co2,umol,m,sec,T,lab,,,,,1750,1750,umol *m^-2 *s^-1,,49.9174,temperate,neutral,green algae,-1.276987557
lange2002_flora_i,lange2002_flora_i,figure 10 ,pop,lecanora,muralis,17,C,net photosynthesis,8.427943017,umol CO2 * m^-2 *s^-1,co2,umol,m,sec,T,lab,,,,,1750,1750,umol *m^-2 *s^-1,,49.9174,temperate,neutral,green algae,-1.119611368
lange2002_flora_i,lange2002_flora_i,figure 10 ,pop,lecanora,muralis,22,C,net photosynthesis,8.532860476,umol CO2 * m^-2 *s^-1,co2,umol,m,sec,T,lab,,,,,1750,1750,umol *m^-2 *s^-1,,49.9174,temperate,neutral,green algae,-1.613575882
lange2002_flora_i,lange2002_flora_i,figure 10 ,pop,lecanora,muralis,22,C,net photosynthesis,8.288107715,umol CO2 * m^-2 *s^-1,co2,umol,m,sec,T,lab,,,,,1750,1750,umol *m^-2 *s^-1,,49.9174,temperate,neutral,green algae,-1.534887787
lange2002_flora_i,lange2002_flora_i,figure 10 ,pop,lecanora,muralis,22,C,net photosynthesis,8.602860094,umol CO2 * m^-2 *s^-1,co2,umol,m,sec,T,lab,,,,,1750,1750,umol *m^-2 *s^-1,,49.9174,temperate,neutral,green algae,-1.456199693
lange2002_flora_i,lange2002_flora_i,figure 10 ,pop,lecanora,muralis,22,C,net photosynthesis,8.720892236,umol CO2 * m^-2 *s^-1,co2,umol,m,sec,T,lab,,,,,1750,1750,umol *m^-2 *s^-1,,49.9174,temperate,neutral,green algae,-1.534887787
lange2002_flora_i,lange2002_flora_i,figure 10 ,pop,lecanora,muralis,27,C,net photosynthesis,8.825809695,umol CO2 * m^-2 *s^-1,co2,umol,m,sec,T,lab,,,,,1750,1750,umol *m^-2 *s^-1,,49.9174,temperate,neutral,green algae,-2.946880072
lange2002_flora_i,lange2002_flora_i,figure 10 ,pop,lecanora,muralis,27,C,net photosynthesis,7.767913837,umol CO2 * m^-2 *s^-1,co2,umol,m,sec,T,lab,,,,,1750,1750,umol *m^-2 *s^-1,,49.9174,temperate,neutral,green algae,-2.868191977
lange2002_flora_i,lange2002_flora_i,figure 10 ,pop,lecanora,muralis,27,C,net photosynthesis,7.885945978,umol CO2 * m^-2 *s^-1,co2,umol,m,sec,T,lab,,,,,1750,1750,umol *m^-2 *s^-1,,49.9174,temperate,neutral,green algae,-2.763274518
lange2002_flora_i,lange2002_flora_i,figure 10 ,pop,lecanora,muralis,27,C,net photosynthesis,7.964634073,umol CO2 * m^-2 *s^-1,co2,umol,m,sec,T,lab,,,,,1750,1750,umol *m^-2 *s^-1,,49.9174,temperate,neutral,green algae,-2.605898328
lange2002_flora_i,lange2002_flora_i,figure 10 ,pop,lecanora,muralis,27,C,net photosynthesis,8.121977476,umol CO2 * m^-2 *s^-1,co2,umol,m,sec,T,lab,,,,,1750,1750,umol *m^-2 *s^-1,,49.9174,temperate,neutral,green algae,-2.527210234
lange2004,lange2004,figure 4,pop,pseudocyphellaria,aurata,10,C,net photosynthesis,12.43046358,nmol CO2 * g^-1 *s^-1,co2,nmol,g,sec,T,lab,,,,,150,150,umol *m^-2 *s^-1,1100,8,tropical,high,cyanobacteria,-3.304635762
lange2004,lange2004,figure 4,pop,pseudocyphellaria,aurata,13,C,net photosynthesis,12.07284768,nmol CO2 * g^-1 *s^-1,co2,nmol,g,sec,T,lab,,,,,150,150,umol *m^-2 *s^-1,1100,8,tropical,high,cyanobacteria,-1.993377483
lange2004,lange2004,figure 4,pop,pseudocyphellaria,aurata,14,C,net photosynthesis,16.54304636,nmol CO2 * g^-1 *s^-1,co2,nmol,g,sec,T,lab,,,,,150,150,umol *m^-2 *s^-1,1100,8,tropical,high,cyanobacteria,-3.900662252
lange2004,lange2004,figure 4,pop,pseudocyphellaria,aurata,15,C,net photosynthesis,19.58278146,nmol CO2 * g^-1 *s^-1,co2,nmol,g,sec,T,lab,,,,,150,150,umol *m^-2 *s^-1,1100,8,tropical,high,cyanobacteria,-3.900662252
lange2004,lange2004,figure 4,pop,pseudocyphellaria,aurata,16,C,net photosynthesis,17.1986755,nmol CO2 * g^-1 *s^-1,co2,nmol,g,sec,T,lab,,,,,150,150,umol *m^-2 *s^-1,1100,8,tropical,high,cyanobacteria,-2.589403974
lange2004,lange2004,figure 4,pop,pseudocyphellaria,aurata,17,C,net photosynthesis,14.63576159,nmol CO2 * g^-1 *s^-1,co2,nmol,g,sec,T,lab,,,,,150,150,umol *m^-2 *s^-1,1100,8,tropical,high,cyanobacteria,-3.304635762
lange2004,lange2004,figure 4,pop,pseudocyphellaria,aurata,18,C,net photosynthesis,17.55629139,nmol CO2 * g^-1 *s^-1,co2,nmol,g,sec,T,lab,,,,,150,150,umol *m^-2 *s^-1,1100,8,tropical,high,cyanobacteria,-3.900662252
lange2004,lange2004,figure 4,pop,pseudocyphellaria,aurata,18,C,net photosynthesis,20.05960265,nmol CO2 * g^-1 *s^-1,co2,nmol,g,sec,T,lab,,,,,150,150,umol *m^-2 *s^-1,1100,8,tropical,high,cyanobacteria,-7.59602649
lange2004,lange2004,figure 4,pop,pseudocyphellaria,aurata,19,C,net photosynthesis,19.22516556,nmol CO2 * g^-1 *s^-1,co2,nmol,g,sec,T,lab,,,,,150,150,umol *m^-2 *s^-1,1100,8,tropical,high,cyanobacteria,-3.900662252
lange2004,lange2004,figure 4,pop,pseudocyphellaria,aurata,20,C,net photosynthesis,19.94039735,nmol CO2 * g^-1 *s^-1,co2,nmol,g,sec,T,lab,,,,,150,150,umol *m^-2 *s^-1,1100,8,tropical,high,cyanobacteria,-7.59602649
lange2004,lange2004,figure 4,pop,pseudocyphellaria,aurata,20,C,net photosynthesis,18.15231788,nmol CO2 * g^-1 *s^-1,co2,nmol,g,sec,T,lab,,,,,150,150,umol *m^-2 *s^-1,1100,8,tropical,high,cyanobacteria,-3.42384106
lange2004,lange2004,figure 4,pop,pseudocyphellaria,aurata,21,C,net photosynthesis,19.34437086,nmol CO2 * g^-1 *s^-1,co2,nmol,g,sec,T,lab,,,,,150,150,umol *m^-2 *s^-1,1100,8,tropical,high,cyanobacteria,-5.450331126
lange2004,lange2004,figure 4,pop,pseudocyphellaria,aurata,21,C,net photosynthesis,18.39072848,nmol CO2 * g^-1 *s^-1,co2,nmol,g,sec,T,lab,,,,,150,150,umol *m^-2 *s^-1,1100,8,tropical,high,cyanobacteria,-7.834437086
lange2004,lange2004,figure 4,pop,pseudocyphellaria,aurata,22,C,net photosynthesis,19.58278146,nmol CO2 * g^-1 *s^-1,co2,nmol,g,sec,T,lab,,,,,150,150,umol *m^-2 *s^-1,1100,8,tropical,high,cyanobacteria,-4.973509934
lange2004,lange2004,figure 4,pop,pseudocyphellaria,aurata,23,C,net photosynthesis,17.01986755,nmol CO2 * g^-1 *s^-1,co2,nmol,g,sec,T,lab,,,,,150,150,umol *m^-2 *s^-1,1100,8,tropical,high,cyanobacteria,-7.953642384
lange2004,lange2004,figure 4,pop,pseudocyphellaria,aurata,24,C,net photosynthesis,18.74834437,nmol CO2 * g^-1 *s^-1,co2,nmol,g,sec,T,lab,,,,,150,150,umol *m^-2 *s^-1,1100,8,tropical,high,cyanobacteria,-10.69536424
lange2004,lange2004,figure 4,pop,pseudocyphellaria,aurata,25,C,net photosynthesis,15.88741722,nmol CO2 * g^-1 *s^-1,co2,nmol,g,sec,T,lab,,,,,150,150,umol *m^-2 *s^-1,1100,8,tropical,high,cyanobacteria,-7.953642384
lange2004,lange2004,figure 4,pop,pseudocyphellaria,aurata,26,C,net photosynthesis,15.94701987,nmol CO2 * g^-1 *s^-1,co2,nmol,g,sec,T,lab,,,,,150,150,umol *m^-2 *s^-1,1100,8,tropical,high,cyanobacteria,-6.642384106
lange2004,lange2004,figure 4,pop,pseudocyphellaria,aurata,27,C,net photosynthesis,14.81456954,nmol CO2 * g^-1 *s^-1,co2,nmol,g,sec,T,lab,,,,,150,150,umol *m^-2 *s^-1,1100,8,tropical,high,cyanobacteria,-9.503311258
lange2004,lange2004,figure 4,pop,pseudocyphellaria,aurata,27,C,net photosynthesis,12.96688742,nmol CO2 * g^-1 *s^-1,co2,nmol,g,sec,T,lab,,,,,150,150,umol *m^-2 *s^-1,1100,8,tropical,high,cyanobacteria,-12.12582781
lange2004,lange2004,figure 4,pop,pseudocyphellaria,aurata,29,C,net photosynthesis,11.41721854,nmol CO2 * g^-1 *s^-1,co2,nmol,g,sec,T,lab,,,,,150,150,umol *m^-2 *s^-1,1100,8,tropical,high,cyanobacteria,-8.907284768
lange2004,lange2004,figure 4,pop,pseudocyphellaria,aurata,30,C,net photosynthesis,15.64900662,nmol CO2 * g^-1 *s^-1,co2,nmol,g,sec,T,lab,,,,,150,150,umol *m^-2 *s^-1,1100,8,tropical,high,cyanobacteria,-9.920529801
lange2004,lange2004,figure 4,pop,pseudocyphellaria,aurata,30,C,net photosynthesis,9.450331126,nmol CO2 * g^-1 *s^-1,co2,nmol,g,sec,T,lab,,,,,150,150,umol *m^-2 *s^-1,1100,8,tropical,high,cyanobacteria,-13.0794702
lange2004,lange2004,figure 4,pop,pseudocyphellaria,aurata,30,C,net photosynthesis,6.589403974,nmol CO2 * g^-1 *s^-1,co2,nmol,g,sec,T,lab,,,,,150,150,umol *m^-2 *s^-1,1100,8,tropical,high,cyanobacteria,
lange2004,lange2004,figure 4,pop,pseudocyphellaria,aurata,31,C,net photosynthesis,6.470198675,nmol CO2 * g^-1 *s^-1,co2,nmol,g,sec,T,lab,,,,,150,150,umol *m^-2 *s^-1,1100,8,tropical,high,cyanobacteria,
lange2004,lange2004,figure 4,pop,pseudocyphellaria,aurata,32,C,net photosynthesis,8.258278146,nmol CO2 * g^-1 *s^-1,co2,nmol,g,sec,T,lab,,,,,150,150,umol *m^-2 *s^-1,1100,8,tropical,high,cyanobacteria,
lange2004,lange2004,figure 4,pop,pseudocyphellaria,aurata,32,C,net photosynthesis,5.218543046,nmol CO2 * g^-1 *s^-1,co2,nmol,g,sec,T,lab,,,,,150,150,umol *m^-2 *s^-1,1100,8,tropical,high,cyanobacteria,
lange2004,lange2004,figure 4,pop,pseudocyphellaria,aurata,33,C,net photosynthesis,13.44370861,nmol CO2 * g^-1 *s^-1,co2,nmol,g,sec,T,lab,,,,,150,150,umol *m^-2 *s^-1,1100,8,tropical,high,cyanobacteria,-12.42384106
lange2004,lange2004,figure 4,pop,pseudocyphellaria,aurata,34,C,net photosynthesis,7.185430464,nmol CO2 * g^-1 *s^-1,co2,nmol,g,sec,T,lab,,,,,150,150,umol *m^-2 *s^-1,1100,8,tropical,high,cyanobacteria,-12.42384106
lange2004,lange2004,figure 4,pop,pseudocyphellaria,aurata,34,C,net photosynthesis,2.298013245,nmol CO2 * g^-1 *s^-1,co2,nmol,g,sec,T,lab,,,,,150,150,umol *m^-2 *s^-1,1100,8,tropical,high,cyanobacteria,-12.42384106
lange2004,lange2004,figure 4,pop,pseudocyphellaria,aurata,34,C,net photosynthesis,1.344370861,nmol CO2 * g^-1 *s^-1,co2,nmol,g,sec,T,lab,,,,,150,150,umol *m^-2 *s^-1,1100,8,tropical,high,cyanobacteria,-12.42384106
lange2004,lange2004,figure 4,pop,pseudocyphellaria,aurata,36,C,net photosynthesis,4.682119205,nmol CO2 * g^-1 *s^-1,co2,nmol,g,sec,T,lab,,,,,150,150,umol *m^-2 *s^-1,1100,8,tropical,high,cyanobacteria,-14.86754967
lange2004,lange2004,figure 4,pop,pseudocyphellaria,aurata,36,C,net photosynthesis,-0.801324503,nmol CO2 * g^-1 *s^-1,co2,nmol,g,sec,T,lab,,,,,150,150,umol *m^-2 *s^-1,1100,8,tropical,high,cyanobacteria,-14.86754967
lange2004,lange2004,figure 4,pop,pseudocyphellaria,aurata,37,C,net photosynthesis,4.920529801,nmol CO2 * g^-1 *s^-1,co2,nmol,g,sec,T,lab,,,,,150,150,umol *m^-2 *s^-1,1100,8,tropical,high,cyanobacteria,-14.86754967
lange2004,lange2004,figure 4,pop,pseudocyphellaria,aurata,37,C,net photosynthesis,1.40397351,nmol CO2 * g^-1 *s^-1,co2,nmol,g,sec,T,lab,,,,,150,150,umol *m^-2 *s^-1,1100,8,tropical,high,cyanobacteria,-14.86754967
lange2004,lange2004,figure 4,pop,pseudocyphellaria,aurata,37,C,net photosynthesis,-1.397350993,nmol CO2 * g^-1 *s^-1,co2,nmol,g,sec,T,lab,,,,,150,150,umol *m^-2 *s^-1,1100,8,tropical,high,cyanobacteria,-14.86754967
lange2004,lange2004,figure 4,pop,pseudocyphellaria,aurata,38,C,net photosynthesis,3.490066225,nmol CO2 * g^-1 *s^-1,co2,nmol,g,sec,T,lab,,,,,150,150,umol *m^-2 *s^-1,1100,8,tropical,high,cyanobacteria,-14.86754967
lange2004,lange2004,figure 4,pop,pseudocyphellaria,aurata,40,C,net photosynthesis,0.688741722,nmol CO2 * g^-1 *s^-1,co2,nmol,g,sec,T,lab,,,,,150,150,umol *m^-2 *s^-1,1100,8,tropical,high,cyanobacteria,-18.08609272
lange2004,lange2004,figure 4,pop,pseudocyphellaria,aurata,40,C,net photosynthesis,-2.410596026,nmol CO2 * g^-1 *s^-1,co2,nmol,g,sec,T,lab,,,,,150,150,umol *m^-2 *s^-1,1100,8,tropical,high,cyanobacteria,-18.08609272
lange2004,lange2004,figure 4,pop,pseudocyphellaria,aurata,41,C,net photosynthesis,0.331125828,nmol CO2 * g^-1 *s^-1,co2,nmol,g,sec,T,lab,,,,,150,150,umol *m^-2 *s^-1,1100,8,tropical,high,cyanobacteria,-18.08609272
lange2004,lange2004,figure 4,pop,pseudocyphellaria,aurata,42,C,net photosynthesis,-0.801324503,nmol CO2 * g^-1 *s^-1,co2,nmol,g,sec,T,lab,,,,,150,150,umol *m^-2 *s^-1,1100,8,tropical,high,cyanobacteria,-20.35099338
reiter2000,reiter2000,figure7,pop,cetraria ,islandica,2,C,photosynthesis,0.636461994,umol CO2 * kg^-1 *s^-1,co2,umol,kg,sec,T,lab,,,max water content ,161.1347817,1000,1000,umol *m^-2 *s^-1,2300,47.0004,temperate,high,green algae,-1.373112607
reiter2000,reiter2000,figure7,pop,flavocetraria,nivalis,2,C,photosynthesis,0.531791908,umol CO2 * kg^-1 *s^-1,co2,umol,kg,sec,T,lab,,,max water content ,228.9959016,1000,1000,umol *m^-2 *s^-1,2300,47.0004,temperate,high,green algae,-1.687861272
reiter2000,reiter2000,figure7,pop,cetraria ,islandica,10,C,photosynthesis,2.239211297,umol CO2 * kg^-1 *s^-1,co2,umol,kg,sec,T,lab,,,max water content ,126.7854088,1000,1000,umol *m^-2 *s^-1,2300,47.0004,temperate,high,green algae,-2.209473628
reiter2000,reiter2000,figure7,pop,flavocetraria,nivalis,10,C,photosynthesis,0.597701149,umol CO2 * kg^-1 *s^-1,co2,umol,kg,sec,T,lab,,,max water content ,158.8421318,1000,1000,umol *m^-2 *s^-1,2300,47.0004,temperate,high,green algae,-4.091954023
reiter2000,reiter2000,figure7,pop,cetraria ,islandica,20,C,photosynthesis,2.525189626,umol CO2 * kg^-1 *s^-1,co2,umol,kg,sec,T,lab,,,max water content ,124.8641979,1000,1000,umol *m^-2 *s^-1,2300,47.0004,temperate,high,green algae,-3.541916465
reiter2000,reiter2000,figure7,pop,flavocetraria,nivalis,20,C,photosynthesis,-1.333333333,umol CO2 * kg^-1 *s^-1,co2,umol,kg,sec,T,lab,,,max water content ,241.1202186,1000,1000,umol *m^-2 *s^-1,2300,47.0004,temperate,high,green algae,-6.527536232
reiter2000,reiter2000,figure7,pop,cetraria ,islandica,30,C,photosynthesis,-2.011173184,umol CO2 * kg^-1 *s^-1,co2,umol,kg,sec,T,lab,,,max water content ,126.4759777,1000,1000,umol *m^-2 *s^-1,2300,47.0004,temperate,high,green algae,-6.670391061
reiter2000,reiter2000,figure7,pop,flavocetraria,nivalis,30,C,photosynthesis,-5.6,umol CO2 * kg^-1 *s^-1,co2,umol,kg,sec,T,lab,,,max water content ,181.6466552,1000,1000,umol *m^-2 *s^-1,2300,47.0004,temperate,high,green algae,-10.88695652
sancho1997,sancho1997,figure 2,pop,umbilicaria ,freyi,0,C,net photosynthesis,5.930955121,umol CO2 * kg^-1 *s^-1,co2,umol,kg,sec,T,lab,,,,,610-650,630,umol *m^-2 *s^-1,1550,40.8509,temperate,high,green algae,-1.323360184
sancho1997,sancho1997,figure 2,pop,umbilicaria ,grisea,0,C,net photosynthesis,4.093714286,umol CO2 * kg^-1 *s^-1,co2,umol,kg,sec,T,lab,,,,,610-650,630,umol *m^-2 *s^-1,1550,40.8509,temperate,high,green algae,-0.733714286
sancho1997,sancho1997,figure 2,pop,umbilicaria ,freyi,7,C,net photosynthesis,8.950517837,umol CO2 * kg^-1 *s^-1,co2,umol,kg,sec,T,lab,,,,,610-650,630,umol *m^-2 *s^-1,1550,40.8509,temperate,high,green algae,-2.02301496
sancho1997,sancho1997,figure 2,pop,umbilicaria ,grisea,7,C,net photosynthesis,6.489142857,umol CO2 * kg^-1 *s^-1,co2,umol,kg,sec,T,lab,,,,,610-650,630,umol *m^-2 *s^-1,1550,40.8509,temperate,high,green algae,-1.227428571
sancho1997,sancho1997,figure 2,pop,umbilicaria ,freyi,14,C,net photosynthesis,9.742232451,umol CO2 * kg^-1 *s^-1,co2,umol,kg,sec,T,lab,,,,,610-650,630,umol *m^-2 *s^-1,1550,40.8509,temperate,high,green algae,-2.243958573
sancho1997,sancho1997,figure 2,pop,umbilicaria ,grisea,14,C,net photosynthesis,8.994285714,umol CO2 * kg^-1 *s^-1,co2,umol,kg,sec,T,lab,,,,,610-650,630,umol *m^-2 *s^-1,1550,40.8509,temperate,high,green algae,-1.355428571
sancho1997,sancho1997,figure 2,pop,umbilicaria ,freyi,21,C,net photosynthesis,10.16570771,umol CO2 * kg^-1 *s^-1,co2,umol,kg,sec,T,lab,,,,,610-650,630,umol *m^-2 *s^-1,1550,40.8509,temperate,high,green algae,-3.367088608
sancho1997,sancho1997,figure 2,pop,umbilicaria ,grisea,21,C,net photosynthesis,7.549714286,umol CO2 * kg^-1 *s^-1,co2,umol,kg,sec,T,lab,,,,,610-650,630,umol *m^-2 *s^-1,1550,40.8509,temperate,high,green algae,-2.708571429
sancho1997,sancho1997,figure 2,pop,umbilicaria ,freyi,28,C,net photosynthesis,8.84004603,umol CO2 * kg^-1 *s^-1,co2,umol,kg,sec,T,lab,,,,,610-650,630,umol *m^-2 *s^-1,1550,40.8509,temperate,high,green algae,-4.379746835
sancho1997,sancho1997,figure 2,pop,umbilicaria ,grisea,28,C,net photosynthesis,7.915428571,umol CO2 * kg^-1 *s^-1,co2,umol,kg,sec,T,lab,,,,,610-650,630,umol *m^-2 *s^-1,1550,40.8509,temperate,high,green algae,-3.677714286
sancho1997,sancho1997,figure 2,pop,umbilicaria ,freyi,35,C,net photosynthesis,7.403912543,umol CO2 * kg^-1 *s^-1,co2,umol,kg,sec,T,lab,,,,,610-650,630,umol *m^-2 *s^-1,1550,40.8509,temperate,high,green algae,-5.539700806
sancho1997,sancho1997,figure 2,pop,umbilicaria ,grisea,35,C,net photosynthesis,6.726857143,umol CO2 * kg^-1 *s^-1,co2,umol,kg,sec,T,lab,,,,,610-650,630,umol *m^-2 *s^-1,1550,40.8509,temperate,high,green algae,-4.518857143
sundberg1997,sundberg1997,figure 3a,pop,lobaria,pulmonaria ,5,C,co2 assimilation,0.74751929,umol CO2 * m^-2 *s^-1,co2,umol,m,sec,T,lab,,,,,300,300,umol *m^-2 *s^-1,,64.14,arctic,neutral,cyanobacteria + green algae,-0.213892
sundberg1997,sundberg1997,figure 3a,pop,platismatia,glauca,6,C,co2 assimilation,0.1786108,umol CO2 * m^-2 *s^-1,co2,umol,m,sec,T,lab,,,,,300,300,umol *m^-2 *s^-1,,64.14,arctic,neutral,green algae,-0.1212789
sundberg1997,sundberg1997,figure 3a,pop,lobaria,pulmonaria ,9,C,co2 assimilation,1.1047409,umol CO2 * m^-2 *s^-1,co2,umol,m,sec,T,lab,,,,,300,300,umol *m^-2 *s^-1,,64.14,arctic,neutral,cyanobacteria + green algae,-0.213892
sundberg1997,sundberg1997,figure 3a,pop,platismatia,glauca,11,C,co2 assimilation,0.30209482,umol CO2 * m^-2 *s^-1,co2,umol,m,sec,T,lab,,,,,300,300,umol *m^-2 *s^-1,,64.14,arctic,neutral,green algae,-0.1124587
sundberg1997,sundberg1997,figure 3a,pop,lobaria,pulmonaria ,13,C,co2 assimilation,1.31642778,umol CO2 * m^-2 *s^-1,co2,umol,m,sec,T,lab,,,,,300,300,umol *m^-2 *s^-1,,64.14,arctic,neutral,cyanobacteria + green algae,-0.4652701
sundberg1997,sundberg1997,figure 3a,pop,platismatia,glauca,16,C,co2 assimilation,0.44762955,umol CO2 * m^-2 *s^-1,co2,umol,m,sec,T,lab,,,,,300,300,umol *m^-2 *s^-1,,64.14,arctic,neutral,green algae,-0.1168688
sundberg1997,sundberg1997,figure 3a,pop,lobaria,pulmonaria ,16,C,co2 assimilation,1.4399118,umol CO2 * m^-2 *s^-1,co2,umol,m,sec,T,lab,,,,,300,300,umol *m^-2 *s^-1,,64.14,arctic,neutral,cyanobacteria + green algae,-0.6284454
sundberg1997,sundberg1997,figure 3a,pop,lobaria,pulmonaria ,19,C,co2 assimilation,1.42668137,umol CO2 * m^-2 *s^-1,co2,umol,m,sec,T,lab,,,,,300,300,umol *m^-2 *s^-1,,64.14,arctic,neutral,cyanobacteria + green algae,-0.8357222
sundberg1997,sundberg1997,figure 3a,pop,platismatia,glauca,21,C,co2 assimilation,0.41675854,umol CO2 * m^-2 *s^-1,co2,umol,m,sec,T,lab,,,,,300,300,umol *m^-2 *s^-1,,64.14,arctic,neutral,green algae,-0.2094818
sundberg1997,sundberg1997,figure 3a,pop,lobaria,pulmonaria ,22,C,co2 assimilation,1.46196251,umol CO2 * m^-2 *s^-1,co2,umol,m,sec,T,lab,,,,,300,300,umol *m^-2 *s^-1,,64.14,arctic,neutral,cyanobacteria + green algae,-1.047409
sundberg1997,sundberg1997,figure 3a,pop,lobaria,pulmonaria ,25,C,co2 assimilation,1.27673649,umol CO2 * m^-2 *s^-1,co2,umol,m,sec,T,lab,,,,,300,300,umol *m^-2 *s^-1,,64.14,arctic,neutral,cyanobacteria + green algae,-1.3737596
sundberg1997,sundberg1997,figure 3a,pop,lobaria,pulmonaria ,28,C,co2 assimilation,0.9415656,umol CO2 * m^-2 *s^-1,co2,umol,m,sec,T,lab,,,,,300,300,umol *m^-2 *s^-1,,64.14,arctic,neutral,cyanobacteria + green algae,-1.3737596
tretiach1997,tretiach1997,figure 2,pop,verrucaria,baldensis,5,C,net photosynthesis,0.24438397,umol CO2 * m^-2 *s^-1,co2,umol,m,sec,T,lab,,,,,200,200,umol *m^-2 *s^-1,410,45.39,temperate,neutral,green algae,-0.088569121
tretiach1997,tretiach1997,figure 2,pop,verrucaria,baldensis,5,C,net photosynthesis,0.266373408,umol CO2 * m^-2 *s^-1,co2,umol,m,sec,T,lab,,,,,200,200,umol *m^-2 *s^-1,410,45.39,temperate,neutral,green algae,-0.085378068
tretiach1997,tretiach1997,figure 2,pop,verrucaria,baldensis,5,C,net photosynthesis,0.28993849,umol CO2 * m^-2 *s^-1,co2,umol,m,sec,T,lab,,,,,200,200,umol *m^-2 *s^-1,410,45.39,temperate,neutral,green algae,-0.145063684
tretiach1997,tretiach1997,figure 2,pop,verrucaria,baldensis,6,C,net photosynthesis,0.275807394,umol CO2 * m^-2 *s^-1,co2,umol,m,sec,T,lab,,,,,200,200,umol *m^-2 *s^-1,410,45.39,temperate,neutral,green algae,-0.141952159
tretiach1997,tretiach1997,figure 2,pop,verrucaria,baldensis,6,C,net photosynthesis,0.316649891,umol CO2 * m^-2 *s^-1,co2,umol,m,sec,T,lab,,,,,200,200,umol *m^-2 *s^-1,410,45.39,temperate,neutral,green algae,-0.129381796
tretiach1997,tretiach1997,figure 2,pop,verrucaria,baldensis,7,C,net photosynthesis,0.222498913,umol CO2 * m^-2 *s^-1,co2,umol,m,sec,T,lab,,,,,200,200,umol *m^-2 *s^-1,410,45.39,temperate,neutral,green algae,-0.107357564
tretiach1997,tretiach1997,figure 2,pop,verrucaria,baldensis,7,C,net photosynthesis,0.235089158,umol CO2 * m^-2 *s^-1,co2,umol,m,sec,T,lab,,,,,200,200,umol *m^-2 *s^-1,410,45.39,temperate,neutral,green algae,-0.126185772
tretiach1997,tretiach1997,figure 2,pop,verrucaria,baldensis,7,C,net photosynthesis,0.263351351,umol CO2 * m^-2 *s^-1,co2,umol,m,sec,T,lab,,,,,200,200,umol *m^-2 *s^-1,410,45.39,temperate,neutral,green algae,-0.145033861
tretiach1997,tretiach1997,figure 2,pop,verrucaria,baldensis,7,C,net photosynthesis,0.282219323,umol CO2 * m^-2 *s^-1,co2,umol,m,sec,T,lab,,,,,200,200,umol *m^-2 *s^-1,410,45.39,temperate,neutral,green algae,-0.132493321
tretiach1997,tretiach1997,figure 2,pop,verrucaria,baldensis,7,C,net photosynthesis,0.297926064,umol CO2 * m^-2 *s^-1,co2,umol,m,sec,T,lab,,,,,200,200,umol *m^-2 *s^-1,410,45.39,temperate,neutral,green algae,-0.107357564
tretiach1997,tretiach1997,figure 2,pop,verrucaria,baldensis,7,C,net photosynthesis,0.363889407,umol CO2 * m^-2 *s^-1,co2,umol,m,sec,T,lab,,,,,200,200,umol *m^-2 *s^-1,410,45.39,temperate,neutral,green algae,-0.126185772
tretiach1997,tretiach1997,figure 2,pop,verrucaria,baldensis,7,C,net photosynthesis,0.351324014,umol CO2 * m^-2 *s^-1,co2,umol,m,sec,T,lab,,,,,200,200,umol *m^-2 *s^-1,410,45.39,temperate,neutral,green algae,-0.145033861
tretiach1997,tretiach1997,figure 2,pop,verrucaria,baldensis,7,C,net photosynthesis,0.385893756,umol CO2 * m^-2 *s^-1,co2,umol,m,sec,T,lab,,,,,200,200,umol *m^-2 *s^-1,410,45.39,temperate,neutral,green algae,-0.132493321
tretiach1997,tretiach1997,figure 2,pop,verrucaria,baldensis,7,C,net photosynthesis,0.39530786,umol CO2 * m^-2 *s^-1,co2,umol,m,sec,T,lab,,,,,200,200,umol *m^-2 *s^-1,410,45.39,temperate,neutral,green algae,-0.132493321
tretiach1997,tretiach1997,figure 2,pop,verrucaria,baldensis,8,C,net photosynthesis,0.269678782,umol CO2 * m^-2 *s^-1,co2,umol,m,sec,T,lab,,,,,200,200,umol *m^-2 *s^-1,410,45.39,temperate,neutral,green algae,-0.107357564
tretiach1997,tretiach1997,figure 2,pop,verrucaria,baldensis,8,C,net photosynthesis,0.285380553,umol CO2 * m^-2 *s^-1,co2,umol,m,sec,T,lab,,,,,200,200,umol *m^-2 *s^-1,410,45.39,temperate,neutral,green algae,-0.126185772
tretiach1997,tretiach1997,figure 2,pop,verrucaria,baldensis,8,C,net photosynthesis,0.313697422,umol CO2 * m^-2 *s^-1,co2,umol,m,sec,T,lab,,,,,200,200,umol *m^-2 *s^-1,410,45.39,temperate,neutral,green algae,-0.145033861
tretiach1997,tretiach1997,figure 2,pop,verrucaria,baldensis,8,C,net photosynthesis,0.323116496,umol CO2 * m^-2 *s^-1,co2,umol,m,sec,T,lab,,,,,200,200,umol *m^-2 *s^-1,410,45.39,temperate,neutral,green algae,-0.132493321
tretiach1997,tretiach1997,figure 2,pop,verrucaria,baldensis,8,C,net photosynthesis,0.335681889,umol CO2 * m^-2 *s^-1,co2,umol,m,sec,T,lab,,,,,200,200,umol *m^-2 *s^-1,410,45.39,temperate,neutral,green algae,-0.107357564
tretiach1997,tretiach1997,figure 2,pop,verrucaria,baldensis,8,C,net photosynthesis,0.348267164,umol CO2 * m^-2 *s^-1,co2,umol,m,sec,T,lab,,,,,200,200,umol *m^-2 *s^-1,410,45.39,temperate,neutral,green algae,-0.126185772
tretiach1997,tretiach1997,figure 2,pop,verrucaria,baldensis,8,C,net photosynthesis,0.357631563,umol CO2 * m^-2 *s^-1,co2,umol,m,sec,T,lab,,,,,200,200,umol *m^-2 *s^-1,410,45.39,temperate,neutral,green algae,-0.145033861
tretiach1997,tretiach1997,figure 2,pop,verrucaria,baldensis,8,C,net photosynthesis,0.407893135,umol CO2 * m^-2 *s^-1,co2,umol,m,sec,T,lab,,,,,200,200,umol *m^-2 *s^-1,410,45.39,temperate,neutral,green algae,-0.132493321
tretiach1997,tretiach1997,figure 2,pop,verrucaria,baldensis,8,C,net photosynthesis,0.395337683,umol CO2 * m^-2 *s^-1,co2,umol,m,sec,T,lab,,,,,200,200,umol *m^-2 *s^-1,410,45.39,temperate,neutral,green algae,-0.132493321
tretiach1997,tretiach1997,figure 2,pop,verrucaria,baldensis,8,C,net photosynthesis,0.392221187,umol CO2 * m^-2 *s^-1,co2,umol,m,sec,T,lab,,,,,200,200,umol *m^-2 *s^-1,410,45.39,temperate,neutral,green algae,-0.107357564
tretiach1997,tretiach1997,figure 2,pop,verrucaria,baldensis,8,C,net photosynthesis,0.39225101,umol CO2 * m^-2 *s^-1,co2,umol,m,sec,T,lab,,,,,200,200,umol *m^-2 *s^-1,410,45.39,temperate,neutral,green algae,-0.126185772
tretiach1997,tretiach1997,figure 2,pop,verrucaria,baldensis,8,C,net photosynthesis,0.370226779,umol CO2 * m^-2 *s^-1,co2,umol,m,sec,T,lab,,,,,200,200,umol *m^-2 *s^-1,410,45.39,temperate,neutral,green algae,-0.145033861
tretiach1997,tretiach1997,figure 2,pop,verrucaria,baldensis,8,C,net photosynthesis,0.376544268,umol CO2 * m^-2 *s^-1,co2,umol,m,sec,T,lab,,,,,200,200,umol *m^-2 *s^-1,410,45.39,temperate,neutral,green algae,-0.132493321
tretiach1997,tretiach1997,figure 2,pop,verrucaria,baldensis,8,C,net photosynthesis,0.379670705,umol CO2 * m^-2 *s^-1,co2,umol,m,sec,T,lab,,,,,200,200,umol *m^-2 *s^-1,410,45.39,temperate,neutral,green algae,-0.107357564
tretiach1997,tretiach1997,figure 2,pop,verrucaria,baldensis,9,C,net photosynthesis,0.376613855,umol CO2 * m^-2 *s^-1,co2,umol,m,sec,T,lab,,,,,200,200,umol *m^-2 *s^-1,410,45.39,temperate,neutral,green algae,-0.103957751
tretiach1997,tretiach1997,figure 2,pop,verrucaria,baldensis,9,C,net photosynthesis,0.323210935,umol CO2 * m^-2 *s^-1,co2,umol,m,sec,T,lab,,,,,200,200,umol *m^-2 *s^-1,410,45.39,temperate,neutral,green algae,-0.116493321
tretiach1997,tretiach1997,figure 2,pop,verrucaria,baldensis,9,C,net photosynthesis,0.298075179,umol CO2 * m^-2 *s^-1,co2,umol,m,sec,T,lab,,,,,200,200,umol *m^-2 *s^-1,410,45.39,temperate,neutral,green algae,-0.103957751
tretiach1997,tretiach1997,figure 2,pop,verrucaria,baldensis,10,C,net photosynthesis,0.351497981,umol CO2 * m^-2 *s^-1,co2,umol,m,sec,T,lab,,,,,200,200,umol *m^-2 *s^-1,410,45.39,temperate,neutral,green algae,-0.116493321
tretiach1997,tretiach1997,figure 2,pop,verrucaria,baldensis,10,C,net photosynthesis,0.370360982,umol CO2 * m^-2 *s^-1,co2,umol,m,sec,T,lab,,,,,200,200,umol *m^-2 *s^-1,410,45.39,temperate,neutral,green algae,-0.103957751
tretiach1997,tretiach1997,figure 2,pop,verrucaria,baldensis,10,C,net photosynthesis,0.392365331,umol CO2 * m^-2 *s^-1,co2,umol,m,sec,T,lab,,,,,200,200,umol *m^-2 *s^-1,410,45.39,temperate,neutral,green algae,-0.116493321
tretiach1997,tretiach1997,figure 2,pop,verrucaria,baldensis,10,C,net photosynthesis,0.247893135,umol CO2 * m^-2 *s^-1,co2,umol,m,sec,T,lab,,,,,200,200,umol *m^-2 *s^-1,410,45.39,temperate,neutral,green algae,-0.103957751
tretiach1997,tretiach1997,figure 2,pop,verrucaria,baldensis,10,C,net photosynthesis,0.25732712,umol CO2 * m^-2 *s^-1,co2,umol,m,sec,T,lab,,,,,200,200,umol *m^-2 *s^-1,410,45.39,temperate,neutral,green algae,-0.116493321
tretiach1997,tretiach1997,figure 2,pop,verrucaria,baldensis,10,C,net photosynthesis,0.276170239,umol CO2 * m^-2 *s^-1,co2,umol,m,sec,T,lab,,,,,200,200,umol *m^-2 *s^-1,410,45.39,temperate,neutral,green algae,-0.103957751
tretiach1997,tretiach1997,figure 2,pop,verrucaria,baldensis,10,C,net photosynthesis,0.266736253,umol CO2 * m^-2 *s^-1,co2,umol,m,sec,T,lab,,,,,200,200,umol *m^-2 *s^-1,410,45.39,temperate,neutral,green algae,-0.116493321
tretiach1997,tretiach1997,figure 2,pop,verrucaria,baldensis,10,C,net photosynthesis,0.316997825,umol CO2 * m^-2 *s^-1,co2,umol,m,sec,T,lab,,,,,200,200,umol *m^-2 *s^-1,410,45.39,temperate,neutral,green algae,-0.119560112
tretiach1997,tretiach1997,figure 2,pop,verrucaria,baldensis,10,C,net photosynthesis,0.345264989,umol CO2 * m^-2 *s^-1,co2,umol,m,sec,T,lab,,,,,200,200,umol *m^-2 *s^-1,410,45.39,temperate,neutral,green algae,-0.135296676
tretiach1997,tretiach1997,figure 2,pop,verrucaria,baldensis,10,C,net photosynthesis,0.354674122,umol CO2 * m^-2 *s^-1,co2,umol,m,sec,T,lab,,,,,200,200,umol *m^-2 *s^-1,410,45.39,temperate,neutral,green algae,-0.085040075
tretiach1997,tretiach1997,figure 2,pop,verrucaria,baldensis,11,C,net photosynthesis,0.266761106,umol CO2 * m^-2 *s^-1,co2,umol,m,sec,T,lab,,,,,200,200,umol *m^-2 *s^-1,410,45.39,temperate,neutral,green algae,-0.097615409
tretiach1997,tretiach1997,figure 2,pop,verrucaria,baldensis,11,C,net photosynthesis,0.285609195,umol CO2 * m^-2 *s^-1,co2,umol,m,sec,T,lab,,,,,200,200,umol *m^-2 *s^-1,410,45.39,temperate,neutral,green algae,-0.10700963
tretiach1997,tretiach1997,figure 2,pop,verrucaria,baldensis,13,C,net photosynthesis,0.471157502,umol CO2 * m^-2 *s^-1,co2,umol,m,sec,T,lab,,,,,200,200,umol *m^-2 *s^-1,410,45.39,temperate,neutral,green algae,-0.128964275
tretiach1997,tretiach1997,figure 2,pop,verrucaria,baldensis,13,C,net photosynthesis,0.486854303,umol CO2 * m^-2 *s^-1,co2,umol,m,sec,T,lab,,,,,200,200,umol *m^-2 *s^-1,410,45.39,temperate,neutral,green algae,-0.106964896
tretiach1997,tretiach1997,figure 2,pop,verrucaria,baldensis,13,C,net photosynthesis,0.496278347,umol CO2 * m^-2 *s^-1,co2,umol,m,sec,T,lab,,,,,200,200,umol *m^-2 *s^-1,410,45.39,temperate,neutral,green algae,-0.100667288
tretiach1997,tretiach1997,figure 2,pop,verrucaria,baldensis,13,C,net photosynthesis,0.549691208,umol CO2 * m^-2 *s^-1,co2,umol,m,sec,T,lab,,,,,200,200,umol *m^-2 *s^-1,410,45.39,temperate,neutral,green algae,-0.08499037
tretiach1997,tretiach1997,figure 2,pop,verrucaria,baldensis,14,C,net photosynthesis,0.364366573,umol CO2 * m^-2 *s^-1,co2,umol,m,sec,T,lab,,,,,200,200,umol *m^-2 *s^-1,410,45.39,temperate,neutral,green algae,-0.14125132
tretiach1997,tretiach1997,figure 2,pop,verrucaria,baldensis,14,C,net photosynthesis,0.405209071,umol CO2 * m^-2 *s^-1,co2,umol,m,sec,T,lab,,,,,200,200,umol *m^-2 *s^-1,410,45.39,temperate,neutral,green algae,-0.14125132
tretiach1997,tretiach1997,figure 2,pop,verrucaria,baldensis,14,C,net photosynthesis,0.499439578,umol CO2 * m^-2 *s^-1,co2,umol,m,sec,T,lab,,,,,200,200,umol *m^-2 *s^-1,410,45.39,temperate,neutral,green algae,-0.14125132
tretiach1997,tretiach1997,figure 2,pop,verrucaria,baldensis,14,C,net photosynthesis,0.490035415,umol CO2 * m^-2 *s^-1,co2,umol,m,sec,T,lab,,,,,200,200,umol *m^-2 *s^-1,410,45.39,temperate,neutral,green algae,-0.14125132
tretiach1997,tretiach1997,figure 2,pop,verrucaria,baldensis,14,C,net photosynthesis,0.493201615,umol CO2 * m^-2 *s^-1,co2,umol,m,sec,T,lab,,,,,200,200,umol *m^-2 *s^-1,410,45.39,temperate,neutral,green algae,-0.14125132
tretiach1997,tretiach1997,figure 2,pop,verrucaria,baldensis,14,C,net photosynthesis,0.559135135,umol CO2 * m^-2 *s^-1,co2,umol,m,sec,T,lab,,,,,200,200,umol *m^-2 *s^-1,410,45.39,temperate,neutral,green algae,-0.14125132
tretiach1997,tretiach1997,figure 2,pop,verrucaria,baldensis,14,C,net photosynthesis,0.549730972,umol CO2 * m^-2 *s^-1,co2,umol,m,sec,T,lab,,,,,200,200,umol *m^-2 *s^-1,410,45.39,temperate,neutral,green algae,-0.14125132
tretiach1997,tretiach1997,figure 2,pop,verrucaria,baldensis,14,C,net photosynthesis,0.546574713,umol CO2 * m^-2 *s^-1,co2,umol,m,sec,T,lab,,,,,200,200,umol *m^-2 *s^-1,410,45.39,temperate,neutral,green algae,-0.14125132
tretiach1997,tretiach1997,figure 2,pop,verrucaria,baldensis,14,C,net photosynthesis,0.534019261,umol CO2 * m^-2 *s^-1,co2,umol,m,sec,T,lab,,,,,200,200,umol *m^-2 *s^-1,410,45.39,temperate,neutral,green algae,-0.14125132
tretiach1997,tretiach1997,figure 2,pop,verrucaria,baldensis,14,C,net photosynthesis,0.518312519,umol CO2 * m^-2 *s^-1,co2,umol,m,sec,T,lab,,,,,200,200,umol *m^-2 *s^-1,410,45.39,temperate,neutral,green algae,-0.14125132
tretiach1997,tretiach1997,figure 2,pop,verrucaria,baldensis,16,C,net photosynthesis,0.549860205,umol CO2 * m^-2 *s^-1,co2,umol,m,sec,T,lab,,,,,200,200,umol *m^-2 *s^-1,410,45.39,temperate,neutral,green algae,-0.188366573
tretiach1997,tretiach1997,figure 2,pop,verrucaria,baldensis,16,C,net photosynthesis,0.534148493,umol CO2 * m^-2 *s^-1,co2,umol,m,sec,T,lab,,,,,200,200,umol *m^-2 *s^-1,410,45.39,temperate,neutral,green algae,-0.191485555
tretiach1997,tretiach1997,figure 2,pop,verrucaria,baldensis,16,C,net photosynthesis,0.474472818,umol CO2 * m^-2 *s^-1,co2,umol,m,sec,T,lab,,,,,200,200,umol *m^-2 *s^-1,410,45.39,temperate,neutral,green algae,-0.172630009
tretiach1997,tretiach1997,figure 2,pop,verrucaria,baldensis,16,C,net photosynthesis,0.461897484,umol CO2 * m^-2 *s^-1,co2,umol,m,sec,T,lab,,,,,200,200,umol *m^-2 *s^-1,410,45.39,temperate,neutral,green algae,-0.160089469
tretiach1997,tretiach1997,figure 2,pop,verrucaria,baldensis,17,C,net photosynthesis,0.452607642,umol CO2 * m^-2 *s^-1,co2,umol,m,sec,T,lab,,,,,200,200,umol *m^-2 *s^-1,410,45.39,temperate,neutral,green algae,-0.156918298
tretiach1997,tretiach1997,figure 2,pop,verrucaria,baldensis,17,C,net photosynthesis,0.546803355,umol CO2 * m^-2 *s^-1,co2,umol,m,sec,T,lab,,,,,200,200,umol *m^-2 *s^-1,410,45.39,temperate,neutral,green algae,-0.131812364
tretiach1997,tretiach1997,figure 2,pop,verrucaria,baldensis,17,C,net photosynthesis,0.559371233,umol CO2 * m^-2 *s^-1,co2,umol,m,sec,T,lab,,,,,200,200,umol *m^-2 *s^-1,410,45.39,temperate,neutral,green algae,-0.141216527
tretiach1997,tretiach1997,figure 2,pop,verrucaria,baldensis,17,C,net photosynthesis,0.57508543,umol CO2 * m^-2 *s^-1,co2,umol,m,sec,T,lab,,,,,200,200,umol *m^-2 *s^-1,410,45.39,temperate,neutral,green algae,-0.128636222
tretiach1997,tretiach1997,figure 2,pop,verrucaria,baldensis,17,C,net photosynthesis,0.587635912,umol CO2 * m^-2 *s^-1,co2,umol,m,sec,T,lab,,,,,200,200,umol *m^-2 *s^-1,410,45.39,temperate,neutral,green algae,-0.109793103
tretiach1997,tretiach1997,figure 2,pop,verrucaria,baldensis,17,C,net photosynthesis,0.597069897,umol CO2 * m^-2 *s^-1,co2,umol,m,sec,T,lab,,,,,200,200,umol *m^-2 *s^-1,410,45.39,temperate,neutral,green algae,-0.103520348
tretiach1997,tretiach1997,figure 2,pop,verrucaria,baldensis,17,C,net photosynthesis,0.603397328,umol CO2 * m^-2 *s^-1,co2,umol,m,sec,T,lab,,,,,200,200,umol *m^-2 *s^-1,410,45.39,temperate,neutral,green algae,-0.188366573
tretiach1997,tretiach1997,figure 2,pop,verrucaria,baldensis,17,C,net photosynthesis,0.565701149,umol CO2 * m^-2 *s^-1,co2,umol,m,sec,T,lab,,,,,200,200,umol *m^-2 *s^-1,410,45.39,temperate,neutral,green algae,-0.191485555
tretiach1997,tretiach1997,figure 2,pop,verrucaria,baldensis,18,C,net photosynthesis,0.524873563,umol CO2 * m^-2 *s^-1,co2,umol,m,sec,T,lab,,,,,200,200,umol *m^-2 *s^-1,410,45.39,temperate,neutral,green algae,-0.282338614
tretiach1997,tretiach1997,figure 2,pop,verrucaria,baldensis,18,C,net photosynthesis,0.578276483,umol CO2 * m^-2 *s^-1,co2,umol,m,sec,T,lab,,,,,200,200,umol *m^-2 *s^-1,410,45.39,temperate,neutral,green algae,-0.279172414
tretiach1997,tretiach1997,figure 2,pop,verrucaria,baldensis,20,C,net photosynthesis,0.358566014,umol CO2 * m^-2 *s^-1,co2,umol,m,sec,T,lab,,,,,200,200,umol *m^-2 *s^-1,410,45.39,temperate,neutral,green algae,-0.266607021
tretiach1997,tretiach1997,figure 2,pop,verrucaria,baldensis,20,C,net photosynthesis,0.374262815,umol CO2 * m^-2 *s^-1,co2,umol,m,sec,T,lab,,,,,200,200,umol *m^-2 *s^-1,410,45.39,temperate,neutral,green algae,-0.291712954
tretiach1997,tretiach1997,figure 2,pop,verrucaria,baldensis,20,C,net photosynthesis,0.389964585,umol CO2 * m^-2 *s^-1,co2,umol,m,sec,T,lab,,,,,200,200,umol *m^-2 *s^-1,410,45.39,temperate,neutral,green algae,-0.301132029
tretiach1997,tretiach1997,figure 2,pop,verrucaria,baldensis,21,C,net photosynthesis,0.525097235,umol CO2 * m^-2 *s^-1,co2,umol,m,sec,T,lab,,,,,200,200,umol *m^-2 *s^-1,410,45.39,temperate,neutral,green algae,-0.323036968
tretiach1997,tretiach1997,figure 2,pop,verrucaria,baldensis,21,C,net photosynthesis,0.496825101,umol CO2 * m^-2 *s^-1,co2,umol,m,sec,T,lab,,,,,200,200,umol *m^-2 *s^-1,410,45.39,temperate,neutral,green algae,-0.297901212
tretiach1997,tretiach1997,figure 2,pop,verrucaria,baldensis,21,C,net photosynthesis,0.512596459,umol CO2 * m^-2 *s^-1,co2,umol,m,sec,T,lab,,,,,200,200,umol *m^-2 *s^-1,410,45.39,temperate,neutral,green algae,-0.27903324
tretiach1997,tretiach1997,figure 2,pop,verrucaria,baldensis,21,C,net photosynthesis,0.449769494,umol CO2 * m^-2 *s^-1,co2,umol,m,sec,T,lab,,,,,200,200,umol *m^-2 *s^-1,410,45.39,temperate,neutral,green algae,-0.279063063
tretiach1997,tretiach1997,figure 2,pop,verrucaria,baldensis,21,C,net photosynthesis,0.421497359,umol CO2 * m^-2 *s^-1,co2,umol,m,sec,T,lab,,,,,200,200,umol *m^-2 *s^-1,410,45.39,temperate,neutral,green algae,-0.2696589
tretiach1997,tretiach1997,figure 2,pop,verrucaria,baldensis,21,C,net photosynthesis,0.405790618,umol CO2 * m^-2 *s^-1,co2,umol,m,sec,T,lab,,,,,200,200,umol *m^-2 *s^-1,410,45.39,temperate,neutral,green algae,-0.247669463
tretiach1997,tretiach1997,figure 2,pop,verrucaria,baldensis,21,C,net photosynthesis,0.405765766,umol CO2 * m^-2 *s^-1,co2,umol,m,sec,T,lab,,,,,200,200,umol *m^-2 *s^-1,410,45.39,temperate,neutral,green algae,-0.266467847
tretiach1997,tretiach1997,figure 2,pop,verrucaria,baldensis,21,C,net photosynthesis,0.405750854,umol CO2 * m^-2 *s^-1,co2,umol,m,sec,T,lab,,,,,200,200,umol *m^-2 *s^-1,410,45.39,temperate,neutral,green algae,-0.260214974
tretiach1997,tretiach1997,figure 2,pop,verrucaria,baldensis,21,C,net photosynthesis,0.380620068,umol CO2 * m^-2 *s^-1,co2,umol,m,sec,T,lab,,,,,200,200,umol *m^-2 *s^-1,410,45.39,temperate,neutral,green algae,-0.244473439
tretiach1997,tretiach1997,figure 2,pop,verrucaria,baldensis,21,C,net photosynthesis,0.368064616,umol CO2 * m^-2 *s^-1,co2,umol,m,sec,T,lab,,,,,200,200,umol *m^-2 *s^-1,410,45.39,temperate,neutral,green algae,-0.24764461
tretiach1997,tretiach1997,figure 2,pop,verrucaria,baldensis,21,C,net photosynthesis,0.361762038,umol CO2 * m^-2 *s^-1,co2,umol,m,sec,T,lab,,,,,200,200,umol *m^-2 *s^-1,410,45.39,temperate,neutral,green algae,-0.228806462
uchida2006,uchida2006,figure 1b,pop,cetrariella,delisei,4,C,net photosynthesis,0.20327869,mg CO2 *g dry wt ^-1 * hr^-1,co2,mg,g,hr,T,lab,,,,,800,800,umol *m^-2 *s^-1,,79,arctic,neutral,green algae,0.02723624
uchida2006,uchida2006,figure 1b,pop,cetrariella,delisei,7,C,net photosynthesis,0.2,mg CO2 *g dry wt ^-1 * hr^-1,co2,mg,g,hr,T,lab,,,,,800,800,umol *m^-2 *s^-1,,79,arctic,neutral,green algae,0.03482076
uchida2006,uchida2006,figure 1b,pop,cetrariella,delisei,12,C,net photosynthesis,0.19016393,mg CO2 *g dry wt ^-1 * hr^-1,co2,mg,g,hr,T,lab,,,,,800,800,umol *m^-2 *s^-1,,79,arctic,neutral,green algae,0.05438292
uchida2006,uchida2006,figure 1b,pop,cetrariella,delisei,15,C,net photosynthesis,0.16885246,mg CO2 *g dry wt ^-1 * hr^-1,co2,mg,g,hr,T,lab,,,,,800,800,umol *m^-2 *s^-1,,79,arctic,neutral,green algae,0.07071061
uchida2006,uchida2006,figure 1b,pop,cetrariella,delisei,20,C,net photosynthesis,0.13852459,mg CO2 *g dry wt ^-1 * hr^-1,co2,mg,g,hr,T,lab,,,,,800,800,umol *m^-2 *s^-1,,79,arctic,neutral,green algae,0.105028
zotz1998,zotz1998,figure 3,pop,sticta,tomentosa,12,C,net photosynthesis,4.210526316,nmol CO2 * mg Chl^-1 *s^-1,co2,nmol,mg chla,sec,T,lab,,,,,150,150,umol *m^-2 *s^-1,1100,8,tropical,high,cyanobacteria  ,-2.736842105
zotz1998,zotz1998,figure 3,pop,sticta,tomentosa,14,C,net photosynthesis,8.842105263,nmol CO2 * mg Chl^-1 *s^-1,co2,nmol,mg chla,sec,T,lab,,,,,150,150,umol *m^-2 *s^-1,1100,8,tropical,high,cyanobacteria  ,-3.157894737
zotz1998,zotz1998,figure 3,pop,sticta,tomentosa,16,C,net photosynthesis,12.42105263,nmol CO2 * mg Chl^-1 *s^-1,co2,nmol,mg chla,sec,T,lab,,,,,150,150,umol *m^-2 *s^-1,1100,8,tropical,high,cyanobacteria  ,-6.526315789
zotz1998,zotz1998,figure 3,pop,sticta,tomentosa,18,C,net photosynthesis,14.52631579,nmol CO2 * mg Chl^-1 *s^-1,co2,nmol,mg chla,sec,T,lab,,,,,150,150,umol *m^-2 *s^-1,1100,8,tropical,high,cyanobacteria  ,-5.157894737
zotz1998,zotz1998,figure 3,pop,sticta,tomentosa,20,C,net photosynthesis,18.94736842,nmol CO2 * mg Chl^-1 *s^-1,co2,nmol,mg chla,sec,T,lab,,,,,150,150,umol *m^-2 *s^-1,1100,8,tropical,high,cyanobacteria  ,-5.684210526
zotz1998,zotz1998,figure 3,pop,sticta,tomentosa,22,C,net photosynthesis,22.73684211,nmol CO2 * mg Chl^-1 *s^-1,co2,nmol,mg chla,sec,T,lab,,,,,150,150,umol *m^-2 *s^-1,1100,8,tropical,high,cyanobacteria  ,-6.947368421
zotz1998,zotz1998,figure 3,pop,sticta,tomentosa,24,C,net photosynthesis,20.42105263,nmol CO2 * mg Chl^-1 *s^-1,co2,nmol,mg chla,sec,T,lab,,,,,150,150,umol *m^-2 *s^-1,1100,8,tropical,high,cyanobacteria  ,-8.210526316
zotz1998,zotz1998,figure 3,pop,sticta,tomentosa,26,C,net photosynthesis,18.94736842,nmol CO2 * mg Chl^-1 *s^-1,co2,nmol,mg chla,sec,T,lab,,,,,150,150,umol *m^-2 *s^-1,1100,8,tropical,high,cyanobacteria  ,-10.52631579
zotz1998,zotz1998,figure 3,pop,sticta,tomentosa,28,C,net photosynthesis,16.73684211,nmol CO2 * mg Chl^-1 *s^-1,co2,nmol,mg chla,sec,T,lab,,,,,150,150,umol *m^-2 *s^-1,1100,8,tropical,high,cyanobacteria  ,-14.52631579
zotz1998,zotz1998,figure 3,pop,sticta,tomentosa,30,C,net photosynthesis,16,nmol CO2 * mg Chl^-1 *s^-1,co2,nmol,mg chla,sec,T,lab,,,,,150,150,umol *m^-2 *s^-1,1100,8,tropical,high,cyanobacteria  ,-18
zotz1998,zotz1998,figure 3,pop,sticta,tomentosa,32,C,net photosynthesis,13.78947368,nmol CO2 * mg Chl^-1 *s^-1,co2,nmol,mg chla,sec,T,lab,,,,,150,150,umol *m^-2 *s^-1,1100,8,tropical,high,cyanobacteria  ,-24
zotz2003,zotz2003,figure3a,pop,Parmotrema ,endosulphureum ,10,C,net photosynthesis,4.08244681,nmol CO2 * g dry wt^-1 *s^-1,co2,nmol,g,sec,T,lab,,,,,600,600,umol *m^-2 *s^-1,,9,tropical,neutral,green algae,-1.9680851
zotz2003,zotz2003,figure3a,pop,Parmotrema ,endosulphureum ,15,C,net photosynthesis,6.13031915,nmol CO2 * g dry wt^-1 *s^-1,co2,nmol,g,sec,T,lab,,,,,600,600,umol *m^-2 *s^-1,,9,tropical,neutral,green algae,-1.875
zotz2003,zotz2003,figure3a,pop,Parmotrema ,endosulphureum ,20,C,net photosynthesis,9.57446809,nmol CO2 * g dry wt^-1 *s^-1,co2,nmol,g,sec,T,lab,,,,,600,600,umol *m^-2 *s^-1,,9,tropical,neutral,green algae,-3.2712766
zotz2003,zotz2003,figure3a,pop,Parmotrema ,endosulphureum ,25,C,net photosynthesis,8.55053191,nmol CO2 * g dry wt^-1 *s^-1,co2,nmol,g,sec,T,lab,,,,,600,600,umol *m^-2 *s^-1,,9,tropical,neutral,green algae,-3.8297872
zotz2003,zotz2003,figure3a,pop,Parmotrema ,endosulphureum ,30,C,net photosynthesis,4.64095745,nmol CO2 * g dry wt^-1 *s^-1,co2,nmol,g,sec,T,lab,,,,,600,600,umol *m^-2 *s^-1,,9,tropical,neutral,green algae,-6.3430851
zotz2003,zotz2003,figure3a,pop,Parmotrema ,endosulphureum ,35,C,net photosynthesis,-0.3856383,nmol CO2 * g dry wt^-1 *s^-1,co2,nmol,g,sec,T,lab,,,,,600,600,umol *m^-2 *s^-1,,9,tropical,neutral,green algae,-9.5079787