paper_id,study_id,source,org_level,genus,species,temp,temp_units,response_def,response_value,response_units ,gas,gas_unit,mass/area,time,error,error_type,sample_size,realm,exp_design,time_point,time_units,add_trt,add_value,ppfd,avg_ppfd,ppfd_units,metabolic_category,latitude,latitude_broad,cnidarian_type,avg_depth_m,depth_m
perez2001,perez2001,figure 2,pop,zooxanthellae,spp,25,C,O2 flux,0.054458599,ug O2 ug chl a^-1 min^-1,o2,ug,ug chl a,min,0.055732484,SEM,2,M,lab,,,host identity,Aiptasia pallida Bermuda,100,100,uE m^-2 s^-1,npp,32.3078,,anemone,0.5,0.5
perez2001,perez2001,figure 2,pop,zooxanthellae,spp,25,C,O2 flux,0.232802548,ug O2 ug chl a^-1 min^-1,o2,ug,ug chl a,min,0.091401274,SEM,2,M,lab,,,host identity,Aiptasia pallida Florida Keys,100,100,uE m^-2 s^-1,npp,24.6507,,anemone,0.5,0.5
perez2001,perez2001,figure 2,pop,zooxanthellae,spp,25,C,O2 flux,0.096815287,ug O2 ug chl a^-1 min^-1,o2,ug,ug chl a,min,0.020063694,SEM,2,M,lab,,,host identity,Bartholomea annulata,100,100,uE m^-2 s^-1,npp,24.6507,,anemone,0.5,0.5
perez2001,perez2001,figure 2,pop,zooxanthellae,spp,25,C,O2 flux,0.043312102,ug O2 ug chl a^-1 min^-1,o2,ug,ug chl a,min,0.040127389,SEM,2,M,lab,,,host identity,Condylactis gigantea,100,100,uE m^-2 s^-1,npp,24.6507,,anemone,0.5,0.5
perez2001,perez2001,figure 2,pop,zooxanthellae,spp,32,C,O2 flux,-0.005732484,ug O2 ug chl a^-1 min^-1,o2,ug,ug chl a,min,0.004458599,SEM,2,M,lab,,,host identity,Aiptasia pallida Bermuda,100,100,uE m^-2 s^-1,npp,32.3078,,anemone,0.5,0.5
perez2001,perez2001,figure 2,pop,zooxanthellae,spp,32,C,O2 flux,0.034394904,ug O2 ug chl a^-1 min^-1,o2,ug,ug chl a,min,0.004458599,SEM,2,M,lab,,,host identity,Aiptasia pallida Florida Keys,100,100,uE m^-2 s^-1,npp,24.6507,,anemone,0.5,0.5
perez2001,perez2001,figure 2,pop,zooxanthellae,spp,32,C,O2 flux,-0.177388535,ug O2 ug chl a^-1 min^-1,o2,ug,ug chl a,min,0.076910828,SEM,2,M,lab,,,host identity,Condylactis gigantea,100,100,uE m^-2 s^-1,npp,24.6507,,anemone,0.5,0.5
perez2001,perez2001,figure 2,pop,zooxanthellae,spp,34,C,O2 flux,-0.048089172,ug O2 ug chl a^-1 min^-1,o2,ug,ug chl a,min,0.004458599,SEM,2,M,lab,,,host identity,Aiptasia pallida Bermuda,100,100,uE m^-2 s^-1,npp,32.3078,,anemone,0.5,0.5
perez2001,perez2001,figure 2,pop,zooxanthellae,spp,34,C,O2 flux,-0.005732484,ug O2 ug chl a^-1 min^-1,o2,ug,ug chl a,min,0.030095541,SEM,2,M,lab,,,host identity,Aiptasia pallida Florida Keys,100,100,uE m^-2 s^-1,npp,24.6507,,anemone,0.5,0.5
perez2001,perez2001,figure 2,pop,zooxanthellae,spp,34,C,O2 flux,-0.092675159,ug O2 ug chl a^-1 min^-1,o2,ug,ug chl a,min,0.03566879,SEM,2,M,lab,,,host identity,Bartholomea annulata,100,100,uE m^-2 s^-1,npp,24.6507,,anemone,0.5,0.5
perez2001,perez2001,figure 2,pop,zooxanthellae,spp,34,C,O2 flux,-0.139490446,ug O2 ug chl a^-1 min^-1,o2,ug,ug chl a,min,0.006687898,SEM,2,M,lab,,,host identity,Condylactis gigantea,100,100,uE m^-2 s^-1,npp,24.6507,,anemone,0.5,0.5
perez2001,perez2001,figure 2,pop,zooxanthellae,spp,25,C,O2 flux,-0.068826978,ug O2 ug chl a^-1 min^-1,o2,ug,ug chl a,min,0.004460892,SEM,2,M,lab,,,host identity,Aiptasia pallida Bermuda,100,100,uE m^-2 s^-1,r,32.3078,,anemone,0.5,0.5
perez2001,perez2001,figure 2,pop,zooxanthellae,spp,25,C,O2 flux,-0.191721069,ug O2 ug chl a^-1 min^-1,o2,ug,ug chl a,min,0.013382677,SEM,2,M,lab,,,host identity,Aiptasia pallida Florida Keys,100,100,uE m^-2 s^-1,r,24.6507,,anemone,0.5,0.5
perez2001,perez2001,figure 2,pop,zooxanthellae,spp,25,C,O2 flux,-0.055873425,ug O2 ug chl a^-1 min^-1,o2,ug,ug chl a,min,0.012267454,SEM,2,M,lab,,,host identity,Bartholomea annulata,100,100,uE m^-2 s^-1,r,24.6507,,anemone,0.5,0.5
perez2001,perez2001,figure 2,pop,zooxanthellae,spp,25,C,O2 flux,-0.154222629,ug O2 ug chl a^-1 min^-1,o2,ug,ug chl a,min,0.092568506,SEM,2,M,lab,,,host identity,Condylactis gigantea,100,100,uE m^-2 s^-1,r,24.6507,,anemone,0.5,0.5
perez2001,perez2001,figure 2,pop,zooxanthellae,spp,32,C,O2 flux,-0.025340763,ug O2 ug chl a^-1 min^-1,o2,ug,ug chl a,min,0.006691339,SEM,2,M,lab,,,host identity,Aiptasia pallida Bermuda,100,100,uE m^-2 s^-1,r,32.3078,,anemone,0.5,0.5
perez2001,perez2001,figure 2,pop,zooxanthellae,spp,32,C,O2 flux,-0.035592332,ug O2 ug chl a^-1 min^-1,o2,ug,ug chl a,min,0.003345669,SEM,2,M,lab,,,host identity,Aiptasia pallida Florida Keys,100,100,uE m^-2 s^-1,r,24.6507,,anemone,0.5,0.5
perez2001,perez2001,figure 2,pop,zooxanthellae,spp,32,C,O2 flux,-0.025764897,ug O2 ug chl a^-1 min^-1,o2,ug,ug chl a,min,0.002230446,SEM,2,M,lab,,,host identity,Bartholomea annulata,100,100,uE m^-2 s^-1,r,24.6507,,anemone,0.5,0.5
perez2001,perez2001,figure 2,pop,zooxanthellae,spp,32,C,O2 flux,-0.128574993,ug O2 ug chl a^-1 min^-1,o2,ug,ug chl a,min,0.052415485,SEM,2,M,lab,,,host identity,Condylactis gigantea,100,100,uE m^-2 s^-1,r,24.6507,,anemone,0.5,0.5
perez2001,perez2001,figure 2,pop,zooxanthellae,spp,34,C,O2 flux,-0.030914383,ug O2 ug chl a^-1 min^-1,o2,ug,ug chl a,min,0.006691339,SEM,2,M,lab,,,host identity,Aiptasia pallida Bermuda,100,100,uE m^-2 s^-1,r,32.3078,,anemone,0.5,0.5
perez2001,perez2001,figure 2,pop,zooxanthellae,spp,34,C,O2 flux,-0.064585638,ug O2 ug chl a^-1 min^-1,o2,ug,ug chl a,min,0.002230446,SEM,2,M,lab,,,host identity,Aiptasia pallida Florida Keys,100,100,uE m^-2 s^-1,r,24.6507,,anemone,0.5,0.5
perez2001,perez2001,figure 2,pop,zooxanthellae,spp,34,C,O2 flux,-0.038034846,ug O2 ug chl a^-1 min^-1,o2,ug,ug chl a,min,0.002230446,SEM,2,M,lab,,,host identity,Bartholomea annulata,100,100,uE m^-2 s^-1,r,24.6507,,anemone,0.5,0.5
perez2001,perez2001,figure 2,pop,zooxanthellae,spp,34,C,O2 flux,-0.062779326,ug O2 ug chl a^-1 min^-1,o2,ug,ug chl a,min,0.017843569,SEM,2,M,lab,,,host identity,Condylactis gigantea,100,100,uE m^-2 s^-1,r,24.6507,,anemone,0.5,0.5
terhorst&coffroth2021,terhorst&coffroth2021,figure 2,pop,Breviolum ,antillogorgium,26,C,respiration,1.577985316,umol O2 min^-1 cell^-1 x 10^6,o2,umol,cell x10^6,min,0.137711864,SEM,2,M,lab,,,genotype,g1,0,0,umol m^-2 s^-1,r,25.08,,octocoral,14.5,18-Nov
terhorst&coffroth2021,terhorst&coffroth2021,figure 2,pop,Breviolum ,antillogorgium,30,C,respiration,0.179288358,umol O2 min^-1 cell^-1 x 10^6,o2,umol,cell x10^6,min,0.047669492,SEM,2,M,lab,,,genotype,g1,0,0,umol m^-2 s^-1,r,25.08,,octocoral,14.5,18-Nov
terhorst&coffroth2021,terhorst&coffroth2021,figure 2,pop,Breviolum ,antillogorgium,32,C,respiration,0.369574451,umol O2 min^-1 cell^-1 x 10^6,o2,umol,cell x10^6,min,0.082097458,SEM,2,M,lab,,,genotype,g1,0,0,umol m^-2 s^-1,r,25.08,,octocoral,14.5,18-Nov
terhorst&coffroth2021,terhorst&coffroth2021,figure 2,pop,Breviolum ,antillogorgium,26,C,respiration,1.13175539,umol O2 min^-1 cell^-1 x 10^6,o2,umol,cell x10^6,min,0.092690678,SEM,2,M,lab,,,genotype,g2,0,0,umol m^-2 s^-1,r,25.08,,octocoral,14.5,18-Nov
terhorst&coffroth2021,terhorst&coffroth2021,figure 2,pop,Breviolum ,antillogorgium,30,C,respiration,0.707622062,umol O2 min^-1 cell^-1 x 10^6,o2,umol,cell x10^6,min,0.116519103,SEM,2,M,lab,,,genotype,g2,0,0,umol m^-2 s^-1,r,25.08,,octocoral,14.5,18-Nov
terhorst&coffroth2021,terhorst&coffroth2021,figure 2,pop,Breviolum ,antillogorgium,32,C,respiration,0.675450528,umol O2 min^-1 cell^-1 x 10^6,o2,umol,cell x10^6,min,0.063559322,SEM,2,M,lab,,,genotype,g2,0,0,umol m^-2 s^-1,r,25.08,,octocoral,14.5,18-Nov
terhorst&coffroth2021,terhorst&coffroth2021,figure 2,pop,Breviolum ,antillogorgium,26,C,respiration,1.458817908,umol O2 min^-1 cell^-1 x 10^6,o2,umol,cell x10^6,min,0.301900459,SEM,2,M,lab,,,genotype,g3,0,0,umol m^-2 s^-1,r,25.08,,octocoral,14.5,18-Nov
terhorst&coffroth2021,terhorst&coffroth2021,figure 2,pop,Breviolum ,antillogorgium,30,C,respiration,0.229612475,umol O2 min^-1 cell^-1 x 10^6,o2,umol,cell x10^6,min,0.111228814,SEM,2,M,lab,,,genotype,g3,0,0,umol m^-2 s^-1,r,25.08,,octocoral,14.5,18-Nov
terhorst&coffroth2021,terhorst&coffroth2021,figure 2,pop,Breviolum ,antillogorgium,32,C,respiration,0.589377452,umol O2 min^-1 cell^-1 x 10^6,o2,umol,cell x10^6,min,0.153601695,SEM,2,M,lab,,,genotype,g3,0,0,umol m^-2 s^-1,r,25.08,,octocoral,14.5,18-Nov
terhorst&coffroth2021,terhorst&coffroth2021,figure 2,pop,Breviolum ,antillogorgium,26,C,respiration,2.183126188,umol O2 min^-1 cell^-1 x 10^6,o2,umol,cell x10^6,min,0.280720339,SEM,2,M,lab,,,genotype,g4,0,0,umol m^-2 s^-1,r,25.08,,octocoral,14.5,18-Nov
terhorst&coffroth2021,terhorst&coffroth2021,figure 2,pop,Breviolum ,antillogorgium,30,C,respiration,1.277013976,umol O2 min^-1 cell^-1 x 10^6,o2,umol,cell x10^6,min,0.180084746,SEM,2,M,lab,,,genotype,g4,0,0,umol m^-2 s^-1,r,25.08,,octocoral,14.5,18-Nov
terhorst&coffroth2021,terhorst&coffroth2021,figure 2,pop,Breviolum ,antillogorgium,32,C,respiration,0.821113628,umol O2 min^-1 cell^-1 x 10^6,o2,umol,cell x10^6,min,0.132415254,SEM,2,M,lab,,,genotype,g4,0,0,umol m^-2 s^-1,r,25.08,,octocoral,14.5,18-Nov
terhorst&coffroth2021,terhorst&coffroth2021,figure 2,pop,Breviolum ,antillogorgium,26,C,respiration,0.921205655,umol O2 min^-1 cell^-1 x 10^6,o2,umol,cell x10^6,min,0.164194915,SEM,2,M,lab,,,genotype,g5,0,0,umol m^-2 s^-1,r,25.08,,octocoral,14.5,18-Nov
terhorst&coffroth2021,terhorst&coffroth2021,figure 2,pop,Breviolum ,antillogorgium,30,C,respiration,1.116788358,umol O2 min^-1 cell^-1 x 10^6,o2,umol,cell x10^6,min,0.148305085,SEM,2,M,lab,,,genotype,g5,0,0,umol m^-2 s^-1,r,25.08,,octocoral,14.5,18-Nov
terhorst&coffroth2021,terhorst&coffroth2021,figure 2,pop,Breviolum ,antillogorgium,32,C,respiration,1.005167671,umol O2 min^-1 cell^-1 x 10^6,o2,umol,cell x10^6,min,0.082097458,SEM,2,M,lab,,,genotype,g5,0,0,umol m^-2 s^-1,r,25.08,,octocoral,14.5,18-Nov
terhorst&coffroth2021,terhorst&coffroth2021,figure 2,pop,Breviolum ,antillogorgium,26,C,gross photosynthesis,1.918367347,umol O2 min^-1 cell^-1 x 10^6,o2,umol,cell x10^6,min,0.25170068,SEM,2,M,lab,,,genotype,g1,59,59,umol m^-2 s^-1,gpp,25.08,,octocoral,14.5,18-Nov
terhorst&coffroth2021,terhorst&coffroth2021,figure 2,pop,Breviolum ,antillogorgium,30,C,gross photosynthesis,1.387755102,umol O2 min^-1 cell^-1 x 10^6,o2,umol,cell x10^6,min,0.659863946,SEM,2,M,lab,,,genotype,g1,59,59,umol m^-2 s^-1,gpp,25.08,,octocoral,14.5,18-Nov
terhorst&coffroth2021,terhorst&coffroth2021,figure 2,pop,Breviolum ,antillogorgium,32,C,gross photosynthesis,2.897959184,umol O2 min^-1 cell^-1 x 10^6,o2,umol,cell x10^6,min,0.482993197,SEM,2,M,lab,,,genotype,g1,59,59,umol m^-2 s^-1,gpp,25.08,,octocoral,14.5,18-Nov
terhorst&coffroth2021,terhorst&coffroth2021,figure 2,pop,Breviolum ,antillogorgium,26,C,gross photosynthesis,4.394557823,umol O2 min^-1 cell^-1 x 10^6,o2,umol,cell x10^6,min,0.544217687,SEM,2,M,lab,,,genotype,g2,59,59,umol m^-2 s^-1,gpp,25.08,,octocoral,14.5,18-Nov
terhorst&coffroth2021,terhorst&coffroth2021,figure 2,pop,Breviolum ,antillogorgium,30,C,gross photosynthesis,3.700680272,umol O2 min^-1 cell^-1 x 10^6,o2,umol,cell x10^6,min,0.231292517,SEM,2,M,lab,,,genotype,g2,59,59,umol m^-2 s^-1,gpp,25.08,,octocoral,14.5,18-Nov
terhorst&coffroth2021,terhorst&coffroth2021,figure 2,pop,Breviolum ,antillogorgium,32,C,gross photosynthesis,4.775510204,umol O2 min^-1 cell^-1 x 10^6,o2,umol,cell x10^6,min,0.367346939,SEM,2,M,lab,,,genotype,g2,59,59,umol m^-2 s^-1,gpp,25.08,,octocoral,14.5,18-Nov
terhorst&coffroth2021,terhorst&coffroth2021,figure 2,pop,Breviolum ,antillogorgium,26,C,gross photosynthesis,1.945578231,umol O2 min^-1 cell^-1 x 10^6,o2,umol,cell x10^6,min,0.394557823,SEM,2,M,lab,,,genotype,g3,59,59,umol m^-2 s^-1,gpp,25.08,,octocoral,14.5,18-Nov
terhorst&coffroth2021,terhorst&coffroth2021,figure 2,pop,Breviolum ,antillogorgium,30,C,gross photosynthesis,1.047619048,umol O2 min^-1 cell^-1 x 10^6,o2,umol,cell x10^6,min,0.285714286,SEM,2,M,lab,,,genotype,g3,59,59,umol m^-2 s^-1,gpp,25.08,,octocoral,14.5,18-Nov
terhorst&coffroth2021,terhorst&coffroth2021,figure 2,pop,Breviolum ,antillogorgium,32,C,gross photosynthesis,2.680272109,umol O2 min^-1 cell^-1 x 10^6,o2,umol,cell x10^6,min,0.462585034,SEM,2,M,lab,,,genotype,g3,59,59,umol m^-2 s^-1,gpp,25.08,,octocoral,14.5,18-Nov
terhorst&coffroth2021,terhorst&coffroth2021,figure 2,pop,Breviolum ,antillogorgium,26,C,gross photosynthesis,4.299319728,umol O2 min^-1 cell^-1 x 10^6,o2,umol,cell x10^6,min,0.496598639,SEM,2,M,lab,,,genotype,g4,59,59,umol m^-2 s^-1,gpp,25.08,,octocoral,14.5,18-Nov
terhorst&coffroth2021,terhorst&coffroth2021,figure 2,pop,Breviolum ,antillogorgium,30,C,gross photosynthesis,4.721088435,umol O2 min^-1 cell^-1 x 10^6,o2,umol,cell x10^6,min,0.707482993,SEM,2,M,lab,,,genotype,g4,59,59,umol m^-2 s^-1,gpp,25.08,,octocoral,14.5,18-Nov
terhorst&coffroth2021,terhorst&coffroth2021,figure 2,pop,Breviolum ,antillogorgium,32,C,gross photosynthesis,5.142857143,umol O2 min^-1 cell^-1 x 10^6,o2,umol,cell x10^6,min,0.551020408,SEM,2,M,lab,,,genotype,g4,59,59,umol m^-2 s^-1,gpp,25.08,,octocoral,14.5,18-Nov
terhorst&coffroth2021,terhorst&coffroth2021,figure 2,pop,Breviolum ,antillogorgium,26,C,gross photosynthesis,4.027210884,umol O2 min^-1 cell^-1 x 10^6,o2,umol,cell x10^6,min,0.394557823,SEM,2,M,lab,,,genotype,g5,59,59,umol m^-2 s^-1,gpp,25.08,,octocoral,14.5,18-Nov
terhorst&coffroth2021,terhorst&coffroth2021,figure 2,pop,Breviolum ,antillogorgium,30,C,gross photosynthesis,4.653061224,umol O2 min^-1 cell^-1 x 10^6,o2,umol,cell x10^6,min,0.74829932,SEM,2,M,lab,,,genotype,g5,59,59,umol m^-2 s^-1,gpp,25.08,,octocoral,14.5,18-Nov
terhorst&coffroth2021,terhorst&coffroth2021,figure 2,pop,Breviolum ,antillogorgium,32,C,gross photosynthesis,5.795918367,umol O2 min^-1 cell^-1 x 10^6,o2,umol,cell x10^6,min,0.530612245,SEM,2,M,lab,,,genotype,g5,59,59,umol m^-2 s^-1,gpp,25.08,,octocoral,14.5,18-Nov
terhorst&coffroth2021,terhorst&coffroth2021,figure 3,pop,Breviolum ,antillogorgium,26,C,net photosynthesis,0.333333333,umol O2 min^-1 cell^-1 x 10^6,o2,umol,cell x10^6,min,0.285714286,SEM,2,M,lab,,,genotype,g1,59,59,umol m^-2 s^-1,npp,25.08,,octocoral,14.5,18-Nov
terhorst&coffroth2021,terhorst&coffroth2021,figure 3,pop,Breviolum ,antillogorgium,30,C,net photosynthesis,1.047619048,umol O2 min^-1 cell^-1 x 10^6,o2,umol,cell x10^6,min,0.301587302,SEM,2,M,lab,,,genotype,g1,59,59,umol m^-2 s^-1,npp,25.08,,octocoral,14.5,18-Nov
terhorst&coffroth2021,terhorst&coffroth2021,figure 3,pop,Breviolum ,antillogorgium,32,C,net photosynthesis,2.253968254,umol O2 min^-1 cell^-1 x 10^6,o2,umol,cell x10^6,min,0.313492063,SEM,2,M,lab,,,genotype,g1,59,59,umol m^-2 s^-1,npp,25.08,,octocoral,14.5,18-Nov
terhorst&coffroth2021,terhorst&coffroth2021,figure 3,pop,Breviolum ,antillogorgium,26,C,net photosynthesis,3.26984127,umol O2 min^-1 cell^-1 x 10^6,o2,umol,cell x10^6,min,0.507936508,SEM,2,M,lab,,,genotype,g2,59,59,umol m^-2 s^-1,npp,25.08,,octocoral,14.5,18-Nov
terhorst&coffroth2021,terhorst&coffroth2021,figure 3,pop,Breviolum ,antillogorgium,30,C,net photosynthesis,3,umol O2 min^-1 cell^-1 x 10^6,o2,umol,cell x10^6,min,0.174603175,SEM,2,M,lab,,,genotype,g2,59,59,umol m^-2 s^-1,npp,25.08,,octocoral,14.5,18-Nov
terhorst&coffroth2021,terhorst&coffroth2021,figure 3,pop,Breviolum ,antillogorgium,32,C,net photosynthesis,4.095238095,umol O2 min^-1 cell^-1 x 10^6,o2,umol,cell x10^6,min,0.301587302,SEM,2,M,lab,,,genotype,g2,59,59,umol m^-2 s^-1,npp,25.08,,octocoral,14.5,18-Nov
terhorst&coffroth2021,terhorst&coffroth2021,figure 3,pop,Breviolum ,antillogorgium,26,C,net photosynthesis,0.476190476,umol O2 min^-1 cell^-1 x 10^6,o2,umol,cell x10^6,min,0.103174603,SEM,2,M,lab,,,genotype,g3,59,59,umol m^-2 s^-1,npp,25.08,,octocoral,14.5,18-Nov
terhorst&coffroth2021,terhorst&coffroth2021,figure 3,pop,Breviolum ,antillogorgium,30,C,net photosynthesis,1.214285714,umol O2 min^-1 cell^-1 x 10^6,o2,umol,cell x10^6,min,0.341269841,SEM,2,M,lab,,,genotype,g3,59,59,umol m^-2 s^-1,npp,25.08,,octocoral,14.5,18-Nov
terhorst&coffroth2021,terhorst&coffroth2021,figure 3,pop,Breviolum ,antillogorgium,32,C,net photosynthesis,1.984126984,umol O2 min^-1 cell^-1 x 10^6,o2,umol,cell x10^6,min,0.333333333,SEM,2,M,lab,,,genotype,g3,59,59,umol m^-2 s^-1,npp,25.08,,octocoral,14.5,18-Nov
terhorst&coffroth2021,terhorst&coffroth2021,figure 3,pop,Breviolum ,antillogorgium,26,C,net photosynthesis,2.119047619,umol O2 min^-1 cell^-1 x 10^6,o2,umol,cell x10^6,min,0.325396825,SEM,2,M,lab,,,genotype,g4,59,59,umol m^-2 s^-1,npp,25.08,,octocoral,14.5,18-Nov
terhorst&coffroth2021,terhorst&coffroth2021,figure 3,pop,Breviolum ,antillogorgium,30,C,net photosynthesis,4.079365079,umol O2 min^-1 cell^-1 x 10^6,o2,umol,cell x10^6,min,0.761904762,SEM,2,M,lab,,,genotype,g4,59,59,umol m^-2 s^-1,npp,25.08,,octocoral,14.5,18-Nov
terhorst&coffroth2021,terhorst&coffroth2021,figure 3,pop,Breviolum ,antillogorgium,32,C,net photosynthesis,4.301587302,umol O2 min^-1 cell^-1 x 10^6,o2,umol,cell x10^6,min,0.436507937,SEM,2,M,lab,,,genotype,g4,59,59,umol m^-2 s^-1,npp,25.08,,octocoral,14.5,18-Nov
terhorst&coffroth2021,terhorst&coffroth2021,figure 3,pop,Breviolum ,antillogorgium,26,C,net photosynthesis,3.079365079,umol O2 min^-1 cell^-1 x 10^6,o2,umol,cell x10^6,min,0.265873016,SEM,2,M,lab,,,genotype,g5,59,59,umol m^-2 s^-1,npp,25.08,,octocoral,14.5,18-Nov
terhorst&coffroth2021,terhorst&coffroth2021,figure 3,pop,Breviolum ,antillogorgium,30,C,net photosynthesis,3.523809524,umol O2 min^-1 cell^-1 x 10^6,o2,umol,cell x10^6,min,0.611111111,SEM,2,M,lab,,,genotype,g5,59,59,umol m^-2 s^-1,npp,25.08,,octocoral,14.5,18-Nov
terhorst&coffroth2021,terhorst&coffroth2021,figure 3,pop,Breviolum ,antillogorgium,32,C,net photosynthesis,4.777777778,umol O2 min^-1 cell^-1 x 10^6,o2,umol,cell x10^6,min,0.476190476,SEM,2,M,lab,,,genotype,g5,59,59,umol m^-2 s^-1,npp,25.08,,octocoral,14.5,18-Nov
pierangelini2020,pierangelini2020,figure 1,pop,Symbiodinium,sp. (Avir),10,C,gross photosynthesis,2.318610335,fmol O2 cell^-1 min^-1,o2,fmol,cell  ,min,0.921787709,SD,3,M,lab,,,,,700,700,umol m^-2 s^-1,gpp,43,,anemone,,
pierangelini2020,pierangelini2020,figure 1,pop,Symbiodinium,sp. (Avir),15,C,gross photosynthesis,3.058659218,fmol O2 cell^-1 min^-1,o2,fmol,cell  ,min,0.817039106,SD,3,M,lab,,,,,700,700,umol m^-2 s^-1,gpp,43,,anemone,,
pierangelini2020,pierangelini2020,figure 1,pop,Symbiodinium,sp. (Avir),20,C,gross photosynthesis,6.145600559,fmol O2 cell^-1 min^-1,o2,fmol,cell  ,min,1.382681564,SD,3,M,lab,,,,,700,700,umol m^-2 s^-1,gpp,43,,anemone,,
pierangelini2020,pierangelini2020,figure 1,pop,Symbiodinium,sp. (Avir),25,C,gross photosynthesis,8.72922486,fmol O2 cell^-1 min^-1,o2,fmol,cell  ,min,2.19972067,SD,3,M,lab,,,,,700,700,umol m^-2 s^-1,gpp,43,,anemone,,
pierangelini2020,pierangelini2020,figure 1,pop,Symbiodinium,sp. (Avir),30,C,gross photosynthesis,9.553072626,fmol O2 cell^-1 min^-1,o2,fmol,cell  ,min,3.519553073,SD,3,M,lab,,,,,700,700,umol m^-2 s^-1,gpp,43,,anemone,,
pierangelini2020,pierangelini2020,figure 1,pop,Symbiodinium,sp. (Avir),35,C,gross photosynthesis,6.606494413,fmol O2 cell^-1 min^-1,o2,fmol,cell  ,min,2.723332751,SD,3,M,lab,,,,,700,700,umol m^-2 s^-1,gpp,43,,anemone,,
pierangelini2020,pierangelini2020,figure 1,pop,Symbiodinium,sp. (Avir),40,C,gross photosynthesis,0.223638268,fmol O2 cell^-1 min^-1,o2,fmol,cell  ,min,0.251396648,SD,3,M,lab,,,,,700,700,umol m^-2 s^-1,gpp,43,,anemone,,
pierangelini2020,pierangelini2020,figure 1,pop,Symbiodinium,sp. (Avir),10,C,respiration,-1.348314607,fmol O2 cell^-1 min^-1,o2,fmol,cell  ,min,0.210674157,SD,3,M,lab,,,,,0,0,umol m^-2 s^-1,r,43,,anemone,,
pierangelini2020,pierangelini2020,figure 1,pop,Symbiodinium,sp. (Avir),15,C,respiration,-1.474719101,fmol O2 cell^-1 min^-1,o2,fmol,cell  ,min,0.210674157,SD,3,M,lab,,,,,0,0,umol m^-2 s^-1,r,43,,anemone,,
pierangelini2020,pierangelini2020,figure 1,pop,Symbiodinium,sp. (Avir),20,C,respiration,-1.896067416,fmol O2 cell^-1 min^-1,o2,fmol,cell  ,min,0.210674157,SD,3,M,lab,,,,,0,0,umol m^-2 s^-1,r,43,,anemone,,
pierangelini2020,pierangelini2020,figure 1,pop,Symbiodinium,sp. (Avir),25,C,respiration,-2.528089888,fmol O2 cell^-1 min^-1,o2,fmol,cell  ,min,0.44241573,SD,3,M,lab,,,,,0,0,umol m^-2 s^-1,r,43,,anemone,,
pierangelini2020,pierangelini2020,figure 1,pop,Symbiodinium,sp. (Avir),30,C,respiration,-2.696629213,fmol O2 cell^-1 min^-1,o2,fmol,cell  ,min,0.505617978,SD,3,M,lab,,,,,0,0,umol m^-2 s^-1,r,43,,anemone,,
pierangelini2020,pierangelini2020,figure 1,pop,Symbiodinium,sp. (Avir),35,C,respiration,-2.612359551,fmol O2 cell^-1 min^-1,o2,fmol,cell  ,min,0.463483146,SD,3,M,lab,,,,,0,0,umol m^-2 s^-1,r,43,,anemone,,
pierangelini2020,pierangelini2020,figure 1,pop,Symbiodinium,sp. (Avir),40,C,respiration,-3.876404494,fmol O2 cell^-1 min^-1,o2,fmol,cell  ,min,0.463483146,SD,3,M,lab,,,,,0,0,umol m^-2 s^-1,r,43,,anemone,,
pierangelini2020,pierangelini2020,figure 1,pop,Symbiodinium,sp. (Stylodid),15,C,gross photosynthesis,3.361344538,fmol O2 cell^-1 min^-1,o2,fmol,cell  ,min,0.168067227,SD,3,M,lab,,,,,700,700,umol m^-2 s^-1,gpp,22,,hermatypic coral,,
pierangelini2020,pierangelini2020,figure 1,pop,Symbiodinium,sp. (Stylodid),20,C,gross photosynthesis,5.25210084,fmol O2 cell^-1 min^-1,o2,fmol,cell  ,min,0.210084034,SD,3,M,lab,,,,,700,700,umol m^-2 s^-1,gpp,22,,hermatypic coral,,
pierangelini2020,pierangelini2020,figure 1,pop,Symbiodinium,sp. (Stylodid),25,C,gross photosynthesis,7.394957983,fmol O2 cell^-1 min^-1,o2,fmol,cell  ,min,0.525210084,SD,3,M,lab,,,,,700,700,umol m^-2 s^-1,gpp,22,,hermatypic coral,,
pierangelini2020,pierangelini2020,figure 1,pop,Symbiodinium,sp. (Stylodid),30,C,gross photosynthesis,8.109243697,fmol O2 cell^-1 min^-1,o2,fmol,cell  ,min,0.210084034,SD,3,M,lab,,,,,700,700,umol m^-2 s^-1,gpp,22,,hermatypic coral,,
pierangelini2020,pierangelini2020,figure 1,pop,Symbiodinium,sp. (Stylodid),35,C,gross photosynthesis,3.865546218,fmol O2 cell^-1 min^-1,o2,fmol,cell  ,min,0.420168067,SD,3,M,lab,,,,,700,700,umol m^-2 s^-1,gpp,22,,hermatypic coral,,
pierangelini2020,pierangelini2020,figure 1,pop,Symbiodinium,sp. (Stylodid),40,C,gross photosynthesis,2.268907563,fmol O2 cell^-1 min^-1,o2,fmol,cell  ,min,0.31512605,SD,3,M,lab,,,,,700,700,umol m^-2 s^-1,gpp,22,,hermatypic coral,,
pierangelini2020,pierangelini2020,figure 1,pop,Symbiodinium,sp. (Stylodid),15,C,respiration,-0.840336134,fmol O2 cell^-1 min^-1,o2,fmol,cell  ,min,0.420168067,SD,3,M,lab,,,,,0,0,umol m^-2 s^-1,r,22,,hermatypic coral,,
pierangelini2020,pierangelini2020,figure 1,pop,Symbiodinium,sp. (Stylodid),20,C,respiration,-1.680672269,fmol O2 cell^-1 min^-1,o2,fmol,cell  ,min,0.294117647,SD,3,M,lab,,,,,0,0,umol m^-2 s^-1,r,22,,hermatypic coral,,
pierangelini2020,pierangelini2020,figure 1,pop,Symbiodinium,sp. (Stylodid),25,C,respiration,-1.974789916,fmol O2 cell^-1 min^-1,o2,fmol,cell  ,min,0.231092437,SD,3,M,lab,,,,,0,0,umol m^-2 s^-1,r,22,,hermatypic coral,,
pierangelini2020,pierangelini2020,figure 1,pop,Symbiodinium,sp. (Stylodid),30,C,respiration,-2.773109244,fmol O2 cell^-1 min^-1,o2,fmol,cell  ,min,0.31512605,SD,3,M,lab,,,,,0,0,umol m^-2 s^-1,r,22,,hermatypic coral,,
pierangelini2020,pierangelini2020,figure 1,pop,Symbiodinium,sp. (Stylodid),35,C,respiration,-2.68907563,fmol O2 cell^-1 min^-1,o2,fmol,cell  ,min,0.210084034,SD,3,M,lab,,,,,0,0,umol m^-2 s^-1,r,22,,hermatypic coral,,
pierangelini2020,pierangelini2020,figure 1,pop,Symbiodinium,sp. (Stylodid),40,C,respiration,-4.411764706,fmol O2 cell^-1 min^-1,o2,fmol,cell  ,min,1.134453782,SD,3,M,lab,,,,,0,0,umol m^-2 s^-1,r,22,,hermatypic coral,,
pierangelini2020,pierangelini2020,figure 1,pop,Durusdinium ,trenchii,15,C,gross photosynthesis,2.070950704,fmol O2 cell^-1 min^-1,o2,fmol,cell  ,min,0.422535211,SD,3,M,lab,,,,,700,700,umol m^-2 s^-1,gpp,24.46,,hermatypic coral,,
pierangelini2020,pierangelini2020,figure 1,pop,Durusdinium ,trenchii,20,C,gross photosynthesis,4.676408451,fmol O2 cell^-1 min^-1,o2,fmol,cell  ,min,0.802816901,SD,3,M,lab,,,,,700,700,umol m^-2 s^-1,gpp,24.46,,hermatypic coral,,
pierangelini2020,pierangelini2020,figure 1,pop,Durusdinium ,trenchii,25,C,gross photosynthesis,7.197623239,fmol O2 cell^-1 min^-1,o2,fmol,cell  ,min,1.985915493,SD,3,M,lab,,,,,700,700,umol m^-2 s^-1,gpp,24.46,,hermatypic coral,,
pierangelini2020,pierangelini2020,figure 1,pop,Durusdinium ,trenchii,30,C,gross photosynthesis,6.169014085,fmol O2 cell^-1 min^-1,o2,fmol,cell  ,min,4.161971831,SD,3,M,lab,,,,,700,700,umol m^-2 s^-1,gpp,24.46,,hermatypic coral,,
pierangelini2020,pierangelini2020,figure 1,pop,Durusdinium ,trenchii,35,C,gross photosynthesis,3.197535211,fmol O2 cell^-1 min^-1,o2,fmol,cell  ,min,3.316901408,SD,3,M,lab,,,,,700,700,umol m^-2 s^-1,gpp,24.46,,hermatypic coral,,
pierangelini2020,pierangelini2020,figure 1,pop,Durusdinium ,trenchii,40,C,gross photosynthesis,0.014524648,fmol O2 cell^-1 min^-1,o2,fmol,cell  ,min,0.169014085,SD,3,M,lab,,,,,700,700,umol m^-2 s^-1,gpp,24.46,,hermatypic coral,,
pierangelini2020,pierangelini2020,figure 1,pop,Durusdinium ,trenchii,15,C,respiration,-0.91243704,fmol O2 cell^-1 min^-1,o2,fmol,cell  ,min,0.189606742,SD,3,M,lab,,,,,0,0,umol m^-2 s^-1,r,24.46,,hermatypic coral,,
pierangelini2020,pierangelini2020,figure 1,pop,Durusdinium ,trenchii,20,C,respiration,-1.09524145,fmol O2 cell^-1 min^-1,o2,fmol,cell  ,min,0.168539326,SD,3,M,lab,,,,,0,0,umol m^-2 s^-1,r,24.46,,hermatypic coral,,
pierangelini2020,pierangelini2020,figure 1,pop,Durusdinium ,trenchii,25,C,respiration,-1.446321017,fmol O2 cell^-1 min^-1,o2,fmol,cell  ,min,0.189606742,SD,3,M,lab,,,,,0,0,umol m^-2 s^-1,r,24.46,,hermatypic coral,,
pierangelini2020,pierangelini2020,figure 1,pop,Durusdinium ,trenchii,30,C,respiration,-1.924069247,fmol O2 cell^-1 min^-1,o2,fmol,cell  ,min,0.210674157,SD,3,M,lab,,,,,0,0,umol m^-2 s^-1,r,24.46,,hermatypic coral,,
pierangelini2020,pierangelini2020,figure 1,pop,Durusdinium ,trenchii,35,C,respiration,-2.317283646,fmol O2 cell^-1 min^-1,o2,fmol,cell  ,min,0.484550562,SD,3,M,lab,,,,,0,0,umol m^-2 s^-1,r,24.46,,hermatypic coral,,
pierangelini2020,pierangelini2020,figure 1,pop,Durusdinium ,trenchii,40,C,respiration,-2.752632877,fmol O2 cell^-1 min^-1,o2,fmol,cell  ,min,0.337078652,SD,3,M,lab,,,,,0,0,umol m^-2 s^-1,r,24.46,,hermatypic coral,,
pierangelini2020,pierangelini2020,figure 1,pop,Effrenium ,voratum,15,C,gross photosynthesis,8.230089272,fmol O2 cell^-1 min^-1,o2,fmol,cell  ,min,0.78650995,SD,3,M,lab,,,,,700,700,umol m^-2 s^-1,gpp,-41.29,,free-living,,
pierangelini2020,pierangelini2020,figure 1,pop,Effrenium ,voratum,20,C,gross photosynthesis,11.04835807,fmol O2 cell^-1 min^-1,o2,fmol,cell  ,min,1.235944207,SD,3,M,lab,,,,,700,700,umol m^-2 s^-1,gpp,-41.29,,free-living,,
pierangelini2020,pierangelini2020,figure 1,pop,Effrenium ,voratum,25,C,gross photosynthesis,14.42859525,fmol O2 cell^-1 min^-1,o2,fmol,cell  ,min,1.825738889,SD,3,M,lab,,,,,700,700,umol m^-2 s^-1,gpp,-41.29,,free-living,,
pierangelini2020,pierangelini2020,figure 1,pop,Effrenium ,voratum,30,C,gross photosynthesis,15.50530631,fmol O2 cell^-1 min^-1,o2,fmol,cell  ,min,2.387619491,SD,3,M,lab,,,,,700,700,umol m^-2 s^-1,gpp,-41.29,,free-living,,
pierangelini2020,pierangelini2020,figure 1,pop,Effrenium ,voratum,35,C,gross photosynthesis,8.60473486,fmol O2 cell^-1 min^-1,o2,fmol,cell  ,min,1.011227078,SD,3,M,lab,,,,,700,700,umol m^-2 s^-1,gpp,-41.29,,free-living,,
pierangelini2020,pierangelini2020,figure 1,pop,Effrenium ,voratum,40,C,gross photosynthesis,0.748940055,fmol O2 cell^-1 min^-1,o2,fmol,cell  ,min,0.421344616,SD,3,M,lab,,,,,700,700,umol m^-2 s^-1,gpp,-41.29,,free-living,,
pierangelini2020,pierangelini2020,figure 1,pop,Effrenium ,voratum,15,C,respiration,-4.563380282,fmol O2 cell^-1 min^-1,o2,fmol,cell  ,min,0.76056338,SD,3,M,lab,,,,,0,0,umol m^-2 s^-1,r,-41.29,,free-living,,
pierangelini2020,pierangelini2020,figure 1,pop,Effrenium ,voratum,20,C,respiration,-5.577464789,fmol O2 cell^-1 min^-1,o2,fmol,cell  ,min,1.014084507,SD,3,M,lab,,,,,0,0,umol m^-2 s^-1,r,-41.29,,free-living,,
pierangelini2020,pierangelini2020,figure 1,pop,Effrenium ,voratum,25,C,respiration,-6.591549296,fmol O2 cell^-1 min^-1,o2,fmol,cell  ,min,1.070422535,SD,3,M,lab,,,,,0,0,umol m^-2 s^-1,r,-41.29,,free-living,,
pierangelini2020,pierangelini2020,figure 1,pop,Effrenium ,voratum,30,C,respiration,-6.985915493,fmol O2 cell^-1 min^-1,o2,fmol,cell  ,min,0.985915493,SD,3,M,lab,,,,,0,0,umol m^-2 s^-1,r,-41.29,,free-living,,
pierangelini2020,pierangelini2020,figure 1,pop,Effrenium ,voratum,35,C,respiration,-8.788732394,fmol O2 cell^-1 min^-1,o2,fmol,cell  ,min,1.042253521,SD,3,M,lab,,,,,0,0,umol m^-2 s^-1,r,-41.29,,free-living,,
pierangelini2020,pierangelini2020,figure 1,pop,Effrenium ,voratum,40,C,respiration,-7.549295775,fmol O2 cell^-1 min^-1,o2,fmol,cell  ,min,1.126760563,SD,3,M,lab,,,,,0,0,umol m^-2 s^-1,r,-41.29,,free-living,,
moffatt2022,moffatt2022,figure 2a,pop,Symbiodinium ,microadriaticum,26,C,respiration,-0.537634409,umol O2 min^-1 cell^-1 x 10^9,o2,umol,cell x 10^9,min,0.080645161,SEM,4,M,lab,,,culture id,CCMP2458,0,0,umol m^-2 s^-1,r,28.6929,,jellyfish,,
moffatt2022,moffatt2022,figure 2a,pop,Symbiodinium ,microadriaticum,30,C,respiration,-0.575268817,umol O2 min^-1 cell^-1 x 10^9,o2,umol,cell x 10^9,min,0.048387097,SEM,4,M,lab,,,culture id,CCMP2458,0,0,umol m^-2 s^-1,r,28.6929,,jellyfish,,
moffatt2022,moffatt2022,figure 2a,pop,Symbiodinium ,microadriaticum,32,C,respiration,-0.897849462,umol O2 min^-1 cell^-1 x 10^9,o2,umol,cell x 10^9,min,0.231182796,SEM,4,M,lab,,,culture id,CCMP2458,0,0,umol m^-2 s^-1,r,28.6929,,jellyfish,,
moffatt2022,moffatt2022,figure 2a,pop,Symbiodinium ,microadriaticum,26,C,respiration,-1.107526882,umol O2 min^-1 cell^-1 x 10^9,o2,umol,cell x 10^9,min,0.094086022,SEM,4,M,lab,,,culture id,CCMP2464,0,0,umol m^-2 s^-1,r,27.6648,,jellyfish,,
moffatt2022,moffatt2022,figure 2a,pop,Symbiodinium ,microadriaticum,30,C,respiration,-0.930107527,umol O2 min^-1 cell^-1 x 10^9,o2,umol,cell x 10^9,min,0.059139785,SEM,4,M,lab,,,culture id,CCMP2464,0,0,umol m^-2 s^-1,r,27.6648,,jellyfish,,
moffatt2022,moffatt2022,figure 2a,pop,Symbiodinium ,microadriaticum,32,C,respiration,-0.634408602,umol O2 min^-1 cell^-1 x 10^9,o2,umol,cell x 10^9,min,0.137096774,SEM,4,M,lab,,,culture id,CCMP2464,0,0,umol m^-2 s^-1,r,27.6648,,jellyfish,,
moffatt2022,moffatt2022,figure 2a,pop,Symbiodinium ,microadriaticum,26,C,respiration,-1.478494624,umol O2 min^-1 cell^-1 x 10^9,o2,umol,cell x 10^9,min,0.239247312,SEM,4,M,lab,,,culture id,FLCass Florida,0,0,umol m^-2 s^-1,r,24.824,,jellyfish,,
moffatt2022,moffatt2022,figure 2a,pop,Symbiodinium ,microadriaticum,30,C,respiration,-0.88172043,umol O2 min^-1 cell^-1 x 10^9,o2,umol,cell x 10^9,min,0.228494624,SEM,4,M,lab,,,culture id,FLCass Florida,0,0,umol m^-2 s^-1,r,24.824,,jellyfish,,
moffatt2022,moffatt2022,figure 2a,pop,Symbiodinium ,microadriaticum,32,C,respiration,-0.532258065,umol O2 min^-1 cell^-1 x 10^9,o2,umol,cell x 10^9,min,0.048387097,SEM,4,M,lab,,,culture id,FLCass Florida,0,0,umol m^-2 s^-1,r,24.824,,jellyfish,,
moffatt2022,moffatt2022,figure 2a,pop,Symbiodinium ,microadriaticum,26,C,respiration,-0.994623656,umol O2 min^-1 cell^-1 x 10^9,o2,umol,cell x 10^9,min,0.040322581,SEM,4,M,lab,,,culture id,KB8 Hawaii,0,0,umol m^-2 s^-1,r,21.4628,,jellyfish,,
moffatt2022,moffatt2022,figure 2a,pop,Symbiodinium ,microadriaticum,30,C,respiration,-0.440860215,umol O2 min^-1 cell^-1 x 10^9,o2,umol,cell x 10^9,min,0.091397849,SEM,4,M,lab,,,culture id,KB8 Hawaii,0,0,umol m^-2 s^-1,r,21.4628,,jellyfish,,
moffatt2022,moffatt2022,figure 2a,pop,Symbiodinium ,microadriaticum,32,C,respiration,-0.516129032,umol O2 min^-1 cell^-1 x 10^9,o2,umol,cell x 10^9,min,0.018817204,SEM,4,M,lab,,,culture id,KB8 Hawaii,0,0,umol m^-2 s^-1,r,21.4628,,jellyfish,,
moffatt2022,moffatt2022,figure 2a,pop,Symbiodinium ,microadriaticum,26,C,respiration,-1.279569892,umol O2 min^-1 cell^-1 x 10^9,o2,umol,cell x 10^9,min,0.177419355,SEM,4,M,lab,,,culture id,RT362 Gulf of Aqaba,0,0,umol m^-2 s^-1,r,28.6929,,jellyfish,,
moffatt2022,moffatt2022,figure 2a,pop,Symbiodinium ,microadriaticum,30,C,respiration,-0.741935484,umol O2 min^-1 cell^-1 x 10^9,o2,umol,cell x 10^9,min,0.115591398,SEM,4,M,lab,,,culture id,RT362 Gulf of Aqaba,0,0,umol m^-2 s^-1,r,28.6929,,jellyfish,,
moffatt2022,moffatt2022,figure 2a,pop,Symbiodinium ,microadriaticum,32,C,respiration,-0.516129032,umol O2 min^-1 cell^-1 x 10^9,o2,umol,cell x 10^9,min,0.034946237,SEM,4,M,lab,,,culture id,RT362 Gulf of Aqaba,0,0,umol m^-2 s^-1,r,28.6929,,jellyfish,,
moffatt2022,moffatt2022,figure 2b,pop,Symbiodinium ,microadriaticum,26,C,gross photosynthesis,3.886962188,umol O2 min^-1 cell^-1 x 10^9,o2,umol,cell x 10^9,min,0.36585697,SEM,4,M,lab,,,culture id,CCMP2458,63,63,umol m^-2 s^-1,gpp,28.6929,,jellyfish,,
moffatt2022,moffatt2022,figure 2b,pop,Symbiodinium ,microadriaticum,30,C,gross photosynthesis,2.150234402,umol O2 min^-1 cell^-1 x 10^9,o2,umol,cell x 10^9,min,0.156795844,SEM,4,M,lab,,,culture id,CCMP2458,63,63,umol m^-2 s^-1,gpp,28.6929,,jellyfish,,
moffatt2022,moffatt2022,figure 2b,pop,Symbiodinium ,microadriaticum,32,C,gross photosynthesis,3.235723207,umol O2 min^-1 cell^-1 x 10^9,o2,umol,cell x 10^9,min,0.763073108,SEM,4,M,lab,,,culture id,CCMP2458,63,63,umol m^-2 s^-1,gpp,28.6929,,jellyfish,,
moffatt2022,moffatt2022,figure 2b,pop,Symbiodinium ,microadriaticum,26,C,gross photosynthesis,5.010679313,umol O2 min^-1 cell^-1 x 10^9,o2,umol,cell x 10^9,min,0.303138632,SEM,4,M,lab,,,culture id,CCMP2464,63,63,umol m^-2 s^-1,gpp,27.6648,,jellyfish,,
moffatt2022,moffatt2022,figure 2b,pop,Symbiodinium ,microadriaticum,30,C,gross photosynthesis,2.98121165,umol O2 min^-1 cell^-1 x 10^9,o2,umol,cell x 10^9,min,0.1672489,SEM,4,M,lab,,,culture id,CCMP2464,63,63,umol m^-2 s^-1,gpp,27.6648,,jellyfish,,
moffatt2022,moffatt2022,figure 2b,pop,Symbiodinium ,microadriaticum,32,C,gross photosynthesis,1.725324452,umol O2 min^-1 cell^-1 x 10^9,o2,umol,cell x 10^9,min,0.188155013,SEM,4,M,lab,,,culture id,CCMP2464,63,63,umol m^-2 s^-1,gpp,27.6648,,jellyfish,,
moffatt2022,moffatt2022,figure 2b,pop,Symbiodinium ,microadriaticum,26,C,gross photosynthesis,6.071623799,umol O2 min^-1 cell^-1 x 10^9,o2,umol,cell x 10^9,min,0.595851358,SEM,4,M,lab,,,culture id,FLCass Florida,63,63,umol m^-2 s^-1,gpp,24.824,,jellyfish,,
moffatt2022,moffatt2022,figure 2b,pop,Symbiodinium ,microadriaticum,30,C,gross photosynthesis,3.185059822,umol O2 min^-1 cell^-1 x 10^9,o2,umol,cell x 10^9,min,0.543558926,SEM,4,M,lab,,,culture id,FLCass Florida,63,63,umol m^-2 s^-1,gpp,24.824,,jellyfish,,
moffatt2022,moffatt2022,figure 2b,pop,Symbiodinium ,microadriaticum,32,C,gross photosynthesis,2.012742773,umol O2 min^-1 cell^-1 x 10^9,o2,umol,cell x 10^9,min,0.146342788,SEM,4,M,lab,,,culture id,FLCass Florida,63,63,umol m^-2 s^-1,gpp,24.824,,jellyfish,,
moffatt2022,moffatt2022,figure 2b,pop,Symbiodinium ,microadriaticum,26,C,gross photosynthesis,2.115209876,umol O2 min^-1 cell^-1 x 10^9,o2,umol,cell x 10^9,min,0.062718338,SEM,4,M,lab,,,culture id,KB8 Hawaii,63,63,umol m^-2 s^-1,gpp,21.4628,,jellyfish,,
moffatt2022,moffatt2022,figure 2b,pop,Symbiodinium ,microadriaticum,30,C,gross photosynthesis,1.883667891,umol O2 min^-1 cell^-1 x 10^9,o2,umol,cell x 10^9,min,0.250873351,SEM,4,M,lab,,,culture id,KB8 Hawaii,63,63,umol m^-2 s^-1,gpp,21.4628,,jellyfish,,
moffatt2022,moffatt2022,figure 2b,pop,Symbiodinium ,microadriaticum,32,C,gross photosynthesis,1.213097544,umol O2 min^-1 cell^-1 x 10^9,o2,umol,cell x 10^9,min,0.041812225,SEM,4,M,lab,,,culture id,KB8 Hawaii,63,63,umol m^-2 s^-1,gpp,21.4628,,jellyfish,,
moffatt2022,moffatt2022,figure 2b,pop,Symbiodinium ,microadriaticum,26,C,gross photosynthesis,4.367802777,umol O2 min^-1 cell^-1 x 10^9,o2,umol,cell x 10^9,min,0.522652814,SEM,4,M,lab,,,culture id,RT362 Gulf of Aqaba,63,63,umol m^-2 s^-1,gpp,28.6929,,jellyfish,,
moffatt2022,moffatt2022,figure 2b,pop,Symbiodinium ,microadriaticum,30,C,gross photosynthesis,3.132821692,umol O2 min^-1 cell^-1 x 10^9,o2,umol,cell x 10^9,min,0.209061125,SEM,4,M,lab,,,culture id,RT362 Gulf of Aqaba,63,63,umol m^-2 s^-1,gpp,28.6929,,jellyfish,,
moffatt2022,moffatt2022,figure 2b,pop,Symbiodinium ,microadriaticum,32,C,gross photosynthesis,2.420439119,umol O2 min^-1 cell^-1 x 10^9,o2,umol,cell x 10^9,min,0.250873351,SEM,4,M,lab,,,culture id,RT362 Gulf of Aqaba,63,63,umol m^-2 s^-1,gpp,28.6929,,jellyfish,,
moffatt2022,moffatt2022,figure 2c,pop,Symbiodinium ,microadriaticum,26,C,net photosynthesis,3.223684211,umol O2 min^-1 cell^-1 x 10^9,o2,umol,cell x 10^9,min,0.271381579,SEM,4,M,lab,,,culture id,CCMP2458,63,63,umol m^-2 s^-1,npp,28.6929,,jellyfish,,
moffatt2022,moffatt2022,figure 2c,pop,Symbiodinium ,microadriaticum,30,C,net photosynthesis,1.595394737,umol O2 min^-1 cell^-1 x 10^9,o2,umol,cell x 10^9,min,0.115131579,SEM,4,M,lab,,,culture id,CCMP2458,63,63,umol m^-2 s^-1,npp,28.6929,,jellyfish,,
moffatt2022,moffatt2022,figure 2c,pop,Symbiodinium ,microadriaticum,32,C,net photosynthesis,2.516447368,umol O2 min^-1 cell^-1 x 10^9,o2,umol,cell x 10^9,min,0.476973684,SEM,4,M,lab,,,culture id,CCMP2458,63,63,umol m^-2 s^-1,npp,28.6929,,jellyfish,,
moffatt2022,moffatt2022,figure 2c,pop,Symbiodinium ,microadriaticum,26,C,net photosynthesis,3.684210526,umol O2 min^-1 cell^-1 x 10^9,o2,umol,cell x 10^9,min,0.172697368,SEM,4,M,lab,,,culture id,CCMP2464,63,63,umol m^-2 s^-1,npp,27.6648,,jellyfish,,
moffatt2022,moffatt2022,figure 2c,pop,Symbiodinium ,microadriaticum,30,C,net photosynthesis,2.039473684,umol O2 min^-1 cell^-1 x 10^9,o2,umol,cell x 10^9,min,0.131578947,SEM,4,M,lab,,,culture id,CCMP2464,63,63,umol m^-2 s^-1,npp,27.6648,,jellyfish,,
moffatt2022,moffatt2022,figure 2c,pop,Symbiodinium ,microadriaticum,32,C,net photosynthesis,1.282894737,umol O2 min^-1 cell^-1 x 10^9,o2,umol,cell x 10^9,min,0.131578947,SEM,4,M,lab,,,culture id,CCMP2464,63,63,umol m^-2 s^-1,npp,27.6648,,jellyfish,,
moffatt2022,moffatt2022,figure 2c,pop,Symbiodinium ,microadriaticum,26,C,net photosynthesis,4.342105263,umol O2 min^-1 cell^-1 x 10^9,o2,umol,cell x 10^9,min,0.641447368,SEM,4,M,lab,,,culture id,FLCass Florida,63,63,umol m^-2 s^-1,npp,24.824,,jellyfish,,
moffatt2022,moffatt2022,figure 2c,pop,Symbiodinium ,microadriaticum,30,C,net photosynthesis,2.384868421,umol O2 min^-1 cell^-1 x 10^9,o2,umol,cell x 10^9,min,0.361842105,SEM,4,M,lab,,,culture id,FLCass Florida,63,63,umol m^-2 s^-1,npp,24.824,,jellyfish,,
moffatt2022,moffatt2022,figure 2c,pop,Symbiodinium ,microadriaticum,32,C,net photosynthesis,1.628289474,umol O2 min^-1 cell^-1 x 10^9,o2,umol,cell x 10^9,min,0.15625,SEM,4,M,lab,,,culture id,FLCass Florida,63,63,umol m^-2 s^-1,npp,24.824,,jellyfish,,
moffatt2022,moffatt2022,figure 2c,pop,Symbiodinium ,microadriaticum,26,C,net photosynthesis,1.151315789,umol O2 min^-1 cell^-1 x 10^9,o2,umol,cell x 10^9,min,0.065789474,SEM,4,M,lab,,,culture id,KB8 Hawaii,63,63,umol m^-2 s^-1,npp,21.4628,,jellyfish,,
moffatt2022,moffatt2022,figure 2c,pop,Symbiodinium ,microadriaticum,30,C,net photosynthesis,1.348684211,umol O2 min^-1 cell^-1 x 10^9,o2,umol,cell x 10^9,min,0.131578947,SEM,4,M,lab,,,culture id,KB8 Hawaii,63,63,umol m^-2 s^-1,npp,21.4628,,jellyfish,,
moffatt2022,moffatt2022,figure 2c,pop,Symbiodinium ,microadriaticum,32,C,net photosynthesis,0.657894737,umol O2 min^-1 cell^-1 x 10^9,o2,umol,cell x 10^9,min,0.032894737,SEM,4,M,lab,,,culture id,KB8 Hawaii,63,63,umol m^-2 s^-1,npp,21.4628,,jellyfish,,
moffatt2022,moffatt2022,figure 2c,pop,Symbiodinium ,microadriaticum,26,C,net photosynthesis,3.026315789,umol O2 min^-1 cell^-1 x 10^9,o2,umol,cell x 10^9,min,0.361842105,SEM,4,M,lab,,,culture id,RT362 Gulf of Aqaba,63,63,umol m^-2 s^-1,npp,28.6929,,jellyfish,,
moffatt2022,moffatt2022,figure 2c,pop,Symbiodinium ,microadriaticum,30,C,net photosynthesis,2.302631579,umol O2 min^-1 cell^-1 x 10^9,o2,umol,cell x 10^9,min,0.098684211,SEM,4,M,lab,,,culture id,RT362 Gulf of Aqaba,63,63,umol m^-2 s^-1,npp,28.6929,,jellyfish,,
moffatt2022,moffatt2022,figure 2c,pop,Symbiodinium ,microadriaticum,32,C,net photosynthesis,1.940789474,umol O2 min^-1 cell^-1 x 10^9,o2,umol,cell x 10^9,min,0.205592105,SEM,4,M,lab,,,culture id,RT362 Gulf of Aqaba,63,63,umol m^-2 s^-1,npp,28.6929,,jellyfish,,
gregoire2017,gregoire2017,figure 3,pop,unknown,unknown,20,C,photosynthesis,93.64309211,umol O2 mg chla^-1 hr^-1,o2,umol,mg chla,hr,4.375,SD,3,M,lab,,,genotype,A198,400,400,umol m^-2 s^-1,npp,21.4628,,jellyfish,unknown,unknown
gregoire2017,gregoire2017,figure 3,pop,unknown,unknown,20,C,respiration,-26.24342105,umol O2 mg chla^-1 hr^-1,o2,umol,mg chla,hr,6.5625,SD,3,M,lab,,,genotype,A198,0,0,umol m^-2 s^-1,r,21.4628,,jellyfish,unknown,unknown
gregoire2017,gregoire2017,figure 3,pop,unknown,unknown,27,C,photosynthesis,178.2302632,umol O2 mg chla^-1 hr^-1,o2,umol,mg chla,hr,0,SD,3,M,lab,,,genotype,A198,400,400,umol m^-2 s^-1,npp,21.4628,,jellyfish,unknown,unknown
gregoire2017,gregoire2017,figure 3,pop,unknown,unknown,27,C,respiration,-42.28125,umol O2 mg chla^-1 hr^-1,o2,umol,mg chla,hr,10.9375,SD,3,M,lab,,,genotype,A198,0,0,umol m^-2 s^-1,r,21.4628,,jellyfish,unknown,unknown
gregoire2017,gregoire2017,figure 3,pop,unknown,unknown,30,C,photosynthesis,39.70394737,umol O2 mg chla^-1 hr^-1,o2,umol,mg chla,hr,26.25,SD,3,M,lab,,,genotype,A198,400,400,umol m^-2 s^-1,npp,21.4628,,jellyfish,unknown,unknown
gregoire2017,gregoire2017,figure 3,pop,unknown,unknown,30,C,respiration,-47.38157895,umol O2 mg chla^-1 hr^-1,o2,umol,mg chla,hr,8.75,SD,3,M,lab,,,genotype,A198,0,0,umol m^-2 s^-1,r,21.4628,,jellyfish,unknown,unknown
gregoire2017,gregoire2017,figure 3,pop,unknown,unknown,33,C,respiration,-19.65789474,umol O2 mg chla^-1 hr^-1,o2,umol,mg chla,hr,8.75,SD,3,M,lab,,,genotype,A198,0,0,umol m^-2 s^-1,r,21.4628,,jellyfish,unknown,unknown
gregoire2017,gregoire2017,figure 3,pop,Symbiodinium ,minutum,20,C,photosynthesis,155.4111842,umol O2 mg chla^-1 hr^-1,o2,umol,mg chla,hr,30.625,SD,3,M,lab,,,genotype,B184,400,400,umol m^-2 s^-1,npp,24.691402,,hermatypic coral,7.5,8-May
gregoire2017,gregoire2017,figure 3,pop,Symbiodinium ,minutum,20,C,respiration,-102.2878289,umol O2 mg chla^-1 hr^-1,o2,umol,mg chla,hr,24.0625,SD,3,M,lab,,,genotype,B184,0,0,umol m^-2 s^-1,r,24.691402,,hermatypic coral,7.5,8-May
gregoire2017,gregoire2017,figure 3,pop,Symbiodinium ,minutum,27,C,photosynthesis,205.0444079,umol O2 mg chla^-1 hr^-1,o2,umol,mg chla,hr,37.1875,SD,3,M,lab,,,genotype,B184,400,400,umol m^-2 s^-1,npp,24.691402,,hermatypic coral,7.5,8-May
gregoire2017,gregoire2017,figure 3,pop,Symbiodinium ,minutum,27,C,respiration,-59.21710526,umol O2 mg chla^-1 hr^-1,o2,umol,mg chla,hr,13.125,SD,3,M,lab,,,genotype,B184,0,0,umol m^-2 s^-1,r,24.691402,,hermatypic coral,7.5,8-May
gregoire2017,gregoire2017,figure 3,pop,Symbiodinium ,minutum,30,C,photosynthesis,151.8651316,umol O2 mg chla^-1 hr^-1,o2,umol,mg chla,hr,10.9375,SD,3,M,lab,,,genotype,B184,400,400,umol m^-2 s^-1,npp,24.691402,,hermatypic coral,7.5,8-May
gregoire2017,gregoire2017,figure 3,pop,Symbiodinium ,minutum,30,C,respiration,-44.59539474,umol O2 mg chla^-1 hr^-1,o2,umol,mg chla,hr,8.75,SD,3,M,lab,,,genotype,B184,0,0,umol m^-2 s^-1,r,24.691402,,hermatypic coral,7.5,8-May
gregoire2017,gregoire2017,figure 3,pop,Symbiodinium ,minutum,33,C,respiration,-86.82565789,umol O2 mg chla^-1 hr^-1,o2,umol,mg chla,hr,21.875,SD,3,M,lab,,,genotype,B184,0,0,umol m^-2 s^-1,r,24.691402,,hermatypic coral,7.5,8-May
gregoire2017,gregoire2017,figure 3,pop,Symbiodinium ,psygmophilum,20,C,photosynthesis,137.9712873,umol O2 mg chla^-1 hr^-1,o2,umol,mg chla,hr,4.47284345,SD,3,M,lab,,,genotype,B224,400,400,umol m^-2 s^-1,npp,24.691402,,hermatypic coral,7.5,8-May
gregoire2017,gregoire2017,figure 3,pop,Symbiodinium ,psygmophilum,20,C,respiration,-18.37019425,umol O2 mg chla^-1 hr^-1,o2,umol,mg chla,hr,6.709265176,SD,3,M,lab,,,genotype,B224,0,0,umol m^-2 s^-1,r,24.691402,,hermatypic coral,7.5,8-May
gregoire2017,gregoire2017,figure 3,pop,Symbiodinium ,psygmophilum,27,C,photosynthesis,270.6598641,umol O2 mg chla^-1 hr^-1,o2,umol,mg chla,hr,24.60063898,SD,3,M,lab,,,genotype,B224,400,400,umol m^-2 s^-1,npp,24.691402,,hermatypic coral,7.5,8-May
gregoire2017,gregoire2017,figure 3,pop,Symbiodinium ,psygmophilum,27,C,respiration,-51.17682509,umol O2 mg chla^-1 hr^-1,o2,umol,mg chla,hr,11.18210863,SD,3,M,lab,,,genotype,B224,0,0,umol m^-2 s^-1,r,24.691402,,hermatypic coral,7.5,8-May
gregoire2017,gregoire2017,figure 3,pop,Symbiodinium ,psygmophilum,30,C,photosynthesis,121.5650824,umol O2 mg chla^-1 hr^-1,o2,umol,mg chla,hr,17.8913738,SD,3,M,lab,,,genotype,B224,400,400,umol m^-2 s^-1,npp,24.691402,,hermatypic coral,7.5,8-May
gregoire2017,gregoire2017,figure 3,pop,Symbiodinium ,psygmophilum,30,C,respiration,-19.11566816,umol O2 mg chla^-1 hr^-1,o2,umol,mg chla,hr,6.709265176,SD,3,M,lab,,,genotype,B224,0,0,umol m^-2 s^-1,r,24.691402,,hermatypic coral,7.5,8-May
gregoire2017,gregoire2017,figure 3,pop,Symbiodinium ,psygmophilum,33,C,photosynthesis,50.7335034,umol O2 mg chla^-1 hr^-1,o2,umol,mg chla,hr,8.945686901,SD,3,M,lab,,,genotype,B224,400,400,umol m^-2 s^-1,npp,24.691402,,hermatypic coral,7.5,8-May
gregoire2017,gregoire2017,figure 3,pop,Symbiodinium ,psygmophilum,33,C,respiration,-29.55808175,umol O2 mg chla^-1 hr^-1,o2,umol,mg chla,hr,8.945686901,SD,3,M,lab,,,genotype,B224,0,0,umol m^-2 s^-1,r,24.691402,,hermatypic coral,7.5,8-May
gregoire2017,gregoire2017,figure 3,pop,unknown,unknown,20,C,photosynthesis,47.60713608,umol O2 mg chla^-1 hr^-1,o2,umol,mg chla,hr,4.47284345,SD,3,M,lab,,,genotype,C170,400,400,umol m^-2 s^-1,npp,7.515,,bivalve,unknown,unknown
gregoire2017,gregoire2017,figure 3,pop,unknown,unknown,20,C,respiration,-10.32601068,umol O2 mg chla^-1 hr^-1,o2,umol,mg chla,hr,4.47284345,SD,3,M,lab,,,genotype,C170,0,0,umol m^-2 s^-1,r,7.515,,bivalve,unknown,unknown
gregoire2017,gregoire2017,figure 3,pop,unknown,unknown,27,C,photosynthesis,104.268932,umol O2 mg chla^-1 hr^-1,o2,umol,mg chla,hr,11.18210863,SD,3,M,lab,,,genotype,C170,400,400,umol m^-2 s^-1,npp,7.515,,bivalve,unknown,unknown
gregoire2017,gregoire2017,figure 3,pop,unknown,unknown,27,C,respiration,-14.05338022,umol O2 mg chla^-1 hr^-1,o2,umol,mg chla,hr,13.41853035,SD,3,M,lab,,,genotype,C170,0,0,umol m^-2 s^-1,r,7.515,,bivalve,unknown,unknown
gregoire2017,gregoire2017,figure 3,pop,unknown,unknown,30,C,photosynthesis,98.30514072,umol O2 mg chla^-1 hr^-1,o2,umol,mg chla,hr,13.41853035,SD,3,M,lab,,,genotype,C170,400,400,umol m^-2 s^-1,npp,7.515,,bivalve,unknown,unknown
gregoire2017,gregoire2017,figure 3,pop,unknown,unknown,30,C,respiration,-13.29634858,umol O2 mg chla^-1 hr^-1,o2,umol,mg chla,hr,13.41853035,SD,3,M,lab,,,genotype,C170,0,0,umol m^-2 s^-1,r,7.515,,bivalve,unknown,unknown
gregoire2017,gregoire2017,figure 3,pop,unknown,unknown,33,C,photosynthesis,85.64364201,umol O2 mg chla^-1 hr^-1,o2,umol,mg chla,hr,8.945686901,SD,3,M,lab,,,genotype,C170,400,400,umol m^-2 s^-1,npp,7.515,,bivalve,unknown,unknown
gregoire2017,gregoire2017,figure 3,pop,unknown,unknown,33,C,respiration,-14.7872964,umol O2 mg chla^-1 hr^-1,o2,umol,mg chla,hr,11.18210863,SD,3,M,lab,,,genotype,C170,0,0,umol m^-2 s^-1,r,7.515,,bivalve,unknown,unknown
gregoire2017,gregoire2017,figure 3,pop,Symbiodinium ,trenchii,20,C,photosynthesis,266.6666667,umol O2 mg chla^-1 hr^-1,o2,umol,mg chla,hr,23.10231023,SD,3,M,lab,,,genotype,D206,400,400,umol m^-2 s^-1,npp,24.691402,,hermatypic coral,7.5,8-May
gregoire2017,gregoire2017,figure 3,pop,Symbiodinium ,trenchii,20,C,respiration,-56.76567657,umol O2 mg chla^-1 hr^-1,o2,umol,mg chla,hr,11.55115512,SD,3,M,lab,,,genotype,D206,0,0,umol m^-2 s^-1,r,24.691402,,hermatypic coral,7.5,8-May
gregoire2017,gregoire2017,figure 3,pop,Symbiodinium ,trenchii,27,C,photosynthesis,340.5940594,umol O2 mg chla^-1 hr^-1,o2,umol,mg chla,hr,43.89438944,SD,3,M,lab,,,genotype,D206,400,400,umol m^-2 s^-1,npp,24.691402,,hermatypic coral,7.5,8-May
gregoire2017,gregoire2017,figure 3,pop,Symbiodinium ,trenchii,27,C,respiration,-70.62706271,umol O2 mg chla^-1 hr^-1,o2,umol,mg chla,hr,13.86138614,SD,3,M,lab,,,genotype,D206,0,0,umol m^-2 s^-1,r,24.691402,,hermatypic coral,7.5,8-May
gregoire2017,gregoire2017,figure 3,pop,Symbiodinium ,trenchii,30,C,photosynthesis,382.1782178,umol O2 mg chla^-1 hr^-1,o2,umol,mg chla,hr,13.86138614,SD,3,M,lab,,,genotype,D206,400,400,umol m^-2 s^-1,npp,24.691402,,hermatypic coral,7.5,8-May
gregoire2017,gregoire2017,figure 3,pop,Symbiodinium ,trenchii,30,C,respiration,-89.10891089,umol O2 mg chla^-1 hr^-1,o2,umol,mg chla,hr,11.55115512,SD,3,M,lab,,,genotype,D206,0,0,umol m^-2 s^-1,r,24.691402,,hermatypic coral,7.5,8-May
gregoire2017,gregoire2017,figure 3,pop,Symbiodinium ,trenchii,33,C,photosynthesis,340.5940594,umol O2 mg chla^-1 hr^-1,o2,umol,mg chla,hr,46.20462046,SD,3,M,lab,,,genotype,D206,400,400,umol m^-2 s^-1,npp,24.691402,,hermatypic coral,7.5,8-May
gregoire2017,gregoire2017,figure 3,pop,Symbiodinium ,trenchii,33,C,respiration,-139.9339934,umol O2 mg chla^-1 hr^-1,o2,umol,mg chla,hr,23.10231023,SD,3,M,lab,,,genotype,D206,0,0,umol m^-2 s^-1,r,24.691402,,hermatypic coral,7.5,8-May
gregoire2017,gregoire2017,figure 3,pop,unknown,unknown,20,C,photosynthesis,86.46864686,umol O2 mg chla^-1 hr^-1,o2,umol,mg chla,hr,11.55115512,SD,3,M,lab,,,genotype,F178,400,400,umol m^-2 s^-1,npp,9.2389,,octocoral,4,5-Mar
gregoire2017,gregoire2017,figure 3,pop,unknown,unknown,20,C,respiration,-19.8019802,umol O2 mg chla^-1 hr^-1,o2,umol,mg chla,hr,4.620462046,SD,3,M,lab,,,genotype,F178,0,0,umol m^-2 s^-1,r,9.2389,,octocoral,4,5-Mar
gregoire2017,gregoire2017,figure 3,pop,unknown,unknown,27,C,photosynthesis,294.3894389,umol O2 mg chla^-1 hr^-1,o2,umol,mg chla,hr,55.44554455,SD,3,M,lab,,,genotype,F178,400,400,umol m^-2 s^-1,npp,9.2389,,octocoral,4,5-Mar
gregoire2017,gregoire2017,figure 3,pop,unknown,unknown,27,C,respiration,-75.24752475,umol O2 mg chla^-1 hr^-1,o2,umol,mg chla,hr,18.48184818,SD,3,M,lab,,,genotype,F178,0,0,umol m^-2 s^-1,r,9.2389,,octocoral,4,5-Mar
gregoire2017,gregoire2017,figure 3,pop,unknown,unknown,30,C,photosynthesis,248.1848185,umol O2 mg chla^-1 hr^-1,o2,umol,mg chla,hr,,,2,M,lab,,,genotype,F178,400,400,umol m^-2 s^-1,npp,9.2389,,octocoral,4,5-Mar
gregoire2017,gregoire2017,figure 3,pop,unknown,unknown,30,C,respiration,-40.59405941,umol O2 mg chla^-1 hr^-1,o2,umol,mg chla,hr,,,2,M,lab,,,genotype,F178,0,0,umol m^-2 s^-1,r,9.2389,,octocoral,4,5-Mar
gregoire2017,gregoire2017,figure 3,pop,unknown,unknown,33,C,photosynthesis,118.8118812,umol O2 mg chla^-1 hr^-1,o2,umol,mg chla,hr,,,2,M,lab,,,genotype,F178,400,400,umol m^-2 s^-1,npp,9.2389,,octocoral,4,5-Mar
gregoire2017,gregoire2017,figure 3,pop,unknown,unknown,33,C,respiration,-38.28382838,umol O2 mg chla^-1 hr^-1,o2,umol,mg chla,hr,,,2,M,lab,,,genotype,F178,0,0,umol m^-2 s^-1,r,9.2389,,octocoral,4,5-Mar
oakley2014,oakley2014,figure 2a,pop,Symbiodinium ,minutum,22,C,net photosynthesis,11.79337232,nmol O2 10^6 cells^-1 min^-1 mm^-3,o2,nmol,cell x10^6,min,0.730994152,SEM,3,M,lab,,,genotype,Pk704,200,200,umol m^-2 s^-1,npp,,,anemone,,
oakley2014,oakley2014,figure 2a,pop,Symbiodinium ,minutum,26,C,net photosynthesis,13.54775828,nmol O2 10^6 cells^-1 min^-1 mm^-3,o2,nmol,cell x10^6,min,1.803118908,SEM,3,M,lab,,,genotype,Pk704,200,200,umol m^-2 s^-1,npp,,,anemone,,
oakley2014,oakley2014,figure 2a,pop,Symbiodinium ,minutum,30,C,net photosynthesis,16.76413255,nmol O2 10^6 cells^-1 min^-1 mm^-3,o2,nmol,cell x10^6,min,1.778752437,SEM,3,M,lab,,,genotype,Pk704,200,200,umol m^-2 s^-1,npp,,,anemone,,
oakley2014,oakley2014,figure 2a,pop,Symbiodinium ,minutum,34,C,net photosynthesis,15.88693957,nmol O2 10^6 cells^-1 min^-1 mm^-3,o2,nmol,cell x10^6,min,0.779727096,SEM,3,M,lab,,,genotype,Pk704,200,200,umol m^-2 s^-1,npp,,,anemone,,
oakley2014,oakley2014,figure 2a,pop,Symbiodinium ,trenchii,22,C,net photosynthesis,5.750487329,nmol O2 10^6 cells^-1 min^-1 mm^-3,o2,nmol,cell x10^6,min,0.219298246,SEM,3,M,lab,,,genotype,A001,200,200,umol m^-2 s^-1,npp,,,anemone,,
oakley2014,oakley2014,figure 2a,pop,Symbiodinium ,trenchii,26,C,net photosynthesis,4.385964912,nmol O2 10^6 cells^-1 min^-1 mm^-3,o2,nmol,cell x10^6,min,0.584795322,SEM,3,M,lab,,,genotype,A001,200,200,umol m^-2 s^-1,npp,,,anemone,,
oakley2014,oakley2014,figure 2a,pop,Symbiodinium ,trenchii,30,C,net photosynthesis,4.970760234,nmol O2 10^6 cells^-1 min^-1 mm^-3,o2,nmol,cell x10^6,min,0.389863548,SEM,3,M,lab,,,genotype,A001,200,200,umol m^-2 s^-1,npp,,,anemone,,
oakley2014,oakley2014,figure 2a,pop,Symbiodinium ,trenchii,34,C,net photosynthesis,5.701754386,nmol O2 10^6 cells^-1 min^-1 mm^-3,o2,nmol,cell x10^6,min,1.632553606,SEM,3,M,lab,,,genotype,A001,200,200,umol m^-2 s^-1,npp,,,anemone,,
oakley2014,oakley2014,figure 2a,pop,Symbiodinium ,unknown,22,C,net photosynthesis,5.653021442,nmol O2 10^6 cells^-1 min^-1 mm^-3,o2,nmol,cell x10^6,min,0.682261209,SEM,3,M,lab,,,genotype,Mf11.4,200,200,umol m^-2 s^-1,npp,,,hermatypic coral,,
oakley2014,oakley2014,figure 2a,pop,Symbiodinium ,unknown,26,C,net photosynthesis,4.77582846,nmol O2 10^6 cells^-1 min^-1 mm^-3,o2,nmol,cell x10^6,min,0.925925926,SEM,3,M,lab,,,genotype,Mf11.4,200,200,umol m^-2 s^-1,npp,,,hermatypic coral,,
oakley2014,oakley2014,figure 2a,pop,Symbiodinium ,unknown,30,C,net photosynthesis,4.191033138,nmol O2 10^6 cells^-1 min^-1 mm^-3,o2,nmol,cell x10^6,min,0.56042885,SEM,3,M,lab,,,genotype,Mf11.4,200,200,umol m^-2 s^-1,npp,,,hermatypic coral,,
oakley2014,oakley2014,figure 2a,pop,Symbiodinium ,unknown,34,C,net photosynthesis,4.093567251,nmol O2 10^6 cells^-1 min^-1 mm^-3,o2,nmol,cell x10^6,min,0.779727096,SEM,3,M,lab,,,genotype,Mf11.4,200,200,umol m^-2 s^-1,npp,,,hermatypic coral,,
oakley2014,oakley2014,figure 2a,pop,Symbiodinium ,minutum,22,C,net photosynthesis,7.212475634,nmol O2 10^6 cells^-1 min^-1 mm^-3,o2,nmol,cell x10^6,min,0.536062378,SEM,3,M,lab,,,genotype,RT74,200,200,umol m^-2 s^-1,npp,,,anemone,,
oakley2014,oakley2014,figure 2a,pop,Symbiodinium ,minutum,26,C,net photosynthesis,7.115009747,nmol O2 10^6 cells^-1 min^-1 mm^-3,o2,nmol,cell x10^6,min,0.901559454,SEM,3,M,lab,,,genotype,RT74,200,200,umol m^-2 s^-1,npp,,,anemone,,
oakley2014,oakley2014,figure 2a,pop,Symbiodinium ,minutum,30,C,net photosynthesis,6.04288499,nmol O2 10^6 cells^-1 min^-1 mm^-3,o2,nmol,cell x10^6,min,1.047758285,SEM,3,M,lab,,,genotype,RT74,200,200,umol m^-2 s^-1,npp,,,anemone,,
oakley2014,oakley2014,figure 2a,pop,Symbiodinium ,minutum,34,C,net photosynthesis,5.165692008,nmol O2 10^6 cells^-1 min^-1 mm^-3,o2,nmol,cell x10^6,min,0.609161793,SEM,3,M,lab,,,genotype,RT74,200,200,umol m^-2 s^-1,npp,,,anemone,,
oakley2014,oakley2014,figure 2b,pop,Symbiodinium ,minutum,22,C,respiration,3.875243665,nmol O2 10^6 cells^-1 min^-1 mm^-3,o2,nmol,cell x10^6,min,0.573099415,SEM,3,M,lab,,,genotype,Pk704,0,0,umol m^-2 s^-1,r,,,anemone,,
oakley2014,oakley2014,figure 2b,pop,Symbiodinium ,minutum,26,C,respiration,4.202729045,nmol O2 10^6 cells^-1 min^-1 mm^-3,o2,nmol,cell x10^6,min,0.682261209,SEM,3,M,lab,,,genotype,Pk704,0,0,umol m^-2 s^-1,r,,,anemone,,
oakley2014,oakley2014,figure 2b,pop,Symbiodinium ,minutum,30,C,respiration,4.830409357,nmol O2 10^6 cells^-1 min^-1 mm^-3,o2,nmol,cell x10^6,min,0.770955166,SEM,3,M,lab,,,genotype,Pk704,0,0,umol m^-2 s^-1,r,,,anemone,,
oakley2014,oakley2014,figure 2b,pop,Symbiodinium ,minutum,34,C,respiration,5.785575049,nmol O2 10^6 cells^-1 min^-1 mm^-3,o2,nmol,cell x10^6,min,0.279727096,SEM,3,M,lab,,,genotype,Pk704,0,0,umol m^-2 s^-1,r,,,anemone,,
oakley2014,oakley2014,figure 2b,pop,Symbiodinium ,trenchii,22,C,respiration,1.637426901,nmol O2 10^6 cells^-1 min^-1 mm^-3,o2,nmol,cell x10^6,min,0.225146199,SEM,3,M,lab,,,genotype,A001,0,0,umol m^-2 s^-1,r,,,anemone,,
oakley2014,oakley2014,figure 2b,pop,Symbiodinium ,trenchii,26,C,respiration,2.074074074,nmol O2 10^6 cells^-1 min^-1 mm^-3,o2,nmol,cell x10^6,min,0.16374269,SEM,3,M,lab,,,genotype,A001,0,0,umol m^-2 s^-1,r,,,anemone,,
oakley2014,oakley2014,figure 2b,pop,Symbiodinium ,trenchii,30,C,respiration,2.688109162,nmol O2 10^6 cells^-1 min^-1 mm^-3,o2,nmol,cell x10^6,min,0.29337232,SEM,3,M,lab,,,genotype,A001,0,0,umol m^-2 s^-1,r,,,anemone,,
oakley2014,oakley2014,figure 2b,pop,Symbiodinium ,trenchii,34,C,respiration,3.902534113,nmol O2 10^6 cells^-1 min^-1 mm^-3,o2,nmol,cell x10^6,min,0.470760234,SEM,3,M,lab,,,genotype,A001,0,0,umol m^-2 s^-1,r,,,anemone,,
oakley2014,oakley2014,figure 2b,pop,Symbiodinium ,unknown,22,C,respiration,1.173489279,nmol O2 10^6 cells^-1 min^-1 mm^-3,o2,nmol,cell x10^6,min,0.054580897,SEM,3,M,lab,,,genotype,Mf11.4,0,0,umol m^-2 s^-1,r,,,hermatypic coral,,
oakley2014,oakley2014,figure 2b,pop,Symbiodinium ,unknown,26,C,respiration,1.719298246,nmol O2 10^6 cells^-1 min^-1 mm^-3,o2,nmol,cell x10^6,min,0.341130604,SEM,3,M,lab,,,genotype,Mf11.4,0,0,umol m^-2 s^-1,r,,,hermatypic coral,,
oakley2014,oakley2014,figure 2b,pop,Symbiodinium ,unknown,30,C,respiration,2.237816764,nmol O2 10^6 cells^-1 min^-1 mm^-3,o2,nmol,cell x10^6,min,0.307017544,SEM,3,M,lab,,,genotype,Mf11.4,0,0,umol m^-2 s^-1,r,,,hermatypic coral,,
oakley2014,oakley2014,figure 2b,pop,Symbiodinium ,unknown,34,C,respiration,3.452241715,nmol O2 10^6 cells^-1 min^-1 mm^-3,o2,nmol,cell x10^6,min,1.009746589,SEM,3,M,lab,,,genotype,Mf11.4,0,0,umol m^-2 s^-1,r,,,hermatypic coral,,
oakley2014,oakley2014,figure 2b,pop,Symbiodinium ,minutum,22,C,respiration,2.701754386,nmol O2 10^6 cells^-1 min^-1 mm^-3,o2,nmol,cell x10^6,min,0.081871345,SEM,3,M,lab,,,genotype,RT74,0,0,umol m^-2 s^-1,r,,,anemone,,
oakley2014,oakley2014,figure 2b,pop,Symbiodinium ,minutum,26,C,respiration,2.988304094,nmol O2 10^6 cells^-1 min^-1 mm^-3,o2,nmol,cell x10^6,min,0.354775828,SEM,3,M,lab,,,genotype,RT74,0,0,umol m^-2 s^-1,r,,,anemone,,
oakley2014,oakley2014,figure 2b,pop,Symbiodinium ,minutum,30,C,respiration,2.55165692,nmol O2 10^6 cells^-1 min^-1 mm^-3,o2,nmol,cell x10^6,min,0.368421053,SEM,3,M,lab,,,genotype,RT74,0,0,umol m^-2 s^-1,r,,,anemone,,
oakley2014,oakley2014,figure 2b,pop,Symbiodinium ,minutum,34,C,respiration,3.520467836,nmol O2 10^6 cells^-1 min^-1 mm^-3,o2,nmol,cell x10^6,min,0.559454191,SEM,3,M,lab,,,genotype,RT74,0,0,umol m^-2 s^-1,r,,,anemone,,
oakley2014,oakley2014,figure 2c,pop,Symbiodinium ,minutum,22,C,gross photosynthesis,16.42300195,nmol O2 10^6 cells^-1 min^-1 mm^-3,o2,nmol,cell x10^6,min,1.608187135,SEM,3,M,lab,,,genotype,Pk704,200,200,umol m^-2 s^-1,gpp,,,anemone,,
oakley2014,oakley2014,figure 2c,pop,Symbiodinium ,minutum,26,C,gross photosynthesis,17.78752437,nmol O2 10^6 cells^-1 min^-1 mm^-3,o2,nmol,cell x10^6,min,2.363547758,SEM,3,M,lab,,,genotype,Pk704,200,200,umol m^-2 s^-1,gpp,,,anemone,,
oakley2014,oakley2014,figure 2c,pop,Symbiodinium ,minutum,30,C,gross photosynthesis,21.68615984,nmol O2 10^6 cells^-1 min^-1 mm^-3,o2,nmol,cell x10^6,min,2.071150097,SEM,3,M,lab,,,genotype,Pk704,200,200,umol m^-2 s^-1,gpp,,,anemone,,
oakley2014,oakley2014,figure 2c,pop,Symbiodinium ,minutum,34,C,gross photosynthesis,21.83235867,nmol O2 10^6 cells^-1 min^-1 mm^-3,o2,nmol,cell x10^6,min,0.999025341,SEM,3,M,lab,,,genotype,Pk704,200,200,umol m^-2 s^-1,gpp,,,anemone,,
oakley2014,oakley2014,figure 2c,pop,Symbiodinium ,trenchii,22,C,gross photosynthesis,7.358674464,nmol O2 10^6 cells^-1 min^-1 mm^-3,o2,nmol,cell x10^6,min,0.487329435,SEM,3,M,lab,,,genotype,A001,200,200,umol m^-2 s^-1,gpp,,,anemone,,
oakley2014,oakley2014,figure 2c,pop,Symbiodinium ,trenchii,26,C,gross photosynthesis,6.481481481,nmol O2 10^6 cells^-1 min^-1 mm^-3,o2,nmol,cell x10^6,min,0.755360624,SEM,3,M,lab,,,genotype,A001,200,200,umol m^-2 s^-1,gpp,,,anemone,,
oakley2014,oakley2014,figure 2c,pop,Symbiodinium ,trenchii,30,C,gross photosynthesis,7.651072125,nmol O2 10^6 cells^-1 min^-1 mm^-3,o2,nmol,cell x10^6,min,0.584795322,SEM,3,M,lab,,,genotype,A001,200,200,umol m^-2 s^-1,gpp,,,anemone,,
oakley2014,oakley2014,figure 2c,pop,Symbiodinium ,trenchii,34,C,gross photosynthesis,9.600389864,nmol O2 10^6 cells^-1 min^-1 mm^-3,o2,nmol,cell x10^6,min,1.973684211,SEM,3,M,lab,,,genotype,A001,200,200,umol m^-2 s^-1,gpp,,,anemone,,
oakley2014,oakley2014,figure 2c,pop,Symbiodinium ,unknown,22,C,gross photosynthesis,7.456140351,nmol O2 10^6 cells^-1 min^-1 mm^-3,o2,nmol,cell x10^6,min,0.804093567,SEM,3,M,lab,,,genotype,Mf11.4,200,200,umol m^-2 s^-1,gpp,,,hermatypic coral,,
oakley2014,oakley2014,figure 2c,pop,Symbiodinium ,unknown,26,C,gross photosynthesis,6.091617934,nmol O2 10^6 cells^-1 min^-1 mm^-3,o2,nmol,cell x10^6,min,1.340155945,SEM,3,M,lab,,,genotype,Mf11.4,200,200,umol m^-2 s^-1,gpp,,,hermatypic coral,,
oakley2014,oakley2014,figure 2c,pop,Symbiodinium ,unknown,30,C,gross photosynthesis,6.335282651,nmol O2 10^6 cells^-1 min^-1 mm^-3,o2,nmol,cell x10^6,min,0.779727096,SEM,3,M,lab,,,genotype,Mf11.4,200,200,umol m^-2 s^-1,gpp,,,hermatypic coral,,
oakley2014,oakley2014,figure 2c,pop,Symbiodinium ,unknown,34,C,gross photosynthesis,10.47758285,nmol O2 10^6 cells^-1 min^-1 mm^-3,o2,nmol,cell x10^6,min,3.728070175,SEM,3,M,lab,,,genotype,Mf11.4,200,200,umol m^-2 s^-1,gpp,,,hermatypic coral,,
oakley2014,oakley2014,figure 2c,pop,Symbiodinium ,minutum,22,C,gross photosynthesis,10.4288499,nmol O2 10^6 cells^-1 min^-1 mm^-3,o2,nmol,cell x10^6,min,0.730994152,SEM,3,M,lab,,,genotype,RT74,200,200,umol m^-2 s^-1,gpp,,,anemone,,
oakley2014,oakley2014,figure 2c,pop,Symbiodinium ,minutum,26,C,gross photosynthesis,10.33138402,nmol O2 10^6 cells^-1 min^-1 mm^-3,o2,nmol,cell x10^6,min,1.169590643,SEM,3,M,lab,,,genotype,RT74,200,200,umol m^-2 s^-1,gpp,,,anemone,,
oakley2014,oakley2014,figure 2c,pop,Symbiodinium ,minutum,30,C,gross photosynthesis,7.894736842,nmol O2 10^6 cells^-1 min^-1 mm^-3,o2,nmol,cell x10^6,min,1.047758285,SEM,3,M,lab,,,genotype,RT74,200,200,umol m^-2 s^-1,gpp,,,anemone,,
oakley2014,oakley2014,figure 2c,pop,Symbiodinium ,minutum,34,C,gross photosynthesis,8.43079922,nmol O2 10^6 cells^-1 min^-1 mm^-3,o2,nmol,cell x10^6,min,1.535087719,SEM,3,M,lab,,,genotype,RT74,200,200,umol m^-2 s^-1,gpp,,,anemone,,
iglesios-prieto1992,iglesios-prieto1992,figure 1a,pop,Symbiodinium ,microadriaticum,20,C,net photosynthesis,3.411579681,umol O2 min^-1 10^9 cells^-1,o2,umol,cell x10^9,min,0.334134669,SEM,3,M,lab,,,,,500,500,umol m^-2 s^-1,npp,,,jellyfish,,
iglesios-prieto1992,iglesios-prieto1992,figure 1a,pop,Symbiodinium ,microadriaticum,25,C,net photosynthesis,5.528005572,umol O2 min^-1 10^9 cells^-1,o2,umol,cell x10^9,min,0.227819093,SEM,3,M,lab,,,,,500,500,umol m^-2 s^-1,npp,,,jellyfish,,
iglesios-prieto1992,iglesios-prieto1992,figure 1a,pop,Symbiodinium ,microadriaticum,30,C,net photosynthesis,5.122874025,umol O2 min^-1 10^9 cells^-1,o2,umol,cell x10^9,min,0.394886427,SEM,3,M,lab,,,,,500,500,umol m^-2 s^-1,npp,,,jellyfish,,
iglesios-prieto1992,iglesios-prieto1992,figure 1a,pop,Symbiodinium ,microadriaticum,35,C,net photosynthesis,-0.902334359,umol O2 min^-1 10^9 cells^-1,o2,umol,cell x10^9,min,0.075939698,SEM,3,M,lab,,,,,500,500,umol m^-2 s^-1,npp,,,jellyfish,,
iglesios-prieto1992,iglesios-prieto1992,figure 1b,pop,Symbiodinium ,microadriaticum,20,C,respiration,0.816020137,umol O2 min^-1 10^9 cells^-1,o2,umol,cell x10^9,min,0.090213505,SEM,3,M,lab,,,,,0,0,umol m^-2 s^-1,r,,,jellyfish,,
iglesios-prieto1992,iglesios-prieto1992,figure 1b,pop,Symbiodinium ,microadriaticum,25,C,respiration,1.768362903,umol O2 min^-1 10^9 cells^-1,o2,umol,cell x10^9,min,0.075177921,SEM,3,M,lab,,,,,0,0,umol m^-2 s^-1,r,,,jellyfish,,
iglesios-prieto1992,iglesios-prieto1992,figure 1b,pop,Symbiodinium ,microadriaticum,30,C,respiration,1.036363839,umol O2 min^-1 10^9 cells^-1,o2,umol,cell x10^9,min,0.090213505,SEM,3,M,lab,,,,,0,0,umol m^-2 s^-1,r,,,jellyfish,,
iglesios-prieto1992,iglesios-prieto1992,figure 1b,pop,Symbiodinium ,microadriaticum,35,C,respiration,1.537817279,umol O2 min^-1 10^9 cells^-1,o2,umol,cell x10^9,min,0.120284674,SEM,3,M,lab,,,,,0,0,umol m^-2 s^-1,r,,,jellyfish,,
leggat2004,leggat2004,figure 2,pop,Symbiodinium,sp.,28,C,net photosynthesis,0.398529028,umol O2 hr^-1 cell^-1 x 10^6,o2,umol,cell x10^6,hr,0.022961765,SD,2,M,lab,,,population,2,200,200,umol m^-2 s^-1,npp,-18.37,,bivalve,,
leggat2004,leggat2004,figure 2,pop,Symbiodinium,sp.,29,C,net photosynthesis,0.523718116,umol O2 hr^-1 cell^-1 x 10^6,o2,umol,cell x10^6,hr,0.022221063,SD,2,M,lab,,,population,2,200,200,umol m^-2 s^-1,npp,-18.37,,bivalve,,
leggat2004,leggat2004,figure 2,pop,Symbiodinium,sp.,31,C,net photosynthesis,0.424443169,umol O2 hr^-1 cell^-1 x 10^6,o2,umol,cell x10^6,hr,0.099254082,SD,2,M,lab,,,population,2,200,200,umol m^-2 s^-1,npp,-18.37,,bivalve,,
leggat2004,leggat2004,figure 2,pop,Symbiodinium,sp.,33,C,net photosynthesis,0.348891555,umol O2 hr^-1 cell^-1 x 10^6,o2,umol,cell x10^6,hr,0.038516509,SD,2,M,lab,,,population,2,200,200,umol m^-2 s^-1,npp,-18.37,,bivalve,,
leggat2004,leggat2004,figure 2,pop,Symbiodinium,sp.,36,C,net photosynthesis,0.162975327,umol O2 hr^-1 cell^-1 x 10^6,o2,umol,cell x10^6,hr,0.01777685,SD,2,M,lab,,,population,2,200,200,umol m^-2 s^-1,npp,-18.37,,bivalve,,
leggat2004,leggat2004,figure 2,pop,Symbiodinium,sp.,37,C,net photosynthesis,0.126680924,umol O2 hr^-1 cell^-1 x 10^6,o2,umol,cell x10^6,hr,0.026665276,SD,2,M,lab,,,population,2,200,200,umol m^-2 s^-1,npp,-18.37,,bivalve,,
leggat2004,leggat2004,figure 2,pop,Symbiodinium,sp.,38,C,net photosynthesis,-0.044389964,umol O2 hr^-1 cell^-1 x 10^6,o2,umol,cell x10^6,hr,0.020739659,SD,2,M,lab,,,population,2,200,200,umol m^-2 s^-1,npp,-18.37,,bivalve,,
leggat2004,leggat2004,figure 2,pop,Symbiodinium,sp.,39,C,net photosynthesis,-0.008085129,umol O2 hr^-1 cell^-1 x 10^6,o2,umol,cell x10^6,hr,0.016295446,SD,2,M,lab,,,population,2,200,200,umol m^-2 s^-1,npp,-18.37,,bivalve,,
leggat2004,leggat2004,figure 2,pop,Symbiodinium,sp.,40,C,net photosynthesis,-0.013301341,umol O2 hr^-1 cell^-1 x 10^6,o2,umol,cell x10^6,hr,0.01777685,SD,2,M,lab,,,population,2,200,200,umol m^-2 s^-1,npp,-18.37,,bivalve,,
leggat2004,leggat2004,figure 2,pop,Symbiodinium,sp.,29,C,net photosynthesis,0.526680924,umol O2 hr^-1 cell^-1 x 10^6,o2,umol,cell x10^6,hr,0.060737572,SD,2,M,lab,,,population,3,200,200,umol m^-2 s^-1,npp,-18.37,,bivalve,,
leggat2004,leggat2004,figure 2,pop,Symbiodinium,sp.,30,C,net photosynthesis,0.557060143,umol O2 hr^-1 cell^-1 x 10^6,o2,umol,cell x10^6,hr,0.029628084,SD,2,M,lab,,,population,3,200,200,umol m^-2 s^-1,npp,-18.37,,bivalve,,
leggat2004,leggat2004,figure 2,pop,Symbiodinium,sp.,32,C,net photosynthesis,0.505190131,umol O2 hr^-1 cell^-1 x 10^6,o2,umol,cell x10^6,hr,0.029628084,SD,2,M,lab,,,population,3,200,200,umol m^-2 s^-1,npp,-18.37,,bivalve,,
leggat2004,leggat2004,figure 2,pop,Symbiodinium,sp.,35,C,net photosynthesis,0.45112931,umol O2 hr^-1 cell^-1 x 10^6,o2,umol,cell x10^6,hr,0.034072297,SD,2,M,lab,,,population,3,200,200,umol m^-2 s^-1,npp,-18.37,,bivalve,,
leggat2004,leggat2004,figure 2,pop,Symbiodinium,sp.,36,C,net photosynthesis,0.42225236,umol O2 hr^-1 cell^-1 x 10^6,o2,umol,cell x10^6,hr,0.028141464,SD,2,M,lab,,,population,3,200,200,umol m^-2 s^-1,npp,-18.37,,bivalve,,
leggat2004,leggat2004,figure 2,pop,Symbiodinium,sp.,37,C,net photosynthesis,0.295581868,umol O2 hr^-1 cell^-1 x 10^6,o2,umol,cell x10^6,hr,0.020739659,SD,2,M,lab,,,population,3,200,200,umol m^-2 s^-1,npp,-18.37,,bivalve,,
leggat2004,leggat2004,figure 2,pop,Symbiodinium,sp.,39,C,net photosynthesis,-0.008064264,umol O2 hr^-1 cell^-1 x 10^6,o2,umol,cell x10^6,hr,0.019258255,SD,2,M,lab,,,population,3,200,200,umol m^-2 s^-1,npp,-18.37,,bivalve,,
leggat2004,leggat2004,figure 2,pop,Symbiodinium,sp.,40,C,net photosynthesis,0.031140786,umol O2 hr^-1 cell^-1 x 10^6,o2,umol,cell x10^6,hr,0.022221063,SD,2,M,lab,,,population,3,200,200,umol m^-2 s^-1,npp,-18.37,,bivalve,,
leggat2004,leggat2004,figure 2,pop,Symbiodinium,sp.,28,C,respiration,-0.164446299,umol O2 hr^-1 cell^-1 x 10^6,o2,umol,cell x10^6,hr,0.025183871,SD,2,M,lab,,,population,2,0,0,umol m^-2 s^-1,r,-18.37,,bivalve,,
leggat2004,leggat2004,figure 2,pop,Symbiodinium,sp.,29,C,respiration,-0.187376767,umol O2 hr^-1 cell^-1 x 10^6,o2,umol,cell x10^6,hr,0.029628084,SD,2,M,lab,,,population,2,0,0,umol m^-2 s^-1,r,-18.37,,bivalve,,
leggat2004,leggat2004,figure 2,pop,Symbiodinium,sp.,31,C,respiration,-0.129643733,umol O2 hr^-1 cell^-1 x 10^6,o2,umol,cell x10^6,hr,0.037035105,SD,2,M,lab,,,population,2,0,0,umol m^-2 s^-1,r,-18.37,,bivalve,,
leggat2004,leggat2004,figure 2,pop,Symbiodinium,sp.,33,C,respiration,-0.113327422,umol O2 hr^-1 cell^-1 x 10^6,o2,umol,cell x10^6,hr,0.022221063,SD,2,M,lab,,,population,2,0,0,umol m^-2 s^-1,r,-18.37,,bivalve,,
leggat2004,leggat2004,figure 2,pop,Symbiodinium,sp.,36,C,respiration,-0.096259976,umol O2 hr^-1 cell^-1 x 10^6,o2,umol,cell x10^6,hr,0.019258255,SD,2,M,lab,,,population,2,0,0,umol m^-2 s^-1,r,-18.37,,bivalve,,
leggat2004,leggat2004,figure 2,pop,Symbiodinium,sp.,37,C,respiration,-0.092566898,umol O2 hr^-1 cell^-1 x 10^6,o2,umol,cell x10^6,hr,0.019258255,SD,2,M,lab,,,population,2,0,0,umol m^-2 s^-1,r,-18.37,,bivalve,,
leggat2004,leggat2004,figure 2,pop,Symbiodinium,sp.,38,C,respiration,-0.038485212,umol O2 hr^-1 cell^-1 x 10^6,o2,umol,cell x10^6,hr,0.01777685,SD,2,M,lab,,,population,2,0,0,umol m^-2 s^-1,r,-18.37,,bivalve,,
leggat2004,leggat2004,figure 2,pop,Symbiodinium,sp.,39,C,respiration,-0.008085129,umol O2 hr^-1 cell^-1 x 10^6,o2,umol,cell x10^6,hr,0.020739659,SD,2,M,lab,,,population,2,0,0,umol m^-2 s^-1,r,-18.37,,bivalve,,
leggat2004,leggat2004,figure 2,pop,Symbiodinium,sp.,40,C,respiration,0.00447551,umol O2 hr^-1 cell^-1 x 10^6,o2,umol,cell x10^6,hr,0.020739659,SD,2,M,lab,,,population,2,0,0,umol m^-2 s^-1,r,-18.37,,bivalve,,
leggat2004,leggat2004,figure 2,pop,Symbiodinium,sp.,29,C,respiration,-0.110343748,umol O2 hr^-1 cell^-1 x 10^6,o2,umol,cell x10^6,hr,0.021480361,SD,2,M,lab,,,population,3,0,0,umol m^-2 s^-1,r,-18.37,,bivalve,,
leggat2004,leggat2004,figure 2,pop,Symbiodinium,sp.,30,C,respiration,-0.079943665,umol O2 hr^-1 cell^-1 x 10^6,o2,umol,cell x10^6,hr,0.020739659,SD,2,M,lab,,,population,3,0,0,umol m^-2 s^-1,r,-18.37,,bivalve,,
leggat2004,leggat2004,figure 2,pop,Symbiodinium,sp.,32,C,respiration,-0.114078556,umol O2 hr^-1 cell^-1 x 10^6,o2,umol,cell x10^6,hr,0.01777685,SD,2,M,lab,,,population,3,0,0,umol m^-2 s^-1,r,-18.37,,bivalve,,
leggat2004,leggat2004,figure 2,pop,Symbiodinium,sp.,35,C,respiration,-0.105899536,umol O2 hr^-1 cell^-1 x 10^6,o2,umol,cell x10^6,hr,0.022221063,SD,2,M,lab,,,population,3,0,0,umol m^-2 s^-1,r,-18.37,,bivalve,,
leggat2004,leggat2004,figure 2,pop,Symbiodinium,sp.,36,C,respiration,-0.10811121,umol O2 hr^-1 cell^-1 x 10^6,o2,umol,cell x10^6,hr,0.023702467,SD,2,M,lab,,,population,3,0,0,umol m^-2 s^-1,r,-18.37,,bivalve,,
leggat2004,leggat2004,figure 2,pop,Symbiodinium,sp.,37,C,respiration,-0.122194982,umol O2 hr^-1 cell^-1 x 10^6,o2,umol,cell x10^6,hr,0.023702467,SD,2,M,lab,,,population,3,0,0,umol m^-2 s^-1,r,-18.37,,bivalve,,
leggat2004,leggat2004,figure 2,pop,Symbiodinium,sp.,38,C,respiration,-0.056220333,umol O2 hr^-1 cell^-1 x 10^6,o2,umol,cell x10^6,hr,0.019258255,SD,2,M,lab,,,population,3,0,0,umol m^-2 s^-1,r,-18.37,,bivalve,,
leggat2004,leggat2004,figure 2,pop,Symbiodinium,sp.,39,C,respiration,-0.008085129,umol O2 hr^-1 cell^-1 x 10^6,o2,umol,cell x10^6,hr,0.022221063,SD,2,M,lab,,,population,3,0,0,umol m^-2 s^-1,r,-18.37,,bivalve,,
leggat2004,leggat2004,figure 2,pop,Symbiodinium,sp.,40,C,respiration,-0.016264149,umol O2 hr^-1 cell^-1 x 10^6,o2,umol,cell x10^6,hr,0.019258255,SD,2,M,lab,,,population,3,0,0,umol m^-2 s^-1,r,-18.37,,bivalve,,
mueller-parker2007,mueller-parker2007,figure 1,pop,Symbiodinium ,muscatinei,12,C,producitivity,0,pg   C fixed cell^-1 hr^-1,c,pg,cell  ,hr,0.087912088,SEM,4,M,lab,,,,,0,0,umol m^-2 s^-1,r,48.24,,anemone,,
mueller-parker2007,mueller-parker2007,figure 1,pop,Symbiodinium ,muscatinei,12,C,producitivity,25.63144548,pg   C fixed cell^-1 hr^-1,c,pg,cell  ,hr,0.252747253,SEM,4,M,lab,,,,,531,531,umol m^-2 s^-1,gpp,48.24,,anemone,,
mueller-parker2007,mueller-parker2007,figure 1,pop,Symbiodinium ,muscatinei,14,C,producitivity,0,pg   C fixed cell^-1 hr^-1,c,pg,cell  ,hr,0.077777778,SEM,4,M,lab,,,,,0,0,umol m^-2 s^-1,r,48.24,,anemone,,
mueller-parker2007,mueller-parker2007,figure 1,pop,Symbiodinium ,muscatinei,14,C,producitivity,1.888888889,pg   C fixed cell^-1 hr^-1,c,pg,cell  ,hr,0.255555556,SEM,4,M,lab,,,,,531,531,umol m^-2 s^-1,gpp,48.24,,anemone,,
mueller-parker2007,mueller-parker2007,figure 1,pop,Symbiodinium ,muscatinei,16,C,producitivity,0,pg   C fixed cell^-1 hr^-1,c,pg,cell  ,hr,0.066298343,SEM,4,M,lab,,,,,0,0,umol m^-2 s^-1,r,48.24,,anemone,,
mueller-parker2007,mueller-parker2007,figure 1,pop,Symbiodinium ,muscatinei,16,C,producitivity,2.011049724,pg   C fixed cell^-1 hr^-1,c,pg,cell  ,hr,0.596685083,SEM,4,M,lab,,,,,531,531,umol m^-2 s^-1,gpp,48.24,,anemone,,
mueller-parker2007,mueller-parker2007,figure 1,pop,Symbiodinium ,muscatinei,18,C,producitivity,-0.01767284,pg   C fixed cell^-1 hr^-1,c,pg,cell  ,hr,0.066591263,SEM,4,M,lab,,,,,0,0,umol m^-2 s^-1,r,48.24,,anemone,,
mueller-parker2007,mueller-parker2007,figure 1,pop,Symbiodinium ,muscatinei,18,C,producitivity,7.953909232,pg   C fixed cell^-1 hr^-1,c,pg,cell  ,hr,0.410646119,SEM,4,M,lab,,,,,531,531,umol m^-2 s^-1,gpp,48.24,,anemone,,
mueller-parker2007,mueller-parker2007,figure 1,pop,Symbiodinium ,muscatinei,20,C,producitivity,0,pg   C fixed cell^-1 hr^-1,c,pg,cell  ,hr,0.044444444,SEM,4,M,lab,,,,,0,0,umol m^-2 s^-1,r,48.24,,anemone,,
mueller-parker2007,mueller-parker2007,figure 1,pop,Symbiodinium ,muscatinei,20,C,producitivity,3.022222222,pg   C fixed cell^-1 hr^-1,c,pg,cell  ,hr,0.488888889,SEM,4,M,lab,,,,,531,531,umol m^-2 s^-1,gpp,48.24,,anemone,,
mueller-parker2007,mueller-parker2007,figure 1,pop,Symbiodinium ,muscatinei,22,C,producitivity,-0.022099448,pg   C fixed cell^-1 hr^-1,c,pg,cell  ,hr,0.066298343,SEM,4,M,lab,,,,,0,0,umol m^-2 s^-1,r,48.24,,anemone,,
mueller-parker2007,mueller-parker2007,figure 1,pop,Symbiodinium ,muscatinei,22,C,producitivity,3.712707182,pg   C fixed cell^-1 hr^-1,c,pg,cell  ,hr,0.375690608,SEM,4,M,lab,,,,,531,531,umol m^-2 s^-1,gpp,48.24,,anemone,,
mueller-parker2007,mueller-parker2007,figure 1,pop,Symbiodinium ,muscatinei,24,C,producitivity,0,pg   C fixed cell^-1 hr^-1,c,pg,cell  ,hr,0.065934066,SEM,4,M,lab,,,,,0,0,umol m^-2 s^-1,r,48.24,,anemone,,
mueller-parker2007,mueller-parker2007,figure 1,pop,Symbiodinium ,muscatinei,24,C,producitivity,2.043956044,pg   C fixed cell^-1 hr^-1,c,pg,cell  ,hr,0.21978022,SEM,4,M,lab,,,,,531,531,umol m^-2 s^-1,gpp,48.24,,anemone,,
mueller-parker2007,mueller-parker2007,figure 1,pop,Symbiodinium ,muscatinei,26,C,producitivity,0,pg   C fixed cell^-1 hr^-1,c,pg,cell  ,hr,0.054945055,SEM,4,M,lab,,,,,0,0,umol m^-2 s^-1,r,48.24,,anemone,,
mueller-parker2007,mueller-parker2007,figure 1,pop,Symbiodinium ,muscatinei,26,C,producitivity,0.43956044,pg   C fixed cell^-1 hr^-1,c,pg,cell  ,hr,0.120879121,SEM,4,M,lab,,,,,531,531,umol m^-2 s^-1,gpp,48.24,,anemone,,
mueller-parker2007,mueller-parker2007,figure 1,pop,Symbiodinium ,muscatinei,28,C,producitivity,0,pg   C fixed cell^-1 hr^-1,c,pg,cell  ,hr,0.055248619,SEM,4,M,lab,,,,,0,0,umol m^-2 s^-1,r,48.24,,anemone,,
mueller-parker2007,mueller-parker2007,figure 1,pop,Symbiodinium ,muscatinei,28,C,producitivity,0.044198895,pg   C fixed cell^-1 hr^-1,c,pg,cell  ,hr,0.055248619,SEM,4,M,lab,,,,,531,531,umol m^-2 s^-1,gpp,48.24,,anemone,,
yang2022,yang2022,figure 2a,pop,Effrenium ,voratum,26,C,net photosynthetic rate,1.904059041,pmol O2 cell^-1 min^-1,o2,pmol,cell,min,0.15498155,SD,3,M,lab,1,day,,,80,80,umol m^-2 s^-1,npp,18.13,,hermatypic coral,,
yang2022,yang2022,figure 2a,pop,Effrenium ,voratum,30,C,net photosynthetic rate,2.036900369,pmol O2 cell^-1 min^-1,o2,pmol,cell,min,0.32103321,SD,3,M,lab,1,day,,,80,80,umol m^-2 s^-1,npp,18.13,,hermatypic coral,,
yang2022,yang2022,figure 2a,pop,Effrenium ,voratum,34,C,net photosynthetic rate,1.41697417,pmol O2 cell^-1 min^-1,o2,pmol,cell,min,0.088560886,SD,3,M,lab,1,day,,,80,80,umol m^-2 s^-1,npp,18.13,,hermatypic coral,,
yang2022,yang2022,figure 2b,pop,Effrenium ,voratum,26,C,respiration rate,-1.430894309,pmol O2 cell^-1 min^-1,o2,pmol,cell,min,0.170731707,SD,3,M,lab,1,day,,,0,0,umol m^-2 s^-1,r,18.13,,hermatypic coral,,
yang2022,yang2022,figure 2b,pop,Effrenium ,voratum,30,C,respiration rate,-1.308943089,pmol O2 cell^-1 min^-1,o2,pmol,cell,min,0.130081301,SD,3,M,lab,1,day,,,0,0,umol m^-2 s^-1,r,18.13,,hermatypic coral,,
yang2022,yang2022,figure 2b,pop,Effrenium ,voratum,34,C,respiration rate,-0.951219512,pmol O2 cell^-1 min^-1,o2,pmol,cell,min,0.06504065,SD,3,M,lab,1,day,,,0,0,umol m^-2 s^-1,r,18.13,,hermatypic coral,,
russnak2021,russnak2021,,,,,,,,,,,,,,,,,,,,,,,,,,,,,,,