tpc_grp,depth_broad,broad_coral,latitude,species,mol_grammin,inv_T,temp,ramp_rate_per_day,cnidarian_type,metabolic_category
4_jurriaans2019,shallow,hard,-23.26,spp,6.2951194166666664e-9,39.31735768778696,22,0.5,hermatypic coral,r
4_jurriaans2019,shallow,hard,-23.26,spp,6.5333001833333325e-9,39.18459605453426,23,0.5,hermatypic coral,r
4_jurriaans2019,shallow,hard,-23.26,spp,7.377893216666666e-9,39.052727987717724,24,0.5,hermatypic coral,r
4_jurriaans2019,shallow,hard,-23.26,spp,7.73746695e-9,38.92174449622782,25,0.5,hermatypic coral,r
4_jurriaans2019,shallow,hard,-23.26,spp,7.490996833333334e-9,38.79163670917708,26,0.5,hermatypic coral,r
4_jurriaans2019,shallow,hard,-23.26,spp,8.577823216666666e-9,38.66239587389746,27,0.5,hermatypic coral,r
4_jurriaans2019,shallow,hard,-23.26,spp,8.816188183333333e-9,38.53401335397749,28,0.5,hermatypic coral,r
4_jurriaans2019,shallow,hard,-23.26,spp,8.816188183333333e-9,38.53401335397749,28,0.5,hermatypic coral,r
4_jurriaans2019,shallow,hard,-23.26,spp,8.084882983333333e-9,38.40648062733848,29,0.5,hermatypic coral,r
4_jurriaans2019,shallow,hard,-23.26,spp,8.686874266666666e-9,38.27978928434875,30,0.5,hermatypic coral,r
4_jurriaans2019,shallow,hard,-23.26,spp,8.44040415e-9,38.15393102597508,31,0.5,hermatypic coral,r
4_jurriaans2019,shallow,hard,-23.26,spp,8.072725266666667e-9,38.028897661970575,32,0.5,hermatypic coral,r
4_jurriaans2019,shallow,hard,-18.37,spp,7.5838376e-9,37.9046811090979,33,0.5,hermatypic coral,r
5_jurriaans2019,shallow,hard,-18.37,spp,2.0183486166666663e-9,39.18459605453426,23,0.5,hermatypic coral,r
5_jurriaans2019,shallow,hard,-18.37,spp,2.0795107e-9,39.052727987717724,24,0.5,hermatypic coral,r
5_jurriaans2019,shallow,hard,-18.37,spp,2.0489296666666663e-9,38.92174449622782,25,0.5,hermatypic coral,r
5_jurriaans2019,shallow,hard,-18.37,spp,2.140672783333333e-9,38.79163670917708,26,0.5,hermatypic coral,r
5_jurriaans2019,shallow,hard,-18.37,spp,2.140672783333333e-9,38.66239587389746,27,0.5,hermatypic coral,r
5_jurriaans2019,shallow,hard,-18.37,spp,2.9969419000000004e-9,38.53401335397749,28,0.5,hermatypic coral,r
5_jurriaans2019,shallow,hard,-18.37,spp,4.097859333333333e-9,38.40648062733848,29,0.5,hermatypic coral,r
5_jurriaans2019,shallow,hard,-18.37,spp,2.0795107e-9,38.40648062733848,29,0.5,hermatypic coral,r
5_jurriaans2019,shallow,hard,-18.37,spp,4.220183483333333e-9,38.27978928434875,30,0.5,hermatypic coral,r
5_jurriaans2019,shallow,hard,-18.37,spp,4.403669716666667e-9,38.15393102597508,31,0.5,hermatypic coral,r
5_jurriaans2019,shallow,hard,-18.37,spp,4.7706421999999994e-9,38.028897661970575,32,0.5,hermatypic coral,r
5_jurriaans2019,shallow,hard,-18.37,spp,5.198776766666666e-9,37.9046811090979,33,0.5,hermatypic coral,r
5_jurriaans2019,shallow,hard,-18.37,spp,4.3119266e-9,37.781273389387344,34,0.5,hermatypic coral,r
6_jurriaans2019,shallow,hard,-14.4,spp,1.9919192e-9,39.31735768778696,22,0.5,hermatypic coral,r
6_jurriaans2019,shallow,hard,-14.4,spp,1.8060605999999998e-9,39.18459605453426,23,0.5,hermatypic coral,r
6_jurriaans2019,shallow,hard,-14.4,spp,2.5292929333333332e-9,39.052727987717724,24,0.5,hermatypic coral,r
6_jurriaans2019,shallow,hard,-14.4,spp,2.8282828333333332e-9,38.92174449622782,25,0.5,hermatypic coral,r
6_jurriaans2019,shallow,hard,-14.4,spp,3.490909083333333e-9,38.79163670917708,26,0.5,hermatypic coral,r
6_jurriaans2019,shallow,hard,-14.4,spp,2.5777777833333333e-9,38.66239587389746,27,0.5,hermatypic coral,r
6_jurriaans2019,shallow,hard,-14.4,spp,3.1191919166666666e-9,38.53401335397749,28,0.5,hermatypic coral,r
6_jurriaans2019,shallow,hard,-14.4,spp,3.2969697e-9,38.40648062733848,29,0.5,hermatypic coral,r
6_jurriaans2019,shallow,hard,-14.4,spp,3.6569329666666668e-9,38.27978928434875,30,0.5,hermatypic coral,r
6_jurriaans2019,shallow,hard,-14.4,spp,3.05050505e-9,38.27978928434875,30,0.5,hermatypic coral,r
6_jurriaans2019,shallow,hard,-14.4,spp,4.076767683333333e-9,38.15393102597508,31,0.5,hermatypic coral,r
6_jurriaans2019,shallow,hard,-14.4,spp,3.6484848499999997e-9,38.028897661970575,32,0.5,hermatypic coral,r
6_jurriaans2019,shallow,hard,-14.4,spp,3.4626262666666666e-9,37.9046811090979,33,0.5,hermatypic coral,r
6_jurriaans2019,shallow,hard,-14.4,spp,3.7010101e-9,37.781273389387344,34,0.5,hermatypic coral,r
10_jurriaans2019,shallow,hard,-23.26,cylindrica,6.991871083333333e-9,39.31735768778696,22,0.5,hermatypic coral,r
10_jurriaans2019,shallow,hard,-23.26,cylindrica,7.81334975e-9,39.18459605453426,23,0.5,hermatypic coral,r
10_jurriaans2019,shallow,hard,-23.26,cylindrica,8.402982516666666e-9,39.052727987717724,24,0.5,hermatypic coral,r
10_jurriaans2019,shallow,hard,-23.26,cylindrica,8.875261183333334e-9,38.92174449622782,25,0.5,hermatypic coral,r
10_jurriaans2019,shallow,hard,-23.26,cylindrica,9.348255433333333e-9,38.79163670917708,26,0.5,hermatypic coral,r
10_jurriaans2019,shallow,hard,-23.26,cylindrica,9.821249683333334e-9,38.66239587389746,27,0.5,hermatypic coral,r
10_jurriaans2019,shallow,hard,-23.26,cylindrica,1.1457051266666666e-8,38.53401335397749,28,0.5,hermatypic coral,r
10_jurriaans2019,shallow,hard,-23.26,cylindrica,1.006168245e-8,38.53401335397749,28,0.5,hermatypic coral,r
10_jurriaans2019,shallow,hard,-23.26,cylindrica,1.2394452866666667e-8,38.40648062733848,29,0.5,hermatypic coral,r
10_jurriaans2019,shallow,hard,-23.26,cylindrica,1.4960500333333333e-8,38.27978928434875,30,0.5,hermatypic coral,r
10_jurriaans2019,shallow,hard,-23.26,cylindrica,1.5433494583333332e-8,38.15393102597508,31,0.5,hermatypic coral,r
10_jurriaans2019,shallow,hard,-23.26,cylindrica,1.3115751216666668e-8,38.028897661970575,32,0.5,hermatypic coral,r
10_jurriaans2019,shallow,hard,-18.37,cylindrica,8.9375161e-9,37.9046811090979,33,0.5,hermatypic coral,r
11_jurriaans2019,shallow,hard,-18.37,cylindrica,2.2119815666666667e-9,39.18459605453426,23,0.5,hermatypic coral,r
11_jurriaans2019,shallow,hard,-18.37,cylindrica,2.6728110666666665e-9,39.052727987717724,24,0.5,hermatypic coral,r
11_jurriaans2019,shallow,hard,-18.37,cylindrica,2.7035330333333333e-9,38.92174449622782,25,0.5,hermatypic coral,r
11_jurriaans2019,shallow,hard,-18.37,cylindrica,2.9493087499999996e-9,38.79163670917708,26,0.5,hermatypic coral,r
11_jurriaans2019,shallow,hard,-18.37,cylindrica,2.9493087499999996e-9,38.66239587389746,27,0.5,hermatypic coral,r
11_jurriaans2019,shallow,hard,-18.37,cylindrica,3.2565284166666666e-9,38.53401335397749,28,0.5,hermatypic coral,r
11_jurriaans2019,shallow,hard,-18.37,cylindrica,3.4408602166666666e-9,38.40648062733848,29,0.5,hermatypic coral,r
11_jurriaans2019,shallow,hard,-18.37,cylindrica,2.0890937e-9,38.40648062733848,29,0.5,hermatypic coral,r
11_jurriaans2019,shallow,hard,-18.37,cylindrica,3.1950844833333333e-9,38.27978928434875,30,0.5,hermatypic coral,r
11_jurriaans2019,shallow,hard,-18.37,cylindrica,3.0721966166666665e-9,38.15393102597508,31,0.5,hermatypic coral,r
11_jurriaans2019,shallow,hard,-18.37,cylindrica,3.3794162833333334e-9,38.028897661970575,32,0.5,hermatypic coral,r
11_jurriaans2019,shallow,hard,-18.37,cylindrica,3.563748083333333e-9,37.9046811090979,33,0.5,hermatypic coral,r
11_jurriaans2019,shallow,hard,-18.37,cylindrica,2.7649769666666665e-9,37.781273389387344,34,0.5,hermatypic coral,r
12_jurriaans2019,shallow,hard,-14.4,cylindrica,3.7037036999999995e-9,39.31735768778696,22,0.5,hermatypic coral,r
12_jurriaans2019,shallow,hard,-14.4,cylindrica,4.166666666666667e-9,39.18459605453426,23,0.5,hermatypic coral,r
12_jurriaans2019,shallow,hard,-14.4,cylindrica,5e-9,39.052727987717724,24,0.5,hermatypic coral,r
12_jurriaans2019,shallow,hard,-14.4,cylindrica,5.55555555e-9,38.92174449622782,25,0.5,hermatypic coral,r
12_jurriaans2019,shallow,hard,-14.4,cylindrica,6.388888883333333e-9,38.79163670917708,26,0.5,hermatypic coral,r
12_jurriaans2019,shallow,hard,-14.4,cylindrica,5e-9,38.66239587389746,27,0.5,hermatypic coral,r
12_jurriaans2019,shallow,hard,-14.4,cylindrica,6.388888883333333e-9,38.53401335397749,28,0.5,hermatypic coral,r
12_jurriaans2019,shallow,hard,-14.4,cylindrica,6.620370366666667e-9,38.40648062733848,29,0.5,hermatypic coral,r
12_jurriaans2019,shallow,hard,-14.4,cylindrica,6.2962963e-9,38.27978928434875,30,0.5,hermatypic coral,r
12_jurriaans2019,shallow,hard,-14.4,cylindrica,4.814814816666666e-9,38.27978928434875,30,0.5,hermatypic coral,r
12_jurriaans2019,shallow,hard,-14.4,cylindrica,7.407407399999999e-9,38.15393102597508,31,0.5,hermatypic coral,r
12_jurriaans2019,shallow,hard,-14.4,cylindrica,6.481481483333333e-9,38.028897661970575,32,0.5,hermatypic coral,r
12_jurriaans2019,shallow,hard,-14.4,cylindrica,4.259259266666667e-9,37.9046811090979,33,0.5,hermatypic coral,r
12_jurriaans2019,shallow,hard,-14.4,cylindrica,3.7962963e-9,37.781273389387344,34,0.5,hermatypic coral,r
5_jurriaans2021,shallow,hard,42.5,caespitosa,3.9999999999999994e-9,40.696188397511214,12,0.5,hermatypic coral,r
5_jurriaans2021,shallow,hard,42.5,caespitosa,4.421052633333334e-9,40.55396862327563,13,0.5,hermatypic coral,r
5_jurriaans2021,shallow,hard,42.5,caespitosa,4.947368416666667e-9,40.41273940989142,14,0.5,hermatypic coral,r
5_jurriaans2021,shallow,hard,42.5,caespitosa,5.684210533333334e-9,40.27249044438772,15,0.5,hermatypic coral,r
5_jurriaans2021,shallow,hard,42.5,caespitosa,6.1052631499999994e-9,40.1332115564597,16,0.5,hermatypic coral,r
5_jurriaans2021,shallow,hard,42.5,caespitosa,6.1052631499999994e-9,39.99489271601007,17,0.5,hermatypic coral,r
5_jurriaans2021,shallow,hard,42.5,caespitosa,5.89473685e-9,39.857524030741274,18,0.5,hermatypic coral,r
5_jurriaans2021,shallow,hard,42.5,caespitosa,6.1052631499999994e-9,39.857524030741274,18,0.5,hermatypic coral,r
5_jurriaans2021,shallow,hard,42.5,caespitosa,7.999999999999999e-9,39.7210957437971,19,0.5,hermatypic coral,r
5_jurriaans2021,shallow,hard,42.5,caespitosa,8.210526316666666e-9,39.58559823145258,20,0.5,hermatypic coral,r
5_jurriaans2021,shallow,hard,42.5,caespitosa,8.63157895e-9,39.451022000851,21,0.5,hermatypic coral,r
5_jurriaans2021,shallow,hard,42.5,caespitosa,1.052631578333333e-8,39.31735768778696,22,0.5,hermatypic coral,r
5_jurriaans2021,shallow,hard,42.5,caespitosa,1.052631578333333e-8,39.18459605453426,23,0.5,hermatypic coral,r
6_jurriaans2021,shallow,hard,42.5,singularis,2.827225133333333e-9,40.55396862327563,13,0.5,hermatypic coral,r
6_jurriaans2021,shallow,hard,42.5,singularis,3.2460733e-9,40.41273940989142,14,0.5,hermatypic coral,r
6_jurriaans2021,shallow,hard,42.5,singularis,3.1413612499999996e-9,40.27249044438772,15,0.5,hermatypic coral,r
6_jurriaans2021,shallow,hard,42.5,singularis,3.87434555e-9,40.1332115564597,16,0.5,hermatypic coral,r
6_jurriaans2021,shallow,hard,42.5,singularis,4.397905766666667e-9,39.99489271601007,17,0.5,hermatypic coral,r
6_jurriaans2021,shallow,hard,42.5,singularis,4.8167539333333334e-9,39.857524030741274,18,0.5,hermatypic coral,r
6_jurriaans2021,shallow,hard,42.5,singularis,4.397905766666667e-9,39.857524030741274,18,0.5,hermatypic coral,r
6_jurriaans2021,shallow,hard,42.5,singularis,5.2356021e-9,39.7210957437971,19,0.5,hermatypic coral,r
6_jurriaans2021,shallow,hard,42.5,singularis,6.4921466e-9,39.58559823145258,20,0.5,hermatypic coral,r
6_jurriaans2021,shallow,hard,42.5,singularis,6.4921466e-9,39.451022000851,21,0.5,hermatypic coral,r
6_jurriaans2021,shallow,hard,42.5,singularis,6.38743455e-9,39.31735768778696,22,0.5,hermatypic coral,r
6_jurriaans2021,shallow,hard,42.5,singularis,6.282722516666666e-9,39.18459605453426,23,0.5,hermatypic coral,r
7_jurriaans2021,shallow,hard,42.5,singularis,6.282722516666666e-9,39.31735768778696,22,0.5,hermatypic coral,r
7_jurriaans2021,shallow,hard,-25,intermedia,6.4921466e-9,39.18459605453426,23,0.5,hermatypic coral,r
7_jurriaans2021,shallow,hard,-25,intermedia,7.12041885e-9,39.052727987717724,24,0.5,hermatypic coral,r
7_jurriaans2021,shallow,hard,-25,intermedia,7.7486911e-9,38.92174449622782,25,0.5,hermatypic coral,r
7_jurriaans2021,shallow,hard,-25,intermedia,7.539267016666667e-9,38.79163670917708,26,0.5,hermatypic coral,r
7_jurriaans2021,shallow,hard,-25,intermedia,8.586387433333333e-9,38.66239587389746,27,0.5,hermatypic coral,r
7_jurriaans2021,shallow,hard,-25,intermedia,8.691099483333332e-9,38.53401335397749,28,0.5,hermatypic coral,r
7_jurriaans2021,shallow,hard,-25,intermedia,8.795811516666666e-9,38.53401335397749,28,0.5,hermatypic coral,r
7_jurriaans2021,shallow,hard,-25,intermedia,8.062827233333333e-9,38.40648062733848,29,0.5,hermatypic coral,r
7_jurriaans2021,shallow,hard,-25,intermedia,8.586387433333333e-9,38.27978928434875,30,0.5,hermatypic coral,r
7_jurriaans2021,shallow,hard,-25,intermedia,8.376963349999999e-9,38.15393102597508,31,0.5,hermatypic coral,r
7_jurriaans2021,shallow,hard,-25,intermedia,8.167539266666667e-9,38.028897661970575,32,0.5,hermatypic coral,r
7_jurriaans2021,shallow,hard,-25,intermedia,7.7486911e-9,37.9046811090979,33,0.5,hermatypic coral,r
8_jurriaans2021,shallow,hard,-25,cylindrica,7.12041885e-9,39.31735768778696,22,0.5,hermatypic coral,r
8_jurriaans2021,shallow,hard,-25,cylindrica,7.958115183333334e-9,39.18459605453426,23,0.5,hermatypic coral,r
8_jurriaans2021,shallow,hard,-25,cylindrica,8.376963349999999e-9,39.052727987717724,24,0.5,hermatypic coral,r
8_jurriaans2021,shallow,hard,-25,cylindrica,9.0052356e-9,38.92174449622782,25,0.5,hermatypic coral,r
8_jurriaans2021,shallow,hard,-25,cylindrica,9.214659683333332e-9,38.79163670917708,26,0.5,hermatypic coral,r
8_jurriaans2021,shallow,hard,-25,cylindrica,9.842931933333333e-9,38.66239587389746,27,0.5,hermatypic coral,r
8_jurriaans2021,shallow,hard,-25,cylindrica,1.0052356016666666e-8,38.53401335397749,28,0.5,hermatypic coral,r
8_jurriaans2021,shallow,hard,-25,cylindrica,1.1727748683333333e-8,38.53401335397749,28,0.5,hermatypic coral,r
8_jurriaans2021,shallow,hard,-25,cylindrica,1.2356020949999999e-8,38.40648062733848,29,0.5,hermatypic coral,r
8_jurriaans2021,shallow,hard,-25,cylindrica,1.4973821983333335e-8,38.27978928434875,30,0.5,hermatypic coral,r
8_jurriaans2021,shallow,hard,-25,cylindrica,1.54973822e-8,38.15393102597508,31,0.5,hermatypic coral,r
8_jurriaans2021,shallow,hard,-25,cylindrica,1.3193717283333333e-8,38.028897661970575,32,0.5,hermatypic coral,r
8_jurriaans2021,shallow,hard,-25,cylindrica,9.0052356e-9,37.9046811090979,33,0.5,hermatypic coral,r
5_jurriaans2020,shallow,hard,-18,valenciennesi,2.557077633333333e-9,39.7210957437971,19,0.5,hermatypic coral,r
5_jurriaans2020,shallow,hard,-18,valenciennesi,3.226788433333333e-9,39.58559823145258,20,0.5,hermatypic coral,r
5_jurriaans2020,shallow,hard,-18,valenciennesi,3.896499233333333e-9,39.451022000851,21,0.5,hermatypic coral,r
5_jurriaans2020,shallow,hard,-18,valenciennesi,4.140030433333333e-9,39.31735768778696,22,0.5,hermatypic coral,r
5_jurriaans2020,shallow,hard,-18,valenciennesi,3.835616433333333e-9,39.18459605453426,23,0.5,hermatypic coral,r
5_jurriaans2020,shallow,hard,-18,valenciennesi,4.8706240499999995e-9,39.052727987717724,24,0.5,hermatypic coral,r
5_jurriaans2020,shallow,hard,-18,valenciennesi,3.4094368333333335e-9,39.052727987717724,24,0.5,hermatypic coral,r
5_jurriaans2020,shallow,hard,-18,valenciennesi,5.72298325e-9,38.92174449622782,25,0.5,hermatypic coral,r
5_jurriaans2020,shallow,hard,-18,valenciennesi,6.818873666666667e-9,38.79163670917708,26,0.5,hermatypic coral,r
5_jurriaans2020,shallow,hard,-18,valenciennesi,6.0882800666666665e-9,38.66239587389746,27,0.5,hermatypic coral,r
5_jurriaans2020,shallow,hard,-18,valenciennesi,6.757990866666667e-9,38.53401335397749,28,0.5,hermatypic coral,r
5_jurriaans2020,shallow,hard,-18,valenciennesi,7.184170466666666e-9,38.40648062733848,29,0.5,hermatypic coral,r
5_jurriaans2020,shallow,hard,-18,valenciennesi,7.245053266666666e-9,38.27978928434875,30,0.5,hermatypic coral,r
5_jurriaans2020,shallow,hard,-18,valenciennesi,9.254185700000001e-9,38.15393102597508,31,0.5,hermatypic coral,r
6_jurriaans2020,shallow,hard,-18,valenciennesi,2.0700152166666665e-9,39.18459605453426,23,0.5,hermatypic coral,r
6_jurriaans2020,shallow,hard,-18,valenciennesi,2.0700152166666665e-9,39.052727987717724,24,0.5,hermatypic coral,r
6_jurriaans2020,shallow,hard,-18,valenciennesi,2.0700152166666665e-9,38.92174449622782,25,0.5,hermatypic coral,r
6_jurriaans2020,shallow,hard,-18,valenciennesi,2.1308980166666665e-9,38.79163670917708,26,0.5,hermatypic coral,r
6_jurriaans2020,shallow,hard,-18,valenciennesi,2.1917808166666664e-9,38.66239587389746,27,0.5,hermatypic coral,r
6_jurriaans2020,shallow,hard,-18,valenciennesi,3.0441400333333333e-9,38.53401335397749,28,0.5,hermatypic coral,r
6_jurriaans2020,shallow,hard,-18,valenciennesi,4.0791476333333335e-9,38.40648062733848,29,0.5,hermatypic coral,r
6_jurriaans2020,shallow,hard,-18,valenciennesi,2.0700152166666665e-9,38.40648062733848,29,0.5,hermatypic coral,r
6_jurriaans2020,shallow,hard,-18,valenciennesi,4.2009132499999995e-9,38.27978928434875,30,0.5,hermatypic coral,r
6_jurriaans2020,shallow,hard,-18,valenciennesi,4.44444445e-9,38.15393102597508,31,0.5,hermatypic coral,r
6_jurriaans2020,shallow,hard,-18,valenciennesi,4.7488584499999996e-09,38.028897661970575,32,0.5,hermatypic coral,r
6_jurriaans2020,shallow,hard,-18,valenciennesi,5.235920850000001e-9,37.9046811090979,33,0.5,hermatypic coral,r
6_jurriaans2020,shallow,hard,-18,valenciennesi,4.32267885e-9,37.781273389387344,34,0.5,hermatypic coral,r
7_jurriaans2020,shallow,hard,-18,cylindrica,2.54545455e-9,39.7210957437971,19,0.5,hermatypic coral,r
7_jurriaans2020,shallow,hard,-18,cylindrica,3.333333333333333e-9,39.58559823145258,20,0.5,hermatypic coral,r
7_jurriaans2020,shallow,hard,-18,cylindrica,3.9999999999999994e-9,39.451022000851,21,0.5,hermatypic coral,r
7_jurriaans2020,shallow,hard,-18,cylindrica,5.45454545e-9,39.31735768778696,22,0.5,hermatypic coral,r
7_jurriaans2020,shallow,hard,-18,cylindrica,5.090909083333333e-9,39.18459605453426,23,0.5,hermatypic coral,r
7_jurriaans2020,shallow,hard,-18,cylindrica,4.424242416666666e-9,39.052727987717724,24,0.5,hermatypic coral,r
7_jurriaans2020,shallow,hard,-18,cylindrica,5.030303033333332e-9,39.052727987717724,24,0.5,hermatypic coral,r
7_jurriaans2020,shallow,hard,-18,cylindrica,4.9090909166666665e-9,38.92174449622782,25,0.5,hermatypic coral,r
7_jurriaans2020,shallow,hard,-18,cylindrica,5.3939394e-9,38.79163670917708,26,0.5,hermatypic coral,r
7_jurriaans2020,shallow,hard,-18,cylindrica,5.5757575833333325e-9,38.66239587389746,27,0.5,hermatypic coral,r
7_jurriaans2020,shallow,hard,-18,cylindrica,6.3030303e-9,38.53401335397749,28,0.5,hermatypic coral,r
7_jurriaans2020,shallow,hard,-18,cylindrica,6.363636366666667e-9,38.40648062733848,29,0.5,hermatypic coral,r
7_jurriaans2020,shallow,hard,-18,cylindrica,6.84848485e-9,38.27978928434875,30,0.5,hermatypic coral,r
7_jurriaans2020,shallow,hard,-18,cylindrica,8.3030303e-9,38.15393102597508,31,0.5,hermatypic coral,r
8_jurriaans2020,shallow,hard,-18,cylindrica,2.1212121166666667e-9,39.18459605453426,23,0.5,hermatypic coral,r
8_jurriaans2020,shallow,hard,-18,cylindrica,2.6060605999999998e-9,39.052727987717724,24,0.5,hermatypic coral,r
8_jurriaans2020,shallow,hard,-18,cylindrica,2.6666666666666666e-9,38.92174449622782,25,0.5,hermatypic coral,r
8_jurriaans2020,shallow,hard,-18,cylindrica,2.9090909166666663e-9,38.79163670917708,26,0.5,hermatypic coral,r
8_jurriaans2020,shallow,hard,-18,cylindrica,2.9090909166666663e-9,38.66239587389746,27,0.5,hermatypic coral,r
8_jurriaans2020,shallow,hard,-18,cylindrica,3.2121212166666664e-9,38.53401335397749,28,0.5,hermatypic coral,r
8_jurriaans2020,shallow,hard,-18,cylindrica,3.3939393999999998e-9,38.40648062733848,29,0.5,hermatypic coral,r
8_jurriaans2020,shallow,hard,-18,cylindrica,2.1818181833333335e-9,38.40648062733848,29,0.5,hermatypic coral,r
8_jurriaans2020,shallow,hard,-18,cylindrica,3.2121212166666664e-9,38.27978928434875,30,0.5,hermatypic coral,r
8_jurriaans2020,shallow,hard,-18,cylindrica,3.090909083333333e-9,38.15393102597508,31,0.5,hermatypic coral,r
8_jurriaans2020,shallow,hard,-18,cylindrica,3.3939393999999998e-9,38.028897661970575,32,0.5,hermatypic coral,r
8_jurriaans2020,shallow,hard,-18,cylindrica,3.5151515166666664e-9,37.9046811090979,33,0.5,hermatypic coral,r
8_jurriaans2020,shallow,hard,-18,cylindrica,2.7272727333333333e-9,37.781273389387344,34,0.5,hermatypic coral,r
3_zelli2023,shallow,soft,0,flava,1.3565098833333333e-8,38.79163670917708,26,0,soft coral,r
4_zelli2023,shallow,soft,0,flava,1.3565098833333333e-8,38.79163670917708,26,0.285714286,soft coral,r
3_zelli2023,shallow,soft,0,flava,2.8834355833333333e-8,38.53401335397749,28,0,soft coral,r
4_zelli2023,shallow,soft,0,flava,1.465576005e-8,38.53401335397749,28,0.285714286,soft coral,r
3_zelli2023,shallow,soft,0,flava,1.0838445799999999e-8,38.27978928434875,30,0,soft coral,r
4_zelli2023,shallow,soft,0,flava,8.111792766666666e-9,38.27978928434875,30,0.285714286,soft coral,r
3_zelli2023,shallow,soft,0,flava,5.2283571916666665e-8,38.028897661970575,32,0,soft coral,r
4_zelli2023,shallow,soft,0,flava,2.3926380366666667e-8,38.028897661970575,32,0.285714286,soft coral,r
3_simancas-giraldo2021,shallow,soft,29.53,umbellata,5.378787880208334e-9,38.79163670917708,26,0,soft coral,r
4_simancas-giraldo2021,shallow,soft,29.53,umbellata,3.863636363541667e-9,38.79163670917708,26,0.285714286,soft coral,r
3_simancas-giraldo2021,shallow,soft,29.53,umbellata,2.310606060416667e-9,38.53401335397749,28,0,soft coral,r
4_simancas-giraldo2021,shallow,soft,29.53,umbellata,3.2954545453125003e-9,38.53401335397749,28,0.285714286,soft coral,r
3_simancas-giraldo2021,shallow,soft,29.53,umbellata,2.7651515151041668e-9,38.27978928434875,30,0,soft coral,r
4_simancas-giraldo2021,shallow,soft,29.53,umbellata,3.409090911458334e-10,38.27978928434875,30,0.285714286,soft coral,r
3_simancas-giraldo2021,shallow,soft,29.53,umbellata,1.6287878786458334e-9,38.028897661970575,32,0,soft coral,r
4_simancas-giraldo2021,shallow,soft,29.53,umbellata,8.333333333333334e-10,38.028897661970575,32,0.285714286,soft coral,r
2_puntin2023,shallow,hard,22.3054,fascicularis,-3.004344791666667e-9,39.46578057934405,20.89,1.2,hermatypic coral,r
2_puntin2023,shallow,hard,22.3054,fascicularis,-6.995741145833334e-9,39.27477619233873,22.32,1.2,hermatypic coral,r
2_puntin2023,shallow,hard,22.3054,fascicularis,-5.3529453125e-9,39.09219512060072,23.7,1.2,hermatypic coral,r
2_puntin2023,shallow,hard,22.3054,fascicularis,-5.070613020833334e-9,39.0593003081465,23.95,1.2,hermatypic coral,r
2_puntin2023,shallow,hard,22.3054,fascicularis,-8.618175520833334e-9,38.9334970192254,24.91,1.2,hermatypic coral,r
2_puntin2023,shallow,hard,22.3054,fascicularis,-9.5201203125e-9,38.80850151010073,25.87,1.2,hermatypic coral,r
2_puntin2023,shallow,hard,22.3054,fascicularis,-1.2293506770833333e-8,38.68043772391027,26.86,1.2,hermatypic coral,r
2_puntin2023,shallow,hard,22.3054,fascicularis,-1.0540944270833332e-8,38.55193555546434,27.86,1.2,hermatypic coral,r
2_puntin2023,shallow,hard,22.3054,fascicularis,-1.1850458854166666e-8,38.30126781157279,29.83,1.2,hermatypic coral,r
2_puntin2023,shallow,hard,22.3054,fascicularis,-1.3383867708333335e-8,38.05134315358993,31.82,1.2,hermatypic coral,r
2_rodolfo-metalpa2014,shallow,hard,44.19,patagonica,0.07914572865,39.58559823145258,20,0.857142857,hermatypic coral,r
2_rodolfo-metalpa2014,shallow,hard,44.19,patagonica,0.15452261306666668,39.31735768778696,22,0.857142857,hermatypic coral,r
2_rodolfo-metalpa2014,shallow,hard,44.19,patagonica,0.20477386933333333,39.052727987717724,24,0.857142857,hermatypic coral,r
2_rodolfo-metalpa2014,shallow,hard,44.19,patagonica,0.1959798995,38.79163670917708,26,0.857142857,hermatypic coral,r
2_rodolfo-metalpa2014,shallow,hard,44.19,patagonica,0.16457286431666668,38.53401335397749,28,0.857142857,hermatypic coral,r
2_rodolfo-metalpa2014,shallow,hard,44.19,patagonica,0.10552763818333334,38.27978928434875,30,0.857142857,hermatypic coral,r
2_rodolfo-metalpa2014,shallow,hard,44.19,patagonica,0.09422110553333334,38.028897661970575,32,0.857142857,hermatypic coral,r
4_rodolfo-metalpa2014,shallow,hard,38.2,patagonica,0.041666666666666664,39.58559823145258,20,0.857142857,hermatypic coral,r
4_rodolfo-metalpa2014,shallow,hard,38.2,patagonica,0.13257575758333334,39.31735768778696,22,0.857142857,hermatypic coral,r
4_rodolfo-metalpa2014,shallow,hard,38.2,patagonica,0.15530303029999998,39.052727987717724,24,0.857142857,hermatypic coral,r
4_rodolfo-metalpa2014,shallow,hard,38.2,patagonica,0.16919191916666668,38.79163670917708,26,0.857142857,hermatypic coral,r
4_rodolfo-metalpa2014,shallow,hard,38.2,patagonica,0.12247474746666667,38.53401335397749,28,0.857142857,hermatypic coral,r
4_rodolfo-metalpa2014,shallow,hard,38.2,patagonica,0.11111111111666667,38.27978928434875,30,0.857142857,hermatypic coral,r
4_rodolfo-metalpa2014,shallow,hard,38.2,patagonica,0.10732323231666667,38.028897661970575,32,0.857142857,hermatypic coral,r
6_rodolfo-metalpa2014,shallow,hard,37.34,patagonica,0.04797979798333333,39.58559823145258,20,0.857142857,hermatypic coral,r
6_rodolfo-metalpa2014,shallow,hard,37.34,patagonica,0.08333333333333333,39.31735768778696,22,0.857142857,hermatypic coral,r
6_rodolfo-metalpa2014,shallow,hard,37.34,patagonica,0.10101010101666666,39.052727987717724,24,0.857142857,hermatypic coral,r
6_rodolfo-metalpa2014,shallow,hard,37.34,patagonica,0.15025252525,38.79163670917708,26,0.857142857,hermatypic coral,r
6_rodolfo-metalpa2014,shallow,hard,37.34,patagonica,0.0808080808,38.53401335397749,28,0.857142857,hermatypic coral,r
6_rodolfo-metalpa2014,shallow,hard,37.34,patagonica,0.15025252525,38.27978928434875,30,0.857142857,hermatypic coral,r
6_rodolfo-metalpa2014,shallow,hard,37.34,patagonica,0.09595959596666666,38.028897661970575,32,0.857142857,hermatypic coral,r
8_rodolfo-metalpa2014,shallow,hard,32.3,patagonica,0.0758081452,39.58559823145258,20,0.857142857,hermatypic coral,r
8_rodolfo-metalpa2014,shallow,hard,32.3,patagonica,0.08849752493333334,39.31735768778696,22,0.857142857,hermatypic coral,r
8_rodolfo-metalpa2014,shallow,hard,32.3,patagonica,0.14766462911666667,39.052727987717724,24,0.857142857,hermatypic coral,r
8_rodolfo-metalpa2014,shallow,hard,32.3,patagonica,0.14025350633333333,38.79163670917708,26,0.857142857,hermatypic coral,r
8_rodolfo-metalpa2014,shallow,hard,32.3,patagonica,0.14540519763333334,38.53401335397749,28,0.857142857,hermatypic coral,r
8_rodolfo-metalpa2014,shallow,hard,32.3,patagonica,0.12920010499999998,38.27978928434875,30,0.857142857,hermatypic coral,r
8_rodolfo-metalpa2014,shallow,hard,32.3,patagonica,0.08535682141666667,38.028897661970575,32,0.857142857,hermatypic coral,r
1_previati2010,deep,soft,44.3045,rubrum,1.6145833333333333e-7,40.41273940989142,14,0.25,soft coral,r
1_previati2010,deep,soft,44.3045,rubrum,1.7708333333333334e-7,40.1332115564597,16,0.25,soft coral,r
1_previati2010,deep,soft,44.3045,rubrum,4.0625000000000003e-7,39.857524030741274,18,0.25,soft coral,r
1_previati2010,deep,soft,44.3045,rubrum,4.791666666666667e-7,39.58559823145258,20,0.25,soft coral,r
1_previati2010,deep,soft,44.3045,rubrum,4.375e-7,39.31735768778696,22,0.25,soft coral,r
1_previati2010,deep,soft,44.3045,rubrum,1.0416666666666667e-7,38.92174449622782,25,0.25,soft coral,r
2_previati2010,deep,soft,44.3045,clavata,2.1354166666666665e-7,40.41273940989142,14,0.25,soft coral,r
2_previati2010,deep,soft,44.3045,clavata,3.1770833333333334e-7,40.1332115564597,16,0.25,soft coral,r
2_previati2010,deep,soft,44.3045,clavata,4.7395833333333333e-7,39.857524030741274,18,0.25,soft coral,r
2_previati2010,deep,soft,44.3045,clavata,2.8125e-7,39.58559823145258,20,0.25,soft coral,r
2_previati2010,deep,soft,44.3045,clavata,2.760416666666667e-7,39.31735768778696,22,0.25,soft coral,r
2_previati2010,deep,soft,44.3045,clavata,1.3541666666666668e-7,38.92174449622782,25,0.25,soft coral,r
3_previati2010,deep,soft,44.3045,cavolinii,1.09375e-7,40.41273940989142,14,0.25,soft coral,r
3_previati2010,deep,soft,44.3045,cavolinii,2.65625e-7,40.1332115564597,16,0.25,soft coral,r
3_previati2010,deep,soft,44.3045,cavolinii,2.1354166666666665e-7,39.857524030741274,18,0.25,soft coral,r
3_previati2010,deep,soft,44.3045,cavolinii,3.1770833333333334e-7,39.58559823145258,20,0.25,soft coral,r
3_previati2010,deep,soft,44.3045,cavolinii,2.1875e-7,39.31735768778696,22,0.25,soft coral,r
3_previati2010,deep,soft,44.3045,cavolinii,1.4583333333333335e-7,38.92174449622782,25,0.25,soft coral,r
4_previati2010,deep,soft,44.3045,singularis,5.208333333333333e-8,40.41273940989142,14,0.25,soft coral,r
4_previati2010,deep,soft,44.3045,singularis,1.8749999999999998e-7,40.1332115564597,16,0.25,soft coral,r
4_previati2010,deep,soft,44.3045,singularis,3.4375e-7,39.857524030741274,18,0.25,soft coral,r
4_previati2010,deep,soft,44.3045,singularis,2.1875e-7,39.58559823145258,20,0.25,soft coral,r
4_previati2010,deep,soft,44.3045,singularis,8.333333333333334e-8,39.31735768778696,22,0.25,soft coral,r
4_previati2010,deep,soft,44.3045,singularis,1.09375e-7,38.92174449622782,25,0.25,soft coral,r
2_ezzat2013,shallow,soft,43.19,singularis,-1.081382385e-8,39.857524030741274,18,0.4,soft coral,r
2_ezzat2013,shallow,soft,43.19,singularis,-4.68227425e-9,39.052727987717724,24,0.4,soft coral,r
2_ezzat2013,shallow,soft,43.19,singularis,-3.5674470499999996e-9,38.79163670917708,26,0.4,soft coral,r
1_aichelman2019,deep,hard,41.4774,poculata,2.8356481499999996e-9,41.570904967043965,6,9,hermatypic coral,r
1_aichelman2019,deep,hard,41.4774,poculata,3.5879629666666667e-9,41.12889640811739,9,9,hermatypic coral,r
1_aichelman2019,deep,hard,41.4774,poculata,2.0833333333333334e-9,40.696188397511214,12,9,hermatypic coral,r
1_aichelman2019,deep,hard,41.4774,poculata,3.9351851833333335e-9,40.27249044438772,15,9,hermatypic coral,r
1_aichelman2019,deep,hard,41.4774,poculata,7.754629633333332e-9,39.857524030741274,18,9,hermatypic coral,r
1_aichelman2019,deep,hard,41.4774,poculata,1.5162037033333333e-8,39.31735768778696,22,9,hermatypic coral,r
1_aichelman2019,deep,hard,41.4774,poculata,1.527777778333333e-8,38.79163670917708,26,9,hermatypic coral,r
1_aichelman2019,deep,hard,41.4774,poculata,1.533564815e-8,38.40648062733848,29,9,hermatypic coral,r
1_aichelman2019,deep,hard,41.4774,poculata,9.085648149999999e-9,38.028897661970575,32,9,hermatypic coral,r
2_aichelman2019,deep,hard,37.8992,poculata,1.8518518499999997e-9,41.570904967043965,6,9,hermatypic coral,r
2_aichelman2019,deep,hard,37.8992,poculata,2.777777783333333e-9,41.12889640811739,9,9,hermatypic coral,r
2_aichelman2019,deep,hard,37.8992,poculata,1.6203703666666665e-9,40.696188397511214,12,9,hermatypic coral,r
2_aichelman2019,deep,hard,37.8992,poculata,2.2569444499999996e-9,40.27249044438772,15,9,hermatypic coral,r
2_aichelman2019,deep,hard,37.8992,poculata,3.2986111166666665e-9,39.857524030741274,18,9,hermatypic coral,r
2_aichelman2019,deep,hard,37.8992,poculata,9.259259266666666e-9,39.31735768778696,22,9,hermatypic coral,r
2_aichelman2019,deep,hard,37.8992,poculata,1.1458333333333333e-8,38.79163670917708,26,9,hermatypic coral,r
2_aichelman2019,deep,hard,37.8992,poculata,1.3888888883333332e-8,38.40648062733848,29,9,hermatypic coral,r
2_aichelman2019,deep,hard,37.8992,poculata,9.085648149999999e-9,38.028897661970575,32,9,hermatypic coral,r
1_jurriaans2019,shallow,hard,-23.26,spp,1.2787878783333334e-8,39.31735768778696,22,0.5,hermatypic coral,npp
1_jurriaans2019,shallow,hard,-23.26,spp,1.2681818183333334e-8,39.18459605453426,23,0.5,hermatypic coral,npp
1_jurriaans2019,shallow,hard,-23.26,spp,1.0878787883333333e-8,39.052727987717724,24,0.5,hermatypic coral,npp
1_jurriaans2019,shallow,hard,-23.26,spp,1.1939393933333332e-8,38.92174449622782,25,0.5,hermatypic coral,npp
1_jurriaans2019,shallow,hard,-23.26,spp,1.024242425e-8,38.79163670917708,26,0.5,hermatypic coral,npp
1_jurriaans2019,shallow,hard,-23.26,spp,1.045454545e-8,38.66239587389746,27,0.5,hermatypic coral,npp
1_jurriaans2019,shallow,hard,-23.26,spp,8.75757575e-9,38.53401335397749,28,0.5,hermatypic coral,npp
1_jurriaans2019,shallow,hard,-23.26,spp,1.0030303033333334e-8,38.53401335397749,28,0.5,hermatypic coral,npp
1_jurriaans2019,shallow,hard,-23.26,spp,8.227272733333333e-9,38.40648062733848,29,0.5,hermatypic coral,npp
1_jurriaans2019,shallow,hard,-23.26,spp,9.606060599999998e-9,38.27978928434875,30,0.5,hermatypic coral,npp
1_jurriaans2019,shallow,hard,-23.26,spp,8.969696966666667e-9,38.15393102597508,31,0.5,hermatypic coral,npp
1_jurriaans2019,shallow,hard,-23.26,spp,9.818181816666668e-9,38.028897661970575,32,0.5,hermatypic coral,npp
2_jurriaans2019,shallow,hard,-18.37,spp,6.969697e-10,37.9046811090979,33,0.5,hermatypic coral,npp
2_jurriaans2019,shallow,hard,-18.37,spp,3.60482655e-9,39.18459605453426,23,0.5,hermatypic coral,npp
2_jurriaans2019,shallow,hard,-18.37,spp,4.08748115e-9,39.052727987717724,24,0.5,hermatypic coral,npp
2_jurriaans2019,shallow,hard,-18.37,spp,4.4494721e-9,38.92174449622782,25,0.5,hermatypic coral,npp
2_jurriaans2019,shallow,hard,-18.37,spp,4.2081448e-9,38.79163670917708,26,0.5,hermatypic coral,npp
2_jurriaans2019,shallow,hard,-18.37,spp,3.9668175e-9,38.66239587389746,27,0.5,hermatypic coral,npp
2_jurriaans2019,shallow,hard,-18.37,spp,3.2428355999999998e-9,38.53401335397749,28,0.5,hermatypic coral,npp
2_jurriaans2019,shallow,hard,-18.37,spp,4.932126700000001e-9,38.40648062733848,29,0.5,hermatypic coral,npp
2_jurriaans2019,shallow,hard,-18.37,spp,3.9668175e-9,38.40648062733848,29,0.5,hermatypic coral,npp
2_jurriaans2019,shallow,hard,-18.37,spp,5.535444950000001e-9,38.27978928434875,30,0.5,hermatypic coral,npp
2_jurriaans2019,shallow,hard,-18.37,spp,5.173453999999999e-9,38.15393102597508,31,0.5,hermatypic coral,npp
2_jurriaans2019,shallow,hard,-18.37,spp,4.147812966666666e-9,38.028897661970575,32,0.5,hermatypic coral,npp
2_jurriaans2019,shallow,hard,-18.37,spp,3.2428355999999998e-9,37.9046811090979,33,0.5,hermatypic coral,npp
2_jurriaans2019,shallow,hard,-18.37,spp,3.46908e-10,37.781273389387344,34,0.5,hermatypic coral,npp
3_jurriaans2019,shallow,hard,-14.4,spp,5.030303033333332e-9,39.31735768778696,22,0.5,hermatypic coral,npp
3_jurriaans2019,shallow,hard,-14.4,spp,5.030303033333332e-9,39.18459605453426,23,0.5,hermatypic coral,npp
3_jurriaans2019,shallow,hard,-14.4,spp,4.666666666666667e-9,39.052727987717724,24,0.5,hermatypic coral,npp
3_jurriaans2019,shallow,hard,-14.4,spp,4.424242416666666e-9,38.92174449622782,25,0.5,hermatypic coral,npp
3_jurriaans2019,shallow,hard,-14.4,spp,2.969696966666666e-9,38.79163670917708,26,0.5,hermatypic coral,npp
3_jurriaans2019,shallow,hard,-14.4,spp,3.5151515166666664e-9,38.66239587389746,27,0.5,hermatypic coral,npp
3_jurriaans2019,shallow,hard,-14.4,spp,3.5757575833333328e-9,38.53401335397749,28,0.5,hermatypic coral,npp
3_jurriaans2019,shallow,hard,-14.4,spp,3.090909083333333e-9,38.40648062733848,29,0.5,hermatypic coral,npp
3_jurriaans2019,shallow,hard,-14.4,spp,3.333333333333333e-9,38.27978928434875,30,0.5,hermatypic coral,npp
3_jurriaans2019,shallow,hard,-14.4,spp,1.8787878833333335e-9,38.27978928434875,30,0.5,hermatypic coral,npp
3_jurriaans2019,shallow,hard,-14.4,spp,3.333333333333333e-9,38.15393102597508,31,0.5,hermatypic coral,npp
3_jurriaans2019,shallow,hard,-14.4,spp,2.6060605999999998e-9,38.028897661970575,32,0.5,hermatypic coral,npp
3_jurriaans2019,shallow,hard,-14.4,spp,-6.666666666666666e-10,37.9046811090979,33,0.5,hermatypic coral,npp
3_jurriaans2019,shallow,hard,-14.4,spp,-3.090909083333333e-9,37.781273389387344,34,0.5,hermatypic coral,npp
7_jurriaans2019,shallow,hard,-23.26,cylindrica,1.5129662216666666e-8,39.31735768778696,22,0.5,hermatypic coral,npp
7_jurriaans2019,shallow,hard,-23.26,cylindrica,1.59190777e-8,39.18459605453426,23,0.5,hermatypic coral,npp
7_jurriaans2019,shallow,hard,-23.26,cylindrica,1.4995048116666667e-8,39.052727987717724,24,0.5,hermatypic coral,npp
7_jurriaans2019,shallow,hard,-23.26,cylindrica,1.5005144183333334e-8,38.92174449622782,25,0.5,hermatypic coral,npp
7_jurriaans2019,shallow,hard,-23.26,cylindrica,1.3769098366666667e-8,38.79163670917708,26,0.5,hermatypic coral,npp
7_jurriaans2019,shallow,hard,-23.26,cylindrica,1.6271958916666664e-8,38.66239587389746,27,0.5,hermatypic coral,npp
7_jurriaans2019,shallow,hard,-23.26,cylindrica,1.8774819466666667e-08,38.53401335397749,28,0.5,hermatypic coral,npp
7_jurriaans2019,shallow,hard,-23.26,cylindrica,1.6905606683333334e-8,38.53401335397749,28,0.5,hermatypic coral,npp
7_jurriaans2019,shallow,hard,-23.26,cylindrica,2.4081499216666663e-8,38.40648062733848,29,0.5,hermatypic coral,npp
7_jurriaans2019,shallow,hard,-23.26,cylindrica,2.097575985e-8,38.27978928434875,30,0.5,hermatypic coral,npp
7_jurriaans2019,shallow,hard,-23.26,cylindrica,1.849405295e-8,38.15393102597508,31,0.5,hermatypic coral,npp
7_jurriaans2019,shallow,hard,-23.26,cylindrica,1.8816165233333335e-8,38.028897661970575,32,0.5,hermatypic coral,npp
7_jurriaans2019,shallow,hard,-18.37,cylindrica,7.923000733333333e-9,37.9046811090979,33,0.5,hermatypic coral,npp
8_jurriaans2019,shallow,hard,-18.37,cylindrica,3.720930233333333e-9,39.18459605453426,23,0.5,hermatypic coral,npp
8_jurriaans2019,shallow,hard,-18.37,cylindrica,3.953488366666667e-9,39.052727987717724,24,0.5,hermatypic coral,npp
8_jurriaans2019,shallow,hard,-18.37,cylindrica,4.108527133333333e-9,38.92174449622782,25,0.5,hermatypic coral,npp
8_jurriaans2019,shallow,hard,-18.37,cylindrica,3.798449616666667e-9,38.79163670917708,26,0.5,hermatypic coral,npp
8_jurriaans2019,shallow,hard,-18.37,cylindrica,3.759689916666667e-9,38.66239587389746,27,0.5,hermatypic coral,npp
8_jurriaans2019,shallow,hard,-18.37,cylindrica,3.2558139499999998e-9,38.53401335397749,28,0.5,hermatypic coral,npp
8_jurriaans2019,shallow,hard,-18.37,cylindrica,3.178294566666667e-9,38.40648062733848,29,0.5,hermatypic coral,npp
8_jurriaans2019,shallow,hard,-18.37,cylindrica,2.9457364333333334e-9,38.40648062733848,29,0.5,hermatypic coral,npp
8_jurriaans2019,shallow,hard,-18.37,cylindrica,2.3255813999999998e-9,38.27978928434875,30,0.5,hermatypic coral,npp
8_jurriaans2019,shallow,hard,-18.37,cylindrica,2.4806201499999997e-9,38.15393102597508,31,0.5,hermatypic coral,npp
8_jurriaans2019,shallow,hard,-18.37,cylindrica,2.4031007833333334e-9,38.028897661970575,32,0.5,hermatypic coral,npp
8_jurriaans2019,shallow,hard,-18.37,cylindrica,2.4031007833333334e-9,37.9046811090979,33,0.5,hermatypic coral,npp
8_jurriaans2019,shallow,hard,-18.37,cylindrica,1.6279069833333331e-9,37.781273389387344,34,0.5,hermatypic coral,npp
9_jurriaans2019,shallow,hard,-14.4,cylindrica,9.589947083333333e-9,39.31735768778696,22,0.5,hermatypic coral,npp
9_jurriaans2019,shallow,hard,-14.4,cylindrica,1.0660474866666666e-8,39.18459605453426,23,0.5,hermatypic coral,npp
9_jurriaans2019,shallow,hard,-14.4,cylindrica,9.273245333333332e-9,39.052727987717724,24,0.5,hermatypic coral,npp
9_jurriaans2019,shallow,hard,-14.4,cylindrica,9.421640016666666e-9,38.92174449622782,25,0.5,hermatypic coral,npp
9_jurriaans2019,shallow,hard,-14.4,cylindrica,7.726716733333333e-9,38.79163670917708,26,0.5,hermatypic coral,npp
9_jurriaans2019,shallow,hard,-14.4,cylindrica,9.257599899999999e-9,38.66239587389746,27,0.5,hermatypic coral,npp
9_jurriaans2019,shallow,hard,-14.4,cylindrica,1.04812634e-8,38.53401335397749,28,0.5,hermatypic coral,npp
9_jurriaans2019,shallow,hard,-14.4,cylindrica,1.04762853e-8,38.40648062733848,29,0.5,hermatypic coral,npp
9_jurriaans2019,shallow,hard,-14.4,cylindrica,1.0164087533333331e-8,38.27978928434875,30,0.5,hermatypic coral,npp
9_jurriaans2019,shallow,hard,-14.4,cylindrica,8.627515116666667e-9,38.27978928434875,30,0.5,hermatypic coral,npp
9_jurriaans2019,shallow,hard,-14.4,cylindrica,1.1080531383333331e-8,38.15393102597508,31,0.5,hermatypic coral,npp
9_jurriaans2019,shallow,hard,-14.4,cylindrica,8.4639491e-9,38.028897661970575,32,0.5,hermatypic coral,npp
9_jurriaans2019,shallow,hard,-14.4,cylindrica,6.538611066666666e-9,37.9046811090979,33,0.5,hermatypic coral,npp
9_jurriaans2019,shallow,hard,-14.4,cylindrica,1.3874665833333334e-9,37.781273389387344,34,0.5,hermatypic coral,npp
1_jurriaans2021,shallow,hard,42.5,caespitosa,1.2111909616666666e-8,40.696188397511214,12,0.5,hermatypic coral,npp
1_jurriaans2021,shallow,hard,42.5,caespitosa,1.2914969066666666e-8,40.55396862327563,13,0.5,hermatypic coral,npp
1_jurriaans2021,shallow,hard,42.5,caespitosa,1.2388241283333332e-8,40.41273940989142,14,0.5,hermatypic coral,npp
1_jurriaans2021,shallow,hard,42.5,caespitosa,1.1861985066666667e-8,40.27249044438772,15,0.5,hermatypic coral,npp
1_jurriaans2021,shallow,hard,42.5,caespitosa,1.1467764449999999e-8,40.1332115564597,16,0.5,hermatypic coral,npp
1_jurriaans2021,shallow,hard,42.5,caespitosa,1.2005338016666666e-8,39.99489271601007,17,0.5,hermatypic coral,npp
1_jurriaans2021,shallow,hard,42.5,caespitosa,1.2010996683333333e-8,39.857524030741274,18,0.5,hermatypic coral,npp
1_jurriaans2021,shallow,hard,42.5,caespitosa,1.4404613699999998e-8,39.857524030741274,18,0.5,hermatypic coral,npp
1_jurriaans2021,shallow,hard,42.5,caespitosa,1.294703485e-8,39.7210957437971,19,0.5,hermatypic coral,npp
1_jurriaans2021,shallow,hard,42.5,caespitosa,8.82988155e-9,39.58559823145258,20,0.5,hermatypic coral,npp
1_jurriaans2021,shallow,hard,42.5,caespitosa,1.1495114683333333e-8,39.451022000851,21,0.5,hermatypic coral,npp
1_jurriaans2021,shallow,hard,42.5,caespitosa,1.1765787683333334e-8,39.31735768778696,22,0.5,hermatypic coral,npp
1_jurriaans2021,shallow,hard,42.5,caespitosa,6.5852761499999994e-9,39.18459605453426,23,0.5,hermatypic coral,npp
2_jurriaans2021,shallow,hard,42.5,singularis,5.017452e-9,40.696188397511214,12,0.5,hermatypic coral,npp
2_jurriaans2021,shallow,hard,42.5,singularis,5.191972083333333e-9,40.55396862327563,13,0.5,hermatypic coral,npp
2_jurriaans2021,shallow,hard,42.5,singularis,4.5375218166666666e-9,40.41273940989142,14,0.5,hermatypic coral,npp
2_jurriaans2021,shallow,hard,42.5,singularis,5.061082016666666e-9,40.27249044438772,15,0.5,hermatypic coral,npp
2_jurriaans2021,shallow,hard,42.5,singularis,5.279232116666666e-9,40.1332115564597,16,0.5,hermatypic coral,npp
2_jurriaans2021,shallow,hard,42.5,singularis,5.061082016666666e-9,39.99489271601007,17,0.5,hermatypic coral,npp
2_jurriaans2021,shallow,hard,42.5,singularis,4.973821983333334e-9,39.857524030741274,18,0.5,hermatypic coral,npp
2_jurriaans2021,shallow,hard,42.5,singularis,5.5410122166666665e-9,39.857524030741274,18,0.5,hermatypic coral,npp
2_jurriaans2021,shallow,hard,42.5,singularis,4.406631766666666e-9,39.7210957437971,19,0.5,hermatypic coral,npp
2_jurriaans2021,shallow,hard,42.5,singularis,4.581151833333334e-9,39.58559823145258,20,0.5,hermatypic coral,npp
2_jurriaans2021,shallow,hard,42.5,singularis,1.963350783333333e-9,39.451022000851,21,0.5,hermatypic coral,npp
2_jurriaans2021,shallow,hard,42.5,singularis,2.61780105e-9,39.31735768778696,22,0.5,hermatypic coral,npp
2_jurriaans2021,shallow,hard,42.5,singularis,1.3961605666666666e-9,39.18459605453426,23,0.5,hermatypic coral,npp
3_jurriaans2021,shallow,hard,-25,intermedia,1.2958115183333333e-8,39.31735768778696,22,0.5,hermatypic coral,npp
3_jurriaans2021,shallow,hard,-25,intermedia,1.2696335083333334e-8,39.18459605453426,23,0.5,hermatypic coral,npp
3_jurriaans2021,shallow,hard,-25,intermedia,1.086387435e-8,39.052727987717724,24,0.5,hermatypic coral,npp
3_jurriaans2021,shallow,hard,-25,intermedia,1.1910994766666664e-8,38.92174449622782,25,0.5,hermatypic coral,npp
3_jurriaans2021,shallow,hard,-25,intermedia,1.0340314133333333e-8,38.79163670917708,26,0.5,hermatypic coral,npp
3_jurriaans2021,shallow,hard,-25,intermedia,1.0602094233333332e-8,38.66239587389746,27,0.5,hermatypic coral,npp
3_jurriaans2021,shallow,hard,-25,intermedia,8.507853399999999e-9,38.53401335397749,28,0.5,hermatypic coral,npp
3_jurriaans2021,shallow,hard,-25,intermedia,9.816753933333333e-9,38.53401335397749,28,0.5,hermatypic coral,npp
3_jurriaans2021,shallow,hard,-25,intermedia,8.246073299999998e-9,38.40648062733848,29,0.5,hermatypic coral,npp
3_jurriaans2021,shallow,hard,-25,intermedia,9.685863866666666e-9,38.27978928434875,30,0.5,hermatypic coral,npp
3_jurriaans2021,shallow,hard,-25,intermedia,9.031413616666668e-9,38.15393102597508,31,0.5,hermatypic coral,npp
3_jurriaans2021,shallow,hard,-25,intermedia,9.816753933333333e-9,38.028897661970575,32,0.5,hermatypic coral,npp
4_jurriaans2021,shallow,hard,-25,cylindrica,1.50996473e-8,39.31735768778696,22,0.5,hermatypic coral,npp
4_jurriaans2021,shallow,hard,-25,cylindrica,1.6139445200000003e-8,39.18459605453426,23,0.5,hermatypic coral,npp
4_jurriaans2021,shallow,hard,-25,cylindrica,1.4735962116666665e-8,39.052727987717724,24,0.5,hermatypic coral,npp
4_jurriaans2021,shallow,hard,-25,cylindrica,1.5078289949999997e-8,38.92174449622782,25,0.5,hermatypic coral,npp
4_jurriaans2021,shallow,hard,-25,cylindrica,1.3675417083333332e-8,38.79163670917708,26,0.5,hermatypic coral,npp
4_jurriaans2021,shallow,hard,-25,cylindrica,1.6111375533333334e-8,38.66239587389746,27,0.5,hermatypic coral,npp
4_jurriaans2021,shallow,hard,-25,cylindrica,1.6628223433333334e-8,38.53401335397749,28,0.5,hermatypic coral,npp
4_jurriaans2021,shallow,hard,-25,cylindrica,1.8548554416666667e-8,38.53401335397749,28,0.5,hermatypic coral,npp
4_jurriaans2021,shallow,hard,-25,cylindrica,2.377683398333333e-8,38.40648062733848,29,0.5,hermatypic coral,npp
4_jurriaans2021,shallow,hard,-25,cylindrica,2.0628150216666663e-8,38.27978928434875,30,0.5,hermatypic coral,npp
4_jurriaans2021,shallow,hard,-25,cylindrica,1.8177546716666665e-8,38.15393102597508,31,0.5,hermatypic coral,npp
4_jurriaans2021,shallow,hard,-25,cylindrica,1.852048475e-8,38.028897661970575,32,0.5,hermatypic coral,npp
4_jurriaans2021,shallow,hard,-25,cylindrica,7.692917899999998e-9,37.9046811090979,33,0.5,hermatypic coral,npp
1_jurriaans2020,shallow,hard,-18,valenciennesi,2.557077633333333e-9,39.7210957437971,19,0.5,hermatypic coral,npp
1_jurriaans2020,shallow,hard,-18,valenciennesi,3.226788433333333e-9,39.58559823145258,20,0.5,hermatypic coral,npp
1_jurriaans2020,shallow,hard,-18,valenciennesi,5.60121765e-9,39.451022000851,21,0.5,hermatypic coral,npp
1_jurriaans2020,shallow,hard,-18,valenciennesi,7.671232883333333e-9,39.31735768778696,22,0.5,hermatypic coral,npp
1_jurriaans2020,shallow,hard,-18,valenciennesi,7.549467283333333e-9,39.18459605453426,23,0.5,hermatypic coral,npp
1_jurriaans2020,shallow,hard,-18,valenciennesi,7.792998483333333e-9,39.052727987717724,24,0.5,hermatypic coral,npp
1_jurriaans2020,shallow,hard,-18,valenciennesi,8.767123283333333e-9,39.052727987717724,24,0.5,hermatypic coral,npp
1_jurriaans2020,shallow,hard,-18,valenciennesi,8.888888883333332e-9,38.92174449622782,25,0.5,hermatypic coral,npp
1_jurriaans2020,shallow,hard,-18,valenciennesi,7.245053266666666e-9,38.79163670917708,26,0.5,hermatypic coral,npp
1_jurriaans2020,shallow,hard,-18,valenciennesi,6.331811266666666e-9,38.66239587389746,27,0.5,hermatypic coral,npp
1_jurriaans2020,shallow,hard,-18,valenciennesi,4.018264833333333e-9,38.53401335397749,28,0.5,hermatypic coral,npp
1_jurriaans2020,shallow,hard,-18,valenciennesi,2.9832572333333333e-9,38.40648062733848,29,0.5,hermatypic coral,npp
1_jurriaans2020,shallow,hard,-18,valenciennesi,3.896499233333333e-9,38.27978928434875,30,0.5,hermatypic coral,npp
1_jurriaans2020,shallow,hard,-18,valenciennesi,2.4353120166666667e-9,38.15393102597508,31,0.5,hermatypic coral,npp
2_jurriaans2020,shallow,hard,-18,valenciennesi,4.140030433333333e-9,39.18459605453426,23,0.5,hermatypic coral,npp
2_jurriaans2020,shallow,hard,-18,valenciennesi,4.140030433333333e-9,39.052727987717724,24,0.5,hermatypic coral,npp
2_jurriaans2020,shallow,hard,-18,valenciennesi,4.38356165e-9,38.92174449622782,25,0.5,hermatypic coral,npp
2_jurriaans2020,shallow,hard,-18,valenciennesi,4.140030433333333e-9,38.79163670917708,26,0.5,hermatypic coral,npp
2_jurriaans2020,shallow,hard,-18,valenciennesi,3.9573820333333335e-9,38.66239587389746,27,0.5,hermatypic coral,npp
2_jurriaans2020,shallow,hard,-18,valenciennesi,3.165905633333333e-9,38.53401335397749,28,0.5,hermatypic coral,npp
2_jurriaans2020,shallow,hard,-18,valenciennesi,4.140030433333333e-9,38.40648062733848,29,0.5,hermatypic coral,npp
2_jurriaans2020,shallow,hard,-18,valenciennesi,4.9923896499999994e-9,38.40648062733848,29,0.5,hermatypic coral,npp
2_jurriaans2020,shallow,hard,-18,valenciennesi,5.60121765e-9,38.27978928434875,30,0.5,hermatypic coral,npp
2_jurriaans2020,shallow,hard,-18,valenciennesi,5.175038049999999e-9,38.15393102597508,31,0.5,hermatypic coral,npp
2_jurriaans2020,shallow,hard,-18,valenciennesi,4.32267885e-9,38.028897661970575,32,0.5,hermatypic coral,npp
2_jurriaans2020,shallow,hard,-18,valenciennesi,3.5312024333333334e-9,37.9046811090979,33,0.5,hermatypic coral,npp
2_jurriaans2020,shallow,hard,-18,valenciennesi,4.261796e-10,37.781273389387344,34,0.5,hermatypic coral,npp
3_jurriaans2020,shallow,hard,-18,cylindrica,6.093514333333333e-9,39.7210957437971,19,0.5,hermatypic coral,npp
3_jurriaans2020,shallow,hard,-18,cylindrica,6.2745098e-9,39.58559823145258,20,0.5,hermatypic coral,npp
3_jurriaans2020,shallow,hard,-18,cylindrica,6.0331825e-9,39.451022000851,21,0.5,hermatypic coral,npp
3_jurriaans2020,shallow,hard,-18,cylindrica,6.0331825e-9,39.31735768778696,22,0.5,hermatypic coral,npp
3_jurriaans2020,shallow,hard,-18,cylindrica,7.4208144833333326e-9,39.18459605453426,23,0.5,hermatypic coral,npp
3_jurriaans2020,shallow,hard,-18,cylindrica,7.300150833333333e-9,39.052727987717724,24,0.5,hermatypic coral,npp
3_jurriaans2020,shallow,hard,-18,cylindrica,6.334841633333332e-9,39.052727987717724,24,0.5,hermatypic coral,npp
3_jurriaans2020,shallow,hard,-18,cylindrica,5.5505279e-9,38.92174449622782,25,0.5,hermatypic coral,npp
3_jurriaans2020,shallow,hard,-18,cylindrica,3.3182503833333334e-9,38.79163670917708,26,0.5,hermatypic coral,npp
3_jurriaans2020,shallow,hard,-18,cylindrica,5.007541483333333e-9,38.66239587389746,27,0.5,hermatypic coral,npp
3_jurriaans2020,shallow,hard,-18,cylindrica,4.162895933333334e-9,38.53401335397749,28,0.5,hermatypic coral,npp
3_jurriaans2020,shallow,hard,-18,cylindrica,3.4992458499999994e-9,38.40648062733848,29,0.5,hermatypic coral,npp
3_jurriaans2020,shallow,hard,-18,cylindrica,2.714932133333333e-9,38.27978928434875,30,0.5,hermatypic coral,npp
3_jurriaans2020,shallow,hard,-18,cylindrica,1.6892911e-9,38.15393102597508,31,0.5,hermatypic coral,npp
4_jurriaans2020,shallow,hard,-18,cylindrica,3.921568633333333e-9,39.18459605453426,23,0.5,hermatypic coral,npp
4_jurriaans2020,shallow,hard,-18,cylindrica,4.0422322833333326e-9,39.052727987717724,24,0.5,hermatypic coral,npp
4_jurriaans2020,shallow,hard,-18,cylindrica,4.1025641e-9,38.92174449622782,25,0.5,hermatypic coral,npp
4_jurriaans2020,shallow,hard,-18,cylindrica,3.800904983333333e-9,38.79163670917708,26,0.5,hermatypic coral,npp
4_jurriaans2020,shallow,hard,-18,cylindrica,3.74057315e-9,38.66239587389746,27,0.5,hermatypic coral,npp
4_jurriaans2020,shallow,hard,-18,cylindrica,3.197586733333333e-9,38.53401335397749,28,0.5,hermatypic coral,npp
4_jurriaans2020,shallow,hard,-18,cylindrica,2.956259433333333e-9,38.40648062733848,29,0.5,hermatypic coral,npp
4_jurriaans2020,shallow,hard,-18,cylindrica,3.680241333333333e-9,38.40648062733848,29,0.5,hermatypic coral,npp
4_jurriaans2020,shallow,hard,-18,cylindrica,2.1116138833333338e-9,38.27978928434875,30,0.5,hermatypic coral,npp
4_jurriaans2020,shallow,hard,-18,cylindrica,2.5339366500000002e-9,38.15393102597508,31,0.5,hermatypic coral,npp
4_jurriaans2020,shallow,hard,-18,cylindrica,2.473604833333333e-9,38.028897661970575,32,0.5,hermatypic coral,npp
4_jurriaans2020,shallow,hard,-18,cylindrica,2.473604833333333e-9,37.9046811090979,33,0.5,hermatypic coral,npp
4_jurriaans2020,shallow,hard,-18,cylindrica,1.6892911e-9,37.781273389387344,34,0.5,hermatypic coral,npp
1_zelli2023,shallow,soft,0,flava,9.475119283333332e-9,38.79163670917708,26,0,soft coral,npp
2_zelli2023,shallow,soft,0,flava,1.7655078383333333e-8,38.79163670917708,26,0.285714286,soft coral,npp
1_zelli2023,shallow,soft,0,flava,1.0565780499999998e-8,38.53401335397749,28,0,soft coral,npp
2_zelli2023,shallow,soft,0,flava,1.5473755966666665e-8,38.53401335397749,28,0.285714286,soft coral,npp
1_zelli2023,shallow,soft,0,flava,4.0218132166666665e-9,38.27978928434875,30,0,soft coral,npp
2_zelli2023,shallow,soft,0,flava,7.566462166666666e-9,38.27978928434875,30,0.285714286,soft coral,npp
1_zelli2023,shallow,soft,0,flava,1.0565780499999998e-8,38.028897661970575,32,0,soft coral,npp
2_zelli2023,shallow,soft,0,flava,1.2951601833333332e-9,38.028897661970575,32,0.285714286,soft coral,npp
5_simancas-giraldo2021,shallow,soft,29.53,umbellata,3.5502847723958333e-9,38.79163670917708,26,0,soft coral,npp
6_simancas-giraldo2021,shallow,soft,29.53,umbellata,6.276229015625e-9,38.79163670917708,26,0.285714286,soft coral,npp
5_simancas-giraldo2021,shallow,soft,29.53,umbellata,2.9039268583333336e-9,38.53401335397749,28,0,soft coral,npp
6_simancas-giraldo2021,shallow,soft,29.53,umbellata,1.3863908874999999e-9,38.53401335397749,28,0.285714286,soft coral,npp
5_simancas-giraldo2021,shallow,soft,29.53,umbellata,4.0280275781249997e-10,38.27978928434875,30,0,soft coral,npp
6_simancas-giraldo2021,shallow,soft,29.53,umbellata,1.1334682255208333e-9,38.27978928434875,30,0.285714286,soft coral,npp
5_simancas-giraldo2021,shallow,soft,29.53,umbellata,1.0210581536458333e-9,38.028897661970575,32,0,soft coral,npp
6_simancas-giraldo2021,shallow,soft,29.53,umbellata,2.6229016770833335e-10,38.028897661970575,32,0.285714286,soft coral,npp
1_puntin2023,shallow,hard,22.3054,fascicularis,5.458013541666667e-9,39.42287716248921,21.21,1.2,hermatypic coral,npp
1_puntin2023,shallow,hard,22.3054,fascicularis,6.796421354166666e-9,39.17269147161195,23.09,1.2,hermatypic coral,npp
1_puntin2023,shallow,hard,22.3054,fascicularis,4.944323958333333e-9,39.05667111453393,23.97,1.2,hermatypic coral,npp
1_puntin2023,shallow,hard,22.3054,fascicularis,5.0467052083333334e-9,38.994986799120674,24.44,1.2,hermatypic coral,npp
1_puntin2023,shallow,hard,22.3054,fascicularis,5.0711260416666666e-9,38.90869445616202,25.1,1.2,hermatypic coral,npp
1_puntin2023,shallow,hard,22.3054,fascicularis,4.4168171875e-9,38.76054017018044,26.24,1.2,hermatypic coral,npp
1_puntin2023,shallow,hard,22.3054,fascicularis,4.5710468750000005e-9,38.643083987846566,27.15,1.2,hermatypic coral,npp
1_puntin2023,shallow,hard,22.3054,fascicularis,5.203997916666667e-9,38.52377957557456,28.08,1.2,hermatypic coral,npp
1_puntin2023,shallow,hard,22.3054,fascicularis,3.1864067708333334e-9,38.26969007535641,30.08,1.2,hermatypic coral,npp
1_puntin2023,shallow,hard,22.3054,fascicularis,1.6956380208333332e-9,38.01643938263824,32.1,1.2,hermatypic coral,npp
1_rodolfo-metalpa2014,shallow,hard,44.19,patagonica,0.019660894666666665,39.58559823145258,20,0.857142857,hermatypic coral,npp
1_rodolfo-metalpa2014,shallow,hard,44.19,patagonica,0.017676767683333334,39.31735768778696,22,0.857142857,hermatypic coral,npp
1_rodolfo-metalpa2014,shallow,hard,44.19,patagonica,0.027597402599999998,39.052727987717724,24,0.857142857,hermatypic coral,npp
1_rodolfo-metalpa2014,shallow,hard,44.19,patagonica,0.011363636366666667,38.79163670917708,26,0.857142857,hermatypic coral,npp
1_rodolfo-metalpa2014,shallow,hard,44.19,patagonica,0.011363636366666667,38.53401335397749,28,0.857142857,hermatypic coral,npp
1_rodolfo-metalpa2014,shallow,hard,44.19,patagonica,0.0101010101,38.27978928434875,30,0.857142857,hermatypic coral,npp
1_rodolfo-metalpa2014,shallow,hard,44.19,patagonica,5.411255333333334e-4,38.028897661970575,32,0.857142857,hermatypic coral,npp
3_rodolfo-metalpa2014,shallow,hard,38.2,patagonica,0.011603375533333333,39.58559823145258,20,0.857142857,hermatypic coral,npp
3_rodolfo-metalpa2014,shallow,hard,38.2,patagonica,0.013009845283333333,39.31735768778696,22,0.857142857,hermatypic coral,npp
3_rodolfo-metalpa2014,shallow,hard,38.2,patagonica,0.015646976083333333,39.052727987717724,24,0.857142857,hermatypic coral,npp
3_rodolfo-metalpa2014,shallow,hard,38.2,patagonica,0.01793248945,38.79163670917708,26,0.857142857,hermatypic coral,npp
3_rodolfo-metalpa2014,shallow,hard,38.2,patagonica,0.008438818566666667,38.53401335397749,28,0.857142857,hermatypic coral,npp
3_rodolfo-metalpa2014,shallow,hard,38.2,patagonica,0.0123066104,38.27978928434875,30,0.857142857,hermatypic coral,npp
5_rodolfo-metalpa2014,shallow,hard,37.34,patagonica,0.0087535014,39.58559823145258,20,0.857142857,hermatypic coral,npp
5_rodolfo-metalpa2014,shallow,hard,37.34,patagonica,0.01032913165,39.31735768778696,22,0.857142857,hermatypic coral,npp
5_rodolfo-metalpa2014,shallow,hard,37.34,patagonica,0.012254901966666667,39.052727987717724,24,0.857142857,hermatypic coral,npp
5_rodolfo-metalpa2014,shallow,hard,37.34,patagonica,0.012079831933333333,38.79163670917708,26,0.857142857,hermatypic coral,npp
5_rodolfo-metalpa2014,shallow,hard,37.34,patagonica,0.009628851533333333,38.53401335397749,28,0.857142857,hermatypic coral,npp
5_rodolfo-metalpa2014,shallow,hard,37.34,patagonica,0.009278711483333334,38.27978928434875,30,0.857142857,hermatypic coral,npp
5_rodolfo-metalpa2014,shallow,hard,37.34,patagonica,0.0022759103666666666,38.028897661970575,32,0.857142857,hermatypic coral,npp
7_rodolfo-metalpa2014,shallow,hard,32.3,patagonica,0.0161637931,39.58559823145258,20,0.857142857,hermatypic coral,npp
7_rodolfo-metalpa2014,shallow,hard,32.3,patagonica,0.012931034483333333,39.31735768778696,22,0.857142857,hermatypic coral,npp
7_rodolfo-metalpa2014,shallow,hard,32.3,patagonica,0.024425287349999998,39.052727987717724,24,0.857142857,hermatypic coral,npp
7_rodolfo-metalpa2014,shallow,hard,32.3,patagonica,0.0168821839,38.79163670917708,26,0.857142857,hermatypic coral,npp
7_rodolfo-metalpa2014,shallow,hard,32.3,patagonica,0.010416666666666666,38.53401335397749,28,0.857142857,hermatypic coral,npp
7_rodolfo-metalpa2014,shallow,hard,32.3,patagonica,0.010416666666666666,38.27978928434875,30,0.857142857,hermatypic coral,npp
7_rodolfo-metalpa2014,shallow,hard,32.3,patagonica,0.005028735633333333,38.028897661970575,32,0.857142857,hermatypic coral,npp
3_ezzat2013,shallow,soft,43.19,singularis,7.453319366666666e-9,39.857524030741274,18,0.4,soft coral,npp
3_ezzat2013,shallow,soft,43.19,singularis,-9.963192833333332e-10,39.052727987717724,24,0.4,soft coral,npp
3_ezzat2013,shallow,soft,43.19,singularis,6.121275666666666e-10,38.79163670917708,26,0.4,soft coral,npp
1_aichelman2019,shallow,hard,41.4774,poculata,NA,41.570904967043965,6,9,hermatypic coral,npp
1_aichelman2019,shallow,hard,41.4774,poculata,NA,41.12889640811739,9,9,hermatypic coral,npp
1_aichelman2019,shallow,hard,41.4774,poculata,NA,40.696188397511214,12,9,hermatypic coral,npp
1_aichelman2019,shallow,hard,41.4774,poculata,NA,40.27249044438772,15,9,hermatypic coral,npp
1_aichelman2019,shallow,hard,41.4774,poculata,NA,39.857524030741274,18,9,hermatypic coral,npp
1_aichelman2019,shallow,hard,41.4774,poculata,NA,39.31735768778696,22,9,hermatypic coral,npp
1_aichelman2019,shallow,hard,41.4774,poculata,NA,38.79163670917708,26,9,hermatypic coral,npp
1_aichelman2019,shallow,hard,41.4774,poculata,NA,38.40648062733848,29,9,hermatypic coral,npp
1_aichelman2019,shallow,hard,41.4774,poculata,NA,38.028897661970575,32,9,hermatypic coral,npp
2_aichelman2019,deep,hard,37.8992,poculata,NA,41.570904967043965,6,9,hermatypic coral,npp
2_aichelman2019,deep,hard,37.8992,poculata,NA,41.12889640811739,9,9,hermatypic coral,npp
2_aichelman2019,deep,hard,37.8992,poculata,NA,40.696188397511214,12,9,hermatypic coral,npp
2_aichelman2019,deep,hard,37.8992,poculata,NA,40.27249044438772,15,9,hermatypic coral,npp
2_aichelman2019,deep,hard,37.8992,poculata,NA,39.857524030741274,18,9,hermatypic coral,npp
2_aichelman2019,deep,hard,37.8992,poculata,NA,39.31735768778696,22,9,hermatypic coral,npp
2_aichelman2019,deep,hard,37.8992,poculata,NA,38.79163670917708,26,9,hermatypic coral,npp
2_aichelman2019,deep,hard,37.8992,poculata,NA,38.40648062733848,29,9,hermatypic coral,npp
2_aichelman2019,deep,hard,37.8992,poculata,NA,38.028897661970575,32,9,hermatypic coral,npp
1_simancas-giraldo2021,shallow,soft,29.53,umbellata,8.44696969791667e-9,38.79163670917708,26,0,soft coral,gpp
2_simancas-giraldo2021,shallow,soft,29.53,umbellata,1.0113636364583334e-8,38.79163670917708,26,0.285714286,soft coral,gpp
1_simancas-giraldo2021,shallow,soft,29.53,umbellata,5.681818182291667e-9,38.53401335397749,28,0,soft coral,gpp
2_simancas-giraldo2021,shallow,soft,29.53,umbellata,2.310606060416667e-9,38.53401335397749,28,0.285714286,soft coral,gpp
1_simancas-giraldo2021,shallow,soft,29.53,umbellata,2.9166666666666667e-9,38.27978928434875,30,0,soft coral,gpp
2_simancas-giraldo2021,shallow,soft,29.53,umbellata,2.537878788020833e-9,38.27978928434875,30,0.285714286,soft coral,gpp
1_simancas-giraldo2021,shallow,soft,29.53,umbellata,3.2954545453125003e-9,38.028897661970575,32,0,soft coral,gpp
2_simancas-giraldo2021,shallow,soft,29.53,umbellata,1.2499999999999998e-9,38.028897661970575,32,0.285714286,soft coral,gpp
1_ezzat2013,shallow,soft,43.19,singularis,1.8206429783333332e-8,39.857524030741274,18,0.4,soft coral,gpp
1_ezzat2013,shallow,soft,43.19,singularis,3.45177665e-9,39.052727987717724,24,0.4,soft coral,gpp
1_ezzat2013,shallow,soft,43.19,singularis,4.1285955999999994e-9,38.79163670917708,26,0.4,soft coral,gpp
3_aichelman2019,deep,hard,41.4774,poculata,5.555555499999999e-10,41.570904967043965,6,9,hermatypic coral,gpp
3_aichelman2019,deep,hard,41.4774,poculata,3.518518516666666e-9,41.12889640811739,9,9,hermatypic coral,gpp
3_aichelman2019,deep,hard,41.4774,poculata,7.5757575e-10,40.696188397511214,12,9,hermatypic coral,gpp
3_aichelman2019,deep,hard,41.4774,poculata,5.740740733333333e-9,40.27249044438772,15,9,hermatypic coral,gpp
3_aichelman2019,deep,hard,41.4774,poculata,5e-9,39.857524030741274,18,9,hermatypic coral,gpp
3_aichelman2019,deep,hard,41.4774,poculata,1.4831649833333332e-8,39.31735768778696,22,9,hermatypic coral,gpp
3_aichelman2019,deep,hard,41.4774,poculata,1.664983165e-8,38.79163670917708,26,9,hermatypic coral,gpp
3_aichelman2019,deep,hard,41.4774,poculata,1.2811447816666667e-8,38.40648062733848,29,9,hermatypic coral,gpp
3_aichelman2019,deep,hard,41.4774,poculata,4.7306397333333335e-9,38.028897661970575,32,9,hermatypic coral,gpp
4_aichelman2019,deep,hard,37.8992,poculata,1.7003367e-9,41.570904967043965,6,9,hermatypic coral,gpp
4_aichelman2019,deep,hard,37.8992,poculata,1.2962963e-9,41.12889640811739,9,9,hermatypic coral,gpp
4_aichelman2019,deep,hard,37.8992,poculata,-9.259259333333332e-10,40.696188397511214,12,9,hermatypic coral,gpp
4_aichelman2019,deep,hard,37.8992,poculata,2.441077433333333e-9,40.27249044438772,15,9,hermatypic coral,gpp
4_aichelman2019,deep,hard,37.8992,poculata,3.114478116666667e-9,39.857524030741274,18,9,hermatypic coral,gpp
4_aichelman2019,deep,hard,37.8992,poculata,7.087542083333333e-9,39.31735768778696,22,9,hermatypic coral,gpp
4_aichelman2019,deep,hard,37.8992,poculata,1.0723905716666667e-8,38.79163670917708,26,9,hermatypic coral,gpp
4_aichelman2019,deep,hard,37.8992,poculata,1.1531986533333333e-8,38.40648062733848,29,9,hermatypic coral,gpp
4_aichelman2019,deep,hard,37.8992,poculata,4.461279466666667e-9,38.028897661970575,32,9,hermatypic coral,gpp
1_jurriaans2019,shallow,hard,-23.26,spp,6.492759366666667e-9,39.31735768778696,22,0.5,hermatypic coral,gpp
1_jurriaans2019,shallow,hard,-23.26,spp,6.148518e-9,39.18459605453426,23,0.5,hermatypic coral,gpp
1_jurriaans2019,shallow,hard,-23.26,spp,3.500894666666667e-9,39.052727987717724,24,0.5,hermatypic coral,gpp
1_jurriaans2019,shallow,hard,-23.26,spp,4.201926983333332e-9,38.92174449622782,25,0.5,hermatypic coral,gpp
1_jurriaans2019,shallow,hard,-23.26,spp,2.7514274166666664e-9,38.79163670917708,26,0.5,hermatypic coral,gpp
1_jurriaans2019,shallow,hard,-23.26,spp,1.8767222333333335e-9,38.66239587389746,27,0.5,hermatypic coral,gpp
1_jurriaans2019,shallow,hard,-23.26,spp,-5.861243333333265e-11,38.53401335397749,28,0.5,hermatypic coral,gpp
1_jurriaans2019,shallow,hard,-23.26,spp,1.2141148500000012e-9,38.53401335397749,28,0.5,hermatypic coral,gpp
1_jurriaans2019,shallow,hard,-23.26,spp,1.4238975000000024e-10,38.40648062733848,29,0.5,hermatypic coral,gpp
1_jurriaans2019,shallow,hard,-23.26,spp,9.191863333333328e-10,38.27978928434875,30,0.5,hermatypic coral,gpp
1_jurriaans2019,shallow,hard,-23.26,spp,5.292928166666655e-10,38.15393102597508,31,0.5,hermatypic coral,gpp
1_jurriaans2019,shallow,hard,-23.26,spp,1.745456550000001e-9,38.028897661970575,32,0.5,hermatypic coral,gpp
2_jurriaans2019,shallow,hard,-18.37,spp,-6.886867900000001e-9,37.9046811090979,33,0.5,hermatypic coral,gpp
2_jurriaans2019,shallow,hard,-18.37,spp,1.5864779333333333e-9,39.18459605453426,23,0.5,hermatypic coral,gpp
2_jurriaans2019,shallow,hard,-18.37,spp,2.00797045e-9,39.052727987717724,24,0.5,hermatypic coral,gpp
2_jurriaans2019,shallow,hard,-18.37,spp,2.4005424333333327e-9,38.92174449622782,25,0.5,hermatypic coral,gpp
2_jurriaans2019,shallow,hard,-18.37,spp,2.067472016666667e-9,38.79163670917708,26,0.5,hermatypic coral,gpp
2_jurriaans2019,shallow,hard,-18.37,spp,1.8261447166666667e-09,38.66239587389746,27,0.5,hermatypic coral,gpp
2_jurriaans2019,shallow,hard,-18.37,spp,2.458936999999999e-10,38.53401335397749,28,0.5,hermatypic coral,gpp
2_jurriaans2019,shallow,hard,-18.37,spp,8.34267366666667e-10,38.40648062733848,29,0.5,hermatypic coral,gpp
2_jurriaans2019,shallow,hard,-18.37,spp,1.8873068e-9,38.40648062733848,29,0.5,hermatypic coral,gpp
2_jurriaans2019,shallow,hard,-18.37,spp,1.3152614666666673e-9,38.27978928434875,30,0.5,hermatypic coral,gpp
2_jurriaans2019,shallow,hard,-18.37,spp,7.697842833333329e-10,38.15393102597508,31,0.5,hermatypic coral,gpp
2_jurriaans2019,shallow,hard,-18.37,spp,-6.228292333333329e-10,38.028897661970575,32,0.5,hermatypic coral,gpp
2_jurriaans2019,shallow,hard,-18.37,spp,-1.9559411666666662e-9,37.9046811090979,33,0.5,hermatypic coral,gpp
2_jurriaans2019,shallow,hard,-18.37,spp,-3.9650185999999996e-9,37.781273389387344,34,0.5,hermatypic coral,gpp
3_jurriaans2019,shallow,hard,-14.4,spp,3.0383838333333326e-9,39.31735768778696,22,0.5,hermatypic coral,gpp
3_jurriaans2019,shallow,hard,-14.4,spp,3.2242424333333334e-9,39.18459605453426,23,0.5,hermatypic coral,gpp
3_jurriaans2019,shallow,hard,-14.4,spp,2.137373733333334e-9,39.052727987717724,24,0.5,hermatypic coral,gpp
3_jurriaans2019,shallow,hard,-14.4,spp,1.595959583333333e-9,38.92174449622782,25,0.5,hermatypic coral,gpp
3_jurriaans2019,shallow,hard,-14.4,spp,-5.212121166666667e-10,38.79163670917708,26,0.5,hermatypic coral,gpp
3_jurriaans2019,shallow,hard,-14.4,spp,9.37373733333333e-10,38.66239587389746,27,0.5,hermatypic coral,gpp
3_jurriaans2019,shallow,hard,-14.4,spp,4.5656566666666676e-10,38.53401335397749,28,0.5,hermatypic coral,gpp
3_jurriaans2019,shallow,hard,-14.4,spp,-2.0606061666666684e-10,38.40648062733848,29,0.5,hermatypic coral,gpp
3_jurriaans2019,shallow,hard,-14.4,spp,-3.235996333333333e-10,38.27978928434875,30,0.5,hermatypic coral,gpp
3_jurriaans2019,shallow,hard,-14.4,spp,-1.1717171666666666e-9,38.27978928434875,30,0.5,hermatypic coral,gpp
3_jurriaans2019,shallow,hard,-14.4,spp,-7.4343435e-10,38.15393102597508,31,0.5,hermatypic coral,gpp
3_jurriaans2019,shallow,hard,-14.4,spp,-1.04242425e-9,38.028897661970575,32,0.5,hermatypic coral,gpp
3_jurriaans2019,shallow,hard,-14.4,spp,-4.129292933333333e-9,37.9046811090979,33,0.5,hermatypic coral,gpp
3_jurriaans2019,shallow,hard,-14.4,spp,-6.7919191833333335e-9,37.781273389387344,34,0.5,hermatypic coral,gpp
7_jurriaans2019,shallow,hard,-23.26,cylindrica,8.137791133333333e-9,39.31735768778696,22,0.5,hermatypic coral,gpp
7_jurriaans2019,shallow,hard,-23.26,cylindrica,8.10572795e-9,39.18459605453426,23,0.5,hermatypic coral,gpp
7_jurriaans2019,shallow,hard,-23.26,cylindrica,6.592065600000001e-9,39.052727987717724,24,0.5,hermatypic coral,gpp
7_jurriaans2019,shallow,hard,-23.26,cylindrica,6.129883000000001e-9,38.92174449622782,25,0.5,hermatypic coral,gpp
7_jurriaans2019,shallow,hard,-23.26,cylindrica,4.420842933333333e-9,38.79163670917708,26,0.5,hermatypic coral,gpp
7_jurriaans2019,shallow,hard,-23.26,cylindrica,6.450709233333332e-9,38.66239587389746,27,0.5,hermatypic coral,gpp
7_jurriaans2019,shallow,hard,-23.26,cylindrica,7.3177681999999995e-9,38.53401335397749,28,0.5,hermatypic coral,gpp
7_jurriaans2019,shallow,hard,-23.26,cylindrica,6.843924233333334e-9,38.53401335397749,28,0.5,hermatypic coral,gpp
7_jurriaans2019,shallow,hard,-23.26,cylindrica,1.1687046349999998e-8,38.40648062733848,29,0.5,hermatypic coral,gpp
7_jurriaans2019,shallow,hard,-23.26,cylindrica,6.0152595166666665e-9,38.27978928434875,30,0.5,hermatypic coral,gpp
7_jurriaans2019,shallow,hard,-23.26,cylindrica,3.0605583666666656e-9,38.15393102597508,31,0.5,hermatypic coral,gpp
7_jurriaans2019,shallow,hard,-23.26,cylindrica,5.700414016666666e-9,38.028897661970575,32,0.5,hermatypic coral,gpp
7_jurriaans2019,shallow,hard,-18.37,cylindrica,-1.0145153666666664e-9,37.9046811090979,33,0.5,hermatypic coral,gpp
8_jurriaans2019,shallow,hard,-18.37,cylindrica,1.5089486666666664e-9,39.18459605453426,23,0.5,hermatypic coral,gpp
8_jurriaans2019,shallow,hard,-18.37,cylindrica,1.2806773000000003e-9,39.052727987717724,24,0.5,hermatypic coral,gpp
8_jurriaans2019,shallow,hard,-18.37,cylindrica,1.4049941000000002e-9,38.92174449622782,25,0.5,hermatypic coral,gpp
8_jurriaans2019,shallow,hard,-18.37,cylindrica,8.491408666666667e-10,38.79163670917708,26,0.5,hermatypic coral,gpp
8_jurriaans2019,shallow,hard,-18.37,cylindrica,8.103811666666664e-10,38.66239587389746,27,0.5,hermatypic coral,gpp
8_jurriaans2019,shallow,hard,-18.37,cylindrica,-7.14466666666691e-13,38.53401335397749,28,0.5,hermatypic coral,gpp
8_jurriaans2019,shallow,hard,-18.37,cylindrica,-2.625656499999999e-10,38.40648062733848,29,0.5,hermatypic coral,gpp
8_jurriaans2019,shallow,hard,-18.37,cylindrica,8.566427333333334e-10,38.40648062733848,29,0.5,hermatypic coral,gpp
8_jurriaans2019,shallow,hard,-18.37,cylindrica,-8.695030833333335e-10,38.27978928434875,30,0.5,hermatypic coral,gpp
8_jurriaans2019,shallow,hard,-18.37,cylindrica,-5.915764666666665e-10,38.15393102597508,31,0.5,hermatypic coral,gpp
8_jurriaans2019,shallow,hard,-18.37,cylindrica,-9.763155e-10,38.028897661970575,32,0.5,hermatypic coral,gpp
8_jurriaans2019,shallow,hard,-18.37,cylindrica,-1.1606472999999995e-9,37.9046811090979,33,0.5,hermatypic coral,gpp
8_jurriaans2019,shallow,hard,-18.37,cylindrica,-1.1370699833333333e-9,37.781273389387344,34,0.5,hermatypic coral,gpp
9_jurriaans2019,shallow,hard,-14.4,cylindrica,5.8862433833333334e-9,39.31735768778696,22,0.5,hermatypic coral,gpp
9_jurriaans2019,shallow,hard,-14.4,cylindrica,6.4938082e-9,39.18459605453426,23,0.5,hermatypic coral,gpp
9_jurriaans2019,shallow,hard,-14.4,cylindrica,4.273245333333333e-9,39.052727987717724,24,0.5,hermatypic coral,gpp
9_jurriaans2019,shallow,hard,-14.4,cylindrica,3.8660844666666654e-9,38.92174449622782,25,0.5,hermatypic coral,gpp
9_jurriaans2019,shallow,hard,-14.4,cylindrica,1.3378278499999999e-9,38.79163670917708,26,0.5,hermatypic coral,gpp
9_jurriaans2019,shallow,hard,-14.4,cylindrica,4.2575999e-9,38.66239587389746,27,0.5,hermatypic coral,gpp
9_jurriaans2019,shallow,hard,-14.4,cylindrica,4.092374516666666e-9,38.53401335397749,28,0.5,hermatypic coral,gpp
9_jurriaans2019,shallow,hard,-14.4,cylindrica,3.855914933333334e-9,38.40648062733848,29,0.5,hermatypic coral,gpp
9_jurriaans2019,shallow,hard,-14.4,cylindrica,3.867791233333332e-9,38.27978928434875,30,0.5,hermatypic coral,gpp
9_jurriaans2019,shallow,hard,-14.4,cylindrica,3.812700300000001e-9,38.27978928434875,30,0.5,hermatypic coral,gpp
9_jurriaans2019,shallow,hard,-14.4,cylindrica,3.6731239833333325e-9,38.15393102597508,31,0.5,hermatypic coral,gpp
9_jurriaans2019,shallow,hard,-14.4,cylindrica,1.9824676166666654e-9,38.028897661970575,32,0.5,hermatypic coral,gpp
9_jurriaans2019,shallow,hard,-14.4,cylindrica,2.2793517999999993e-9,37.9046811090979,33,0.5,hermatypic coral,gpp
9_jurriaans2019,shallow,hard,-14.4,cylindrica,-2.4088297166666663e-9,37.781273389387344,34,0.5,hermatypic coral,gpp
1_jurriaans2021,shallow,hard,42.5,caespitosa,8.111909616666666e-9,40.696188397511214,12,0.5,hermatypic coral,gpp
1_jurriaans2021,shallow,hard,42.5,caespitosa,8.493916433333334e-9,40.55396862327563,13,0.5,hermatypic coral,gpp
1_jurriaans2021,shallow,hard,42.5,caespitosa,7.440872866666665e-9,40.41273940989142,14,0.5,hermatypic coral,gpp
1_jurriaans2021,shallow,hard,42.5,caespitosa,6.177774533333333e-9,40.27249044438772,15,0.5,hermatypic coral,gpp
1_jurriaans2021,shallow,hard,42.5,caespitosa,5.3625013000000005e-9,40.1332115564597,16,0.5,hermatypic coral,gpp
1_jurriaans2021,shallow,hard,42.5,caespitosa,5.900074866666667e-9,39.99489271601007,17,0.5,hermatypic coral,gpp
1_jurriaans2021,shallow,hard,42.5,caespitosa,6.116259833333333e-9,39.857524030741274,18,0.5,hermatypic coral,gpp
1_jurriaans2021,shallow,hard,42.5,caespitosa,8.299350549999999e-9,39.857524030741274,18,0.5,hermatypic coral,gpp
1_jurriaans2021,shallow,hard,42.5,caespitosa,4.94703485e-9,39.7210957437971,19,0.5,hermatypic coral,gpp
1_jurriaans2021,shallow,hard,42.5,caespitosa,6.193552333333333e-10,39.58559823145258,20,0.5,hermatypic coral,gpp
1_jurriaans2021,shallow,hard,42.5,caespitosa,2.863535733333333e-9,39.451022000851,21,0.5,hermatypic coral,gpp
1_jurriaans2021,shallow,hard,42.5,caespitosa,1.2394719000000017e-9,39.31735768778696,22,0.5,hermatypic coral,gpp
1_jurriaans2021,shallow,hard,42.5,caespitosa,-3.941039633333333e-9,39.18459605453426,23,0.5,hermatypic coral,gpp
2_jurriaans2021,shallow,hard,42.5,singularis,2.190226866666667e-9,40.696188397511214,12,0.5,hermatypic coral,gpp
2_jurriaans2021,shallow,hard,42.5,singularis,1.9458987833333327e-9,40.55396862327563,13,0.5,hermatypic coral,gpp
2_jurriaans2021,shallow,hard,42.5,singularis,1.3961605666666668e-9,40.41273940989142,14,0.5,hermatypic coral,gpp
2_jurriaans2021,shallow,hard,42.5,singularis,1.1867364666666662e-9,40.27249044438772,15,0.5,hermatypic coral,gpp
2_jurriaans2021,shallow,hard,42.5,singularis,8.813263500000002e-10,40.1332115564597,16,0.5,hermatypic coral,gpp
2_jurriaans2021,shallow,hard,42.5,singularis,2.4432808333333294e-10,39.99489271601007,17,0.5,hermatypic coral,gpp
2_jurriaans2021,shallow,hard,42.5,singularis,5.759162166666674e-10,39.857524030741274,18,0.5,hermatypic coral,gpp
2_jurriaans2021,shallow,hard,42.5,singularis,3.054101166666665e-10,39.857524030741274,18,0.5,hermatypic coral,gpp
2_jurriaans2021,shallow,hard,42.5,singularis,-2.085514833333333e-9,39.7210957437971,19,0.5,hermatypic coral,gpp
2_jurriaans2021,shallow,hard,42.5,singularis,-1.9109947666666662e-9,39.58559823145258,20,0.5,hermatypic coral,gpp
2_jurriaans2021,shallow,hard,42.5,singularis,-4.424083766666667e-9,39.451022000851,21,0.5,hermatypic coral,gpp
2_jurriaans2021,shallow,hard,42.5,singularis,-3.6649214666666664e-9,39.31735768778696,22,0.5,hermatypic coral,gpp
2_jurriaans2021,shallow,hard,42.5,singularis,-4.88656195e-9,39.18459605453426,23,0.5,hermatypic coral,gpp
3_jurriaans2021,shallow,hard,-25,intermedia,6.465968583333333e-9,39.31735768778696,22,0.5,hermatypic coral,gpp
3_jurriaans2021,shallow,hard,-25,intermedia,5.575916233333334e-9,39.18459605453426,23,0.5,hermatypic coral,gpp
3_jurriaans2021,shallow,hard,-25,intermedia,3.11518325e-9,39.052727987717724,24,0.5,hermatypic coral,gpp
3_jurriaans2021,shallow,hard,-25,intermedia,4.3717277499999994e-9,38.92174449622782,25,0.5,hermatypic coral,gpp
3_jurriaans2021,shallow,hard,-25,intermedia,1.7539267000000006e-9,38.79163670917708,26,0.5,hermatypic coral,gpp
3_jurriaans2021,shallow,hard,-25,intermedia,1.91099475e-9,38.66239587389746,27,0.5,hermatypic coral,gpp
3_jurriaans2021,shallow,hard,-25,intermedia,-2.8795811666666635e-10,38.53401335397749,28,0.5,hermatypic coral,gpp
3_jurriaans2021,shallow,hard,-25,intermedia,1.7539266999999995e-9,38.53401335397749,28,0.5,hermatypic coral,gpp
3_jurriaans2021,shallow,hard,-25,intermedia,-3.403141333333331e-10,38.40648062733848,29,0.5,hermatypic coral,gpp
3_jurriaans2021,shallow,hard,-25,intermedia,1.3089005166666666e-9,38.27978928434875,30,0.5,hermatypic coral,gpp
3_jurriaans2021,shallow,hard,-25,intermedia,8.638743499999999e-10,38.15393102597508,31,0.5,hermatypic coral,gpp
3_jurriaans2021,shallow,hard,-25,intermedia,2.0680628333333327e-9,38.028897661970575,32,0.5,hermatypic coral,gpp
4_jurriaans2021,shallow,hard,-25,cylindrica,7.979228449999999e-9,39.31735768778696,22,0.5,hermatypic coral,gpp
4_jurriaans2021,shallow,hard,-25,cylindrica,8.181330016666667e-9,39.18459605453426,23,0.5,hermatypic coral,gpp
4_jurriaans2021,shallow,hard,-25,cylindrica,6.358998766666666e-9,39.052727987717724,24,0.5,hermatypic coral,gpp
4_jurriaans2021,shallow,hard,-25,cylindrica,6.073054349999999e-9,38.92174449622782,25,0.5,hermatypic coral,gpp
4_jurriaans2021,shallow,hard,-25,cylindrica,4.4607574e-9,38.79163670917708,26,0.5,hermatypic coral,gpp
4_jurriaans2021,shallow,hard,-25,cylindrica,6.268443599999999e-9,38.66239587389746,27,0.5,hermatypic coral,gpp
4_jurriaans2021,shallow,hard,-25,cylindrica,6.575867416666666e-9,38.53401335397749,28,0.5,hermatypic coral,gpp
4_jurriaans2021,shallow,hard,-25,cylindrica,6.820805733333333e-9,38.53401335397749,28,0.5,hermatypic coral,gpp
4_jurriaans2021,shallow,hard,-25,cylindrica,1.1420813033333334e-8,38.40648062733848,29,0.5,hermatypic coral,gpp
4_jurriaans2021,shallow,hard,-25,cylindrica,5.654328233333333e-9,38.27978928434875,30,0.5,hermatypic coral,gpp
4_jurriaans2021,shallow,hard,-25,cylindrica,2.6801645166666663e-9,38.15393102597508,31,0.5,hermatypic coral,gpp
4_jurriaans2021,shallow,hard,-25,cylindrica,5.326767466666665e-9,38.028897661970575,32,0.5,hermatypic coral,gpp
4_jurriaans2021,shallow,hard,-25,cylindrica,-1.3123177000000004e-9,37.9046811090979,33,0.5,hermatypic coral,gpp
1_jurriaans2020,shallow,hard,-18,valenciennesi,9.741248166666666e-10,39.7210957437971,19,0.5,hermatypic coral,gpp
1_jurriaans2020,shallow,hard,-18,valenciennesi,1.5829528166666666e-9,39.58559823145258,20,0.5,hermatypic coral,gpp
1_jurriaans2020,shallow,hard,-18,valenciennesi,2.252663616666667e-9,39.451022000851,21,0.5,hermatypic coral,gpp
1_jurriaans2020,shallow,hard,-18,valenciennesi,5.02283105e-9,39.31735768778696,22,0.5,hermatypic coral,gpp
1_jurriaans2020,shallow,hard,-18,valenciennesi,5.3881278666666655e-9,39.18459605453426,23,0.5,hermatypic coral,gpp
1_jurriaans2020,shallow,hard,-18,valenciennesi,5.357686466666666e-9,39.052727987717724,24,0.5,hermatypic coral,gpp
1_jurriaans2020,shallow,hard,-18,valenciennesi,6.575342466666666e-9,39.052727987717724,24,0.5,hermatypic coral,gpp
1_jurriaans2020,shallow,hard,-18,valenciennesi,6.697108066666665e-9,38.92174449622782,25,0.5,hermatypic coral,gpp
1_jurriaans2020,shallow,hard,-18,valenciennesi,5.72298325e-9,38.79163670917708,26,0.5,hermatypic coral,gpp
1_jurriaans2020,shallow,hard,-18,valenciennesi,4.38356165e-9,38.66239587389746,27,0.5,hermatypic coral,gpp
1_jurriaans2020,shallow,hard,-18,valenciennesi,2.1308980166666665e-9,38.53401335397749,28,0.5,hermatypic coral,gpp
1_jurriaans2020,shallow,hard,-18,valenciennesi,7.914764166666667e-10,38.40648062733848,29,0.5,hermatypic coral,gpp
1_jurriaans2020,shallow,hard,-18,valenciennesi,-2.739726166666664e-10,38.27978928434875,30,0.5,hermatypic coral,gpp
1_jurriaans2020,shallow,hard,-18,valenciennesi,9.132419999999993e-11,38.15393102597508,31,0.5,hermatypic coral,gpp
2_jurriaans2020,shallow,hard,-18,valenciennesi,3.3789954333333337e-9,39.18459605453426,23,0.5,hermatypic coral,gpp
2_jurriaans2020,shallow,hard,-18,valenciennesi,3.287671216666666e-9,39.052727987717724,24,0.5,hermatypic coral,gpp
2_jurriaans2020,shallow,hard,-18,valenciennesi,3.2267884333333327e-9,38.92174449622782,25,0.5,hermatypic coral,gpp
2_jurriaans2020,shallow,hard,-18,valenciennesi,3.2267884166666666e-9,38.79163670917708,26,0.5,hermatypic coral,gpp
2_jurriaans2020,shallow,hard,-18,valenciennesi,3.0441400166666667e-9,38.66239587389746,27,0.5,hermatypic coral,gpp
2_jurriaans2020,shallow,hard,-18,valenciennesi,2.678843233333333e-9,38.53401335397749,28,0.5,hermatypic coral,gpp
2_jurriaans2020,shallow,hard,-18,valenciennesi,2.7397260166666665e-9,38.40648062733848,29,0.5,hermatypic coral,gpp
2_jurriaans2020,shallow,hard,-18,valenciennesi,2.800608833333333e-9,38.40648062733848,29,0.5,hermatypic coral,gpp
2_jurriaans2020,shallow,hard,-18,valenciennesi,3.5312024333333334e-9,38.27978928434875,30,0.5,hermatypic coral,gpp
2_jurriaans2020,shallow,hard,-18,valenciennesi,3.2876712333333327e-9,38.15393102597508,31,0.5,hermatypic coral,gpp
2_jurriaans2020,shallow,hard,-18,valenciennesi,2.4961948333333336e-9,38.028897661970575,32,0.5,hermatypic coral,gpp
2_jurriaans2020,shallow,hard,-18,valenciennesi,1.8873668166666666e-9,37.9046811090979,33,0.5,hermatypic coral,gpp
2_jurriaans2020,shallow,hard,-18,valenciennesi,-7.305936166666665e-10,37.781273389387344,34,0.5,hermatypic coral,gpp
3_jurriaans2020,shallow,hard,-18,cylindrica,4.5852187e-9,39.7210957437971,19,0.5,hermatypic coral,gpp
3_jurriaans2020,shallow,hard,-18,cylindrica,4.736048266666667e-9,39.58559823145258,20,0.5,hermatypic coral,gpp
3_jurriaans2020,shallow,hard,-18,cylindrica,4.615384616666666e-9,39.451022000851,21,0.5,hermatypic coral,gpp
3_jurriaans2020,shallow,hard,-18,cylindrica,3.3785822e-9,39.31735768778696,22,0.5,hermatypic coral,gpp
3_jurriaans2020,shallow,hard,-18,cylindrica,5.429864249999999e-9,39.18459605453426,23,0.5,hermatypic coral,gpp
3_jurriaans2020,shallow,hard,-18,cylindrica,5.490196083333334e-9,39.052727987717724,24,0.5,hermatypic coral,gpp
3_jurriaans2020,shallow,hard,-18,cylindrica,4.46455505e-9,39.052727987717724,24,0.5,hermatypic coral,gpp
3_jurriaans2020,shallow,hard,-18,cylindrica,4.766214166666666e-9,38.92174449622782,25,0.5,hermatypic coral,gpp
3_jurriaans2020,shallow,hard,-18,cylindrica,1.9004525e-9,38.79163670917708,26,0.5,hermatypic coral,gpp
3_jurriaans2020,shallow,hard,-18,cylindrica,3.770739066666666e-9,38.66239587389746,27,0.5,hermatypic coral,gpp
3_jurriaans2020,shallow,hard,-18,cylindrica,2.77526395e-9,38.53401335397749,28,0.5,hermatypic coral,gpp
3_jurriaans2020,shallow,hard,-18,cylindrica,1.2066365e-9,38.40648062733848,29,0.5,hermatypic coral,gpp
3_jurriaans2020,shallow,hard,-18,cylindrica,1.6892911e-9,38.27978928434875,30,0.5,hermatypic coral,gpp
3_jurriaans2020,shallow,hard,-18,cylindrica,9.653091999999998e-10,38.15393102597508,31,0.5,hermatypic coral,gpp
4_jurriaans2020,shallow,hard,-18,cylindrica,3.438914033333333e-9,39.18459605453426,23,0.5,hermatypic coral,gpp
4_jurriaans2020,shallow,hard,-18,cylindrica,3.3484163000000004e-9,39.052727987717724,24,0.5,hermatypic coral,gpp
4_jurriaans2020,shallow,hard,-18,cylindrica,3.6802413166666666e-9,38.92174449622782,25,0.5,hermatypic coral,gpp
4_jurriaans2020,shallow,hard,-18,cylindrica,3.1372549e-9,38.79163670917708,26,0.5,hermatypic coral,gpp
4_jurriaans2020,shallow,hard,-18,cylindrica,3.1372549e-9,38.66239587389746,27,0.5,hermatypic coral,gpp
4_jurriaans2020,shallow,hard,-18,cylindrica,2.413273e-9,38.53401335397749,28,0.5,hermatypic coral,gpp
4_jurriaans2020,shallow,hard,-18,cylindrica,2.3831071e-9,38.40648062733848,29,0.5,hermatypic coral,gpp
4_jurriaans2020,shallow,hard,-18,cylindrica,3.0769230833333334e-9,38.40648062733848,29,0.5,hermatypic coral,gpp
4_jurriaans2020,shallow,hard,-18,cylindrica,1.3876319833333336e-9,38.27978928434875,30,0.5,hermatypic coral,gpp
4_jurriaans2020,shallow,hard,-18,cylindrica,1.7194570166666668e-9,38.15393102597508,31,0.5,hermatypic coral,gpp
4_jurriaans2020,shallow,hard,-18,cylindrica,1.8401206666666666e-9,38.028897661970575,32,0.5,hermatypic coral,gpp
4_jurriaans2020,shallow,hard,-18,cylindrica,1.8401206666666666e-9,37.9046811090979,33,0.5,hermatypic coral,gpp
4_jurriaans2020,shallow,hard,-18,cylindrica,1.2669683166666664e-9,37.781273389387344,34,0.5,hermatypic coral,gpp
1_zelli2023,shallow,soft,0,flava,-4.08997955e-9,38.79163670917708,26,0,soft coral,gpp
2_zelli2023,shallow,soft,0,flava,4.08997955e-9,38.79163670917708,26,0.285714286,soft coral,gpp
1_zelli2023,shallow,soft,0,flava,-1.8268575333333332e-8,38.53401335397749,28,0,soft coral,gpp
2_zelli2023,shallow,soft,0,flava,8.179959166666677e-10,38.53401335397749,28,0.285714286,soft coral,gpp
1_zelli2023,shallow,soft,0,flava,-6.816632583333333e-9,38.27978928434875,30,0,soft coral,gpp
2_zelli2023,shallow,soft,0,flava,-5.453306e-10,38.27978928434875,30,0.285714286,soft coral,gpp
1_zelli2023,shallow,soft,0,flava,-4.1717791416666663e-8,38.028897661970575,32,0,soft coral,gpp
2_zelli2023,shallow,soft,0,flava,-2.263122018333333e-8,38.028897661970575,32,0.285714286,soft coral,gpp
1_puntin2023,shallow,hard,22.3054,fascicularis,2.4536687500000003e-9,39.42287716248921,21.21,1.2,hermatypic coral,gpp
1_puntin2023,shallow,hard,22.3054,fascicularis,-1.9931979166666728e-10,39.17269147161195,23.09,1.2,hermatypic coral,gpp
1_puntin2023,shallow,hard,22.3054,fascicularis,-4.0862135416666684e-10,39.05667111453393,23.97,1.2,hermatypic coral,gpp
1_puntin2023,shallow,hard,22.3054,fascicularis,-2.3907812499999957e-11,38.994986799120674,24.44,1.2,hermatypic coral,gpp
1_puntin2023,shallow,hard,22.3054,fascicularis,-3.547049479166667e-9,38.90869445616202,25.1,1.2,hermatypic coral,gpp
1_puntin2023,shallow,hard,22.3054,fascicularis,-5.1033031250000005e-9,38.76054017018044,26.24,1.2,hermatypic coral,gpp
1_puntin2023,shallow,hard,22.3054,fascicularis,-7.722459895833333e-9,38.643083987846566,27.15,1.2,hermatypic coral,gpp
1_puntin2023,shallow,hard,22.3054,fascicularis,-5.336946354166666e-9,38.52377957557456,28.08,1.2,hermatypic coral,gpp
1_puntin2023,shallow,hard,22.3054,fascicularis,-8.664052083333334e-9,38.26969007535641,30.08,1.2,hermatypic coral,gpp
1_puntin2023,shallow,hard,22.3054,fascicularis,-1.1688229687500001e-8,38.01643938263824,32.1,1.2,hermatypic coral,gpp
1_rodolfo-metalpa2014,shallow,hard,44.19,patagonica,-0.05948483398333334,39.58559823145258,20,0.857142857,hermatypic coral,gpp
1_rodolfo-metalpa2014,shallow,hard,44.19,patagonica,-0.13684584538333333,39.31735768778696,22,0.857142857,hermatypic coral,gpp
1_rodolfo-metalpa2014,shallow,hard,44.19,patagonica,-0.17717646673333334,39.052727987717724,24,0.857142857,hermatypic coral,gpp
1_rodolfo-metalpa2014,shallow,hard,44.19,patagonica,-0.18461626313333332,38.79163670917708,26,0.857142857,hermatypic coral,gpp
1_rodolfo-metalpa2014,shallow,hard,44.19,patagonica,-0.15320922795,38.53401335397749,28,0.857142857,hermatypic coral,gpp
1_rodolfo-metalpa2014,shallow,hard,44.19,patagonica,-0.09542662808333334,38.27978928434875,30,0.857142857,hermatypic coral,gpp
1_rodolfo-metalpa2014,shallow,hard,44.19,patagonica,-0.09367998000000001,38.028897661970575,32,0.857142857,hermatypic coral,gpp
3_rodolfo-metalpa2014,shallow,hard,38.2,patagonica,-0.030063291133333333,39.58559823145258,20,0.857142857,hermatypic coral,gpp
3_rodolfo-metalpa2014,shallow,hard,38.2,patagonica,-0.1195659123,39.31735768778696,22,0.857142857,hermatypic coral,gpp
3_rodolfo-metalpa2014,shallow,hard,38.2,patagonica,-0.13965605421666666,39.052727987717724,24,0.857142857,hermatypic coral,gpp
3_rodolfo-metalpa2014,shallow,hard,38.2,patagonica,-0.15125942971666667,38.79163670917708,26,0.857142857,hermatypic coral,gpp
3_rodolfo-metalpa2014,shallow,hard,38.2,patagonica,-0.1140359289,38.53401335397749,28,0.857142857,hermatypic coral,gpp
3_rodolfo-metalpa2014,shallow,hard,38.2,patagonica,-0.09880450071666667,38.27978928434875,30,0.857142857,hermatypic coral,gpp
5_rodolfo-metalpa2014,shallow,hard,37.34,patagonica,-0.03922629658333333,39.58559823145258,20,0.857142857,hermatypic coral,gpp
5_rodolfo-metalpa2014,shallow,hard,37.34,patagonica,-0.07300420168333334,39.31735768778696,22,0.857142857,hermatypic coral,gpp
5_rodolfo-metalpa2014,shallow,hard,37.34,patagonica,-0.08875519905,39.052727987717724,24,0.857142857,hermatypic coral,gpp
5_rodolfo-metalpa2014,shallow,hard,37.34,patagonica,-0.13817269331666665,38.79163670917708,26,0.857142857,hermatypic coral,gpp
5_rodolfo-metalpa2014,shallow,hard,37.34,patagonica,-0.07117922926666667,38.53401335397749,28,0.857142857,hermatypic coral,gpp
5_rodolfo-metalpa2014,shallow,hard,37.34,patagonica,-0.14097381376666665,38.27978928434875,30,0.857142857,hermatypic coral,gpp
5_rodolfo-metalpa2014,shallow,hard,37.34,patagonica,-0.0936836856,38.028897661970575,32,0.857142857,hermatypic coral,gpp
7_rodolfo-metalpa2014,shallow,hard,32.3,patagonica,-0.0596443521,39.58559823145258,20,0.857142857,hermatypic coral,gpp
7_rodolfo-metalpa2014,shallow,hard,32.3,patagonica,-0.07556649045,39.31735768778696,22,0.857142857,hermatypic coral,gpp
7_rodolfo-metalpa2014,shallow,hard,32.3,patagonica,-0.12323934176666668,39.052727987717724,24,0.857142857,hermatypic coral,gpp
7_rodolfo-metalpa2014,shallow,hard,32.3,patagonica,-0.12337132243333332,38.79163670917708,26,0.857142857,hermatypic coral,gpp
7_rodolfo-metalpa2014,shallow,hard,32.3,patagonica,-0.13498853096666666,38.53401335397749,28,0.857142857,hermatypic coral,gpp
7_rodolfo-metalpa2014,shallow,hard,32.3,patagonica,-0.11878343833333332,38.27978928434875,30,0.857142857,hermatypic coral,gpp
7_rodolfo-metalpa2014,shallow,hard,32.3,patagonica,-0.08032808578333334,38.028897661970575,32,0.857142857,hermatypic coral,gpp
